CREATE DATABASE  IF NOT EXISTS `useraddress` /*!40100 DEFAULT CHARACTER SET utf8 */ /*!80016 DEFAULT ENCRYPTION='N' */;
USE `useraddress`;
-- MySQL dump 10.13  Distrib 8.0.17, for macos10.14 (x86_64)
--
-- Host: localhost    Database: useraddress
-- ------------------------------------------------------
-- Server version	8.0.17

/*!40101 SET @OLD_CHARACTER_SET_CLIENT=@@CHARACTER_SET_CLIENT */;
/*!40101 SET @OLD_CHARACTER_SET_RESULTS=@@CHARACTER_SET_RESULTS */;
/*!40101 SET @OLD_COLLATION_CONNECTION=@@COLLATION_CONNECTION */;
/*!50503 SET NAMES utf8 */;
/*!40103 SET @OLD_TIME_ZONE=@@TIME_ZONE */;
/*!40103 SET TIME_ZONE='+00:00' */;
/*!40014 SET @OLD_UNIQUE_CHECKS=@@UNIQUE_CHECKS, UNIQUE_CHECKS=0 */;
/*!40014 SET @OLD_FOREIGN_KEY_CHECKS=@@FOREIGN_KEY_CHECKS, FOREIGN_KEY_CHECKS=0 */;
/*!40101 SET @OLD_SQL_MODE=@@SQL_MODE, SQL_MODE='NO_AUTO_VALUE_ON_ZERO' */;
/*!40111 SET @OLD_SQL_NOTES=@@SQL_NOTES, SQL_NOTES=0 */;

--
-- Table structure for table `userinfo`
--

DROP TABLE IF EXISTS `userinfo`;
/*!40101 SET @saved_cs_client     = @@character_set_client */;
/*!50503 SET character_set_client = utf8mb4 */;
CREATE TABLE `userinfo` (
  `seqno` int(11) NOT NULL AUTO_INCREMENT,
  `name` varchar(45) DEFAULT NULL,
  `telno` varchar(45) DEFAULT NULL,
  `address` varchar(45) DEFAULT NULL,
  `email` varchar(45) DEFAULT NULL,
  `relation` varchar(100) DEFAULT NULL,
  PRIMARY KEY (`seqno`),
  UNIQUE KEY `seqno_UNIQUE` (`seqno`)
) ENGINE=InnoDB AUTO_INCREMENT=12 DEFAULT CHARSET=utf8;
/*!40101 SET character_set_client = @saved_cs_client */;

--
-- Dumping data for table `userinfo`
--

LOCK TABLES `userinfo` WRITE;
/*!40000 ALTER TABLE `userinfo` DISABLE KEYS */;
INSERT INTO `userinfo` VALUES (1,'홍길동','010-1111-2222','서울시 서초구 ','hkd@naver.com','테스트용'),(2,'유비','010-222-3333','경기도 고양시','yb@naver.com','초등친구'),(3,'제임스','010-1111-1111','경기도 안산시 단원구','james@naver.com','중등친구, 회사친구'),(4,'Kenny','111-222','전주광역시','kenny@naver.com','고등친구, 술친구'),(5,'Kathy','010-1111-1111','서울시 강남구','kathy@naver.com','여자친구, 술친구, 고등동창'),(6,'관우','010-777-888','강원도 속초시','kw@naver.com','헬쓰친구'),(7,'초선','111-333','제주도 제주시','cs@naver.com','초등친구, 군사수'),(8,'aaa','aaa','aaa','aaa','테스트용'),(9,'bbb','bbb','bbb','bbb','테스트용');
/*!40000 ALTER TABLE `userinfo` ENABLE KEYS */;
UNLOCK TABLES;

--
-- Table structure for table `userinfo2`
--

DROP TABLE IF EXISTS `userinfo2`;
/*!40101 SET @saved_cs_client     = @@character_set_client */;
/*!50503 SET character_set_client = utf8mb4 */;
CREATE TABLE `userinfo2` (
  `seqno` int(10) unsigned NOT NULL AUTO_INCREMENT,
  `name` varchar(45) DEFAULT NULL,
  `telno` varchar(45) DEFAULT NULL,
  `address` varchar(45) DEFAULT NULL,
  `email` varchar(45) DEFAULT NULL,
  `relation` varchar(100) DEFAULT NULL,
  `file` longblob,
  PRIMARY KEY (`seqno`),
  UNIQUE KEY `seqno_UNIQUE` (`seqno`)
) ENGINE=InnoDB AUTO_INCREMENT=8 DEFAULT CHARSET=utf8;
/*!40101 SET character_set_client = @saved_cs_client */;

--
-- Dumping data for table `userinfo2`
--

LOCK TABLES `userinfo2` WRITE;
/*!40000 ALTER TABLE `userinfo2` DISABLE KEYS */;
INSERT INTO `userinfo2` VALUES (2,'유비','010-1111-1111','서울시 강남구 역삼동','yubee@naver.com','고등친구',_binary '\\\0JFIF\0\0\0H\0H\0\0\\0Exif\0\0MM\0*\0\0\0\0\0\0\0\0\0\0\0\Z\0\0\0\0\0\0\0J\0\0\0\0\0\0\0R(\0\0\0\0\0\0\0i\0\0\0\0\0\0\0Z\0\0\0\0\0\0\0H\0\0\0\0\0\0H\0\0\0\0\0\0\0\0\0\0\0\0\0\0\0\0\0\0נ\0\0\0\0\0\0\0p\0\0\0\0\\08Photoshop 3.0\08BIM\0\0\0\0\0\08BIM%\0\0\0\0\0\ُ\0\	\B~\0\0p\0\\"\0\\0\0\0\0\0\0\0\0\0\0\0	\n\\0\0\0\0}\0!1AQa\"q2#BR\$3br	\n\Z%&\'()*456789:CDEFGHIJSTUVWXYZcdefghijstuvwxyz\\\\\\\\\\\\\\\\\\\\\\\\\\\\\\0\0\0\0\0\0\0\0	\n\\0\0\0w\0!1AQaq\"2B	#3Rbr\\n$4\%\Z&\'()*56789:CDEFGHIJSTUVWXYZcdefghijstuvwxyz\\\\\\\\\\\\\\\\\\\\\\\\\\\\\0C\0	 * 1!1\'&)+:.0 ?83.7(..+\\0C\n\n\n\r-&%++51+-5-7+7----+--8.7767//.-0+-/-/0+5-/---./++.--/\\0\0\\0\0\0?\0\Z(\n(\n(\n(\\0:9\\\yA\#4\f.	*W\p;Һz*\܌J8ou=	\)QE\0QE\0QE\0QE\0QE\0QE\0QE\\Z(\n(\nCKHhq\J\\U9?[u\\>GҪ\\0F\0\[\{㯭D\Z3D^ݟjHP1f\\\0\\H\Z-pRS\rwz~Unk0B \' q\)\\r\1$g8\%{\ $\\0t\'tR/yJ\1h (\0\\\\\0-Q@Q@Q@Q@Q@\\Z(\n(\n(\n(\Z\(\ީ#5\Y\Brv\u\\~b\hR8\ȡ\0E%\@,J1⁢\zDG\HA~df~~R	\8i\8ەlt\\\\QY\lP<\$#.Q\\\ZK~F=c ~w}<GiPK\\tGS$9eVS`Ok\Z\fҸ*er\Z\cw8@\{n\[Qƹڊ\FhA\luEv\s\Puf\0\Б^]=ee/,\Y\S\\0\\ۺ\\\\\\:ɜ\x;B؛w%l[*3\\h\\ܲb=\\\uH#I3\\?}I-@\[*\yĒ\e?$\\-鷭$L\&BI$QAsQZuX\\\D\dL\%ۻFpHG^kbQ@Q@Q@Q@\\Z(\n(\n(\n(\Z\gUQ+6LQW)\ZB9$\@\W5vMprPA*H\Gbm7e\\nqG`\@R;n\0Y\n \(D\0\bܟ{\\\Ux?j\ݠ󼼣y\$\\E\nd(\0{S.4\\\\@˄R\\s\Vm\:u{\u>|XB\`]ܲ9\~5v\\\ʀ6W;$O\zt9^\\M*ŭΧ\d\n@`=vGu\\!0\ێk6u-$:9\Vc\np\0\0\.r\0q\\\\Z03HNь:pbŋ9\\'\\\\j-b5Umw\HbWn\Rxޓ\\\\\R\:\t\\\I\0\H\q\V<JcXX\	\ŤoŻ\ \\[wdpH5\J\+HJ6K\'\rdr\X)\bs\bc8<`ZѷYr:#4@2\\649U\0\oRp\']\'1=-PEPEPEP\\Z(\n(\n(\n(\n\\.&\"6\\\A݌*\O:k n^\\-͍\\,\S\Vl\\lжcB8 \un\\H<b\*;:CnEH\"2\\_ARU\rJF1.1O_P9\8\\\\'\s $bW8w\\\\\\WA@jQ\\\AU~n9?N\"ġKgyv\ro;~|\\\)@Ţ(\0(\0(\0(\0(\\Z(\n(\n(\n(\n(\n\Ԣ2nU\) )<o\$bi(*svg\\Ĩ+4\7\\>[+\`\j1cb1n\r쮘UUB͵P\X\'ql\\<\У\0QE\0QE\0QE\0QE\0QE\0QE\\Z(\n(\n(\n(\n(\n(\n(\n(\n(\n(\n(\n(\n(\n(?\'),(3,'관우','010-2222-2222','경기도 고양시','kw@naver.com','술친구',_binary 'PNG\r\n\Z\n\0\0\0\rIHDR\0\0\0\\0\0\0p\0\0\0d\\\0\0\0sRGB\0\\\0\0\0eXIfMM\0*\0\0\0\0\0\0\0\0\0\0\0\Z\0\0\0\0\0\0\0J\0\0\0\0\0\0\0R(\0\0\0\0\0\0\0i\0\0\0\0\0\0\0Z\0\0\0\0\0\0\0\0\0\0\0\0\0\0\0\0\0\0\0\0\0\0\0\0\0\0\0\0\0\0\0נ\0\0\0\0\0\0\0p\0\0\0\0i\0\0\0	pHYs\0\0\0\0g\R\0\0YiTXtXML:com.adobe.xmp\0\0\0\0\0<x:xmpmeta xmlns:x=\"adobe:ns:meta/\" x:xmptk=\"XMP Core 5.4.0\">\n   <rdf:RDF xmlns:rdf=\"http://www.w3.org/1999/02/22-rdf-syntax-ns#\">\n      <rdf:Description rdf:about=\"\"\n            xmlns:tiff=\"http://ns.adobe.com/tiff/1.0/\">\n         <tiff:Orientation>1</tiff:Orientation>\n      </rdf:Description>\n   </rdf:RDF>\n</x:xmpmeta>\nL\\'Y\0\0@\0IDATx\]eν\{d&^&HED,(u\u\\\Z~k]]\.\"V$I&\L2\|\37!(\\79s\=<\ӟ\}O,OёrG p\!?\5@ @\qA#x p\"\8G\)\j@\q#x P\jЈqd\\EэP(\\Jׁ\ɽ\\2՘\\e\\p=)1uUׁ\ak5v$\\a9*Dχ?f~\\_3m+<HƄo>(9*\{}<\\#_G$ס@\Oܛ\\RƠ\]\ZT\"^\fUE\!a\')N\2PK\\H,\';\\\rEq5\7V\䕇\\fBp%>B\\	\YH+	^{\i 5\"\\3_vU\D\vĂʇ\3~\\\\\}P*&\:\D}\\jv\YY#ez9B\\G?7aM\W_%ZVZXE>\\\ЙKOW\r06u\r~?-(zA\,P<@\ЗnU6\+_=a\n\rAŏPՓhFTv\1JyN7\Z\hYۉ캯g\'X\R!DBp3`䶝lt\9\\\)]ۉu.-U6\=/P\\YyM,&\'\'y\==RG$סB\reObjm!}_8Z*)dp^pOu\QgJq5E\D\	V1$\\^}ktTu2U\\WU%U\\;\\jKQmmm0\S\\7=\"üZ:dT3\xA]*KkxbD\'\\\\k~?]ãڽGnҾ}DQ@\БT\-ď\;\\Xw~9v*dy\\Zԫ[O\IO\Ĥwui\\\Z\@v\ܩ\\\\~\ҟӋ\\b;\"2S\%\f\'hB]vWt\\~\`VeJ%\\\k\Q\n\V^\\v\\\U/\\|0\'i0g0ko.2-o\\\U*׺t\^\z\\\\`vY#4.B\wR\O\\G\h\\4\<\>+\0\^/S)Mo\\\=	#p>DA׼^p\RG6޵^c\\Jwh\\n \ryP*6:0-y\\#lW\Z\\HUr(y\q\W<Pgww\UJlŞ\7\-{tE\\[־ʤ\' <\\\\>%ɿJ\8~؎\\yyΧo\Z[\͛A\n=\i1K(\awu\ouw2\4Oe\%q\\\`јv\\\]+I-0\n3\"QsPS\!\j\,6I#4q@\z.Zq\ZjU\f\"\	\F8>R\\f\a:\\r\\\\ \"ǌv\r#-p\$C\0뜉\\.g`Og,H*\+o\Z\>U\CwWMv+\)=8w\\[\Z{ri\ZͲ\\8iaK 5ĭb\\0\\6\-J:ǛOiO/ROf\n{7\3%e%RaX}-b]F3cͫ@\\~f\+M5-?\".(orD׭Qwo\"`R\\n3h-{ʒoo\'/1\s\c}\ֻT\k\kWi\\\\\\ri0{8\\\^oZ:(\r\N}\S5fu\]g\9\z㿼U\[\\\\?SNX\{5\\jێ\uuuR,v\^sg6=_i}\t\\;`\:JrZX1W/:\t-lX\\=QQ>6V<wW+>wh&_\\YӫW^ڗ\Mɖ\e2a\=eA%\[\}R7v^hkMV]u㝷\\K3?_5\\\\tqU2\\rWX\\~]|P\\0p9$\*\8\`WoO&\hl\ڼym݊\l	bUpjh |\ь\xڱEW\#}p\R*\Z\.ԚM\\'/o%}+E\\0\a\ߓ\%\̚&4e)5Jɪ\"堠/\^_\U\\\\EK\Ђ\H+ ld\L8܌w:cS\"\\ՍNl\R\\Zuۖu\/U1ys\\)HS\\.s\\Z=EcM&W\n%T\\YZU)b*\\y@)\n3{qp~ttL=WkYɷ\֪۟j\P~s}\o,\i	޵kn\\s\ﰔ g\-#73ɑ	%\\i\+OB],z_\ԽO\\nEMo~\R\_R\\\'T5IϪjVQlR^^]\:u\JU\R\\&\\"& >۫As\㑨ߗ3R\Z\7\\1]B\\J\nMViV4\.\\0\\(ӷo\\μ\!穪*t&\"\0\"5\~F\2\vwZlnn~pXh[ݻg=\m?\G\H뤚6\S\Z\\A\\\?E\}\t\Q\'j|t\\=8^C?\\0\.)))\g\C5TYm3jZ\[Q}-	{\\Z\0)J5I˚.[Jo\G$A<%p@hS0\\WEu>y\\'Ե}bIuݰA\'\\{6\\e\ȶ\Wk\TE.^jx\v}<kڙY\ؕU zAYpCa\\*:|\b\m5cƌ\Ȱ\rT(?\Oד\\{\On|H\Ҋ\Vu6@\\\\\>y\\}=y\\އ׺\r[C#\G400Y0^;\\\msO+\2rXO/+)\\mL\j\=;UW\nw\\\cʢWGj\w\"*\I,(\'9A\\DA&T\Zq҈p\\\G<1\+P\N^lv\\׽W,\vCZ\}:բ\\\\~*5\wB\J\al=u\̓\\qa3\bH8\ee\!\D\\_\\_&2%An\"(k]g>귿֫\yN]yZ+4Bm{@\rC\zK\\~Pg=\7.~\J\ڶi!<D\\J\"m뼬\n\r?\\1l`\\'OА\1٘\"n\lm׿]z\Yg\{?.y\$M<c$񱼪KLRVmYZZZ\\ШTஓTb\\S	q\\p\ib\^/]\=\{Θ\\kU\w77\wgCAz\A<H\'N+\ܹsUL\\!c\/@H\/>!VAD_\GMLÃ/+\*\\ԥ\\be\9[u\coN8j9J36YO)Y^V:\0`f\\\\0Z~\}\QN\\S|\".\\"͂\z\\\\P\G\\\:ꤓTJj\VDkn\lZj*̅\'iq\1H\JCɠ\"2\\X\e\B|\\y\I\\\|.\\䬅\ǩ\U\TRx\B\AR\ZGY<HDkhh\\\Г%6\M\\#\F\\S\ɺE\cz_\s/]ڜо\r۔C\\Z\\\\QbMM,FҒ4YE$\(\\ڵ\\\SHp\\\K\\D1\K\kZֹXZ}/{6p\\jV\\'^SiQTD\\\dnY\A\T0W1h7OYp(\?\Rm\\\VF^陯\3f-7o`Չe!\\"\ms\\	\SBpJȜ!@̊\5[\jɩ\Lf.\V>\"\v2\N\\\k\\pX\Mwm9|\\Sꁨd&j\\_<\\~d\\'.\>0M\U\\U\g͆Ίi\&]\긥\\/VwcZ\b\\\\Ҏ\*\\(\\X~;\p}	K-Lc\\Dn\T\z\g/8A\r\Z\\Z\=]$D	2гɩ^Ibh9\\!p\|ztmѭܬ^\Z]r\\n!&W	s\\\!\\̃\v\\Y\\M\\g\\7\/fvY\I3%g\,1r:L}\SWV\r!\0m:<\0z \0x\0Bp\\1K\5\Tfh\#RbTԘ\͛V{JW\r?lV\p\\Y\T\+qmy:\\\;澄{2\Q\j=\\d\"}ѵmO\\=C\7jh[xQ\\"\`\Z\̍\Mjkm\-_\\7\8\0\n`1\\_\E[߹BpF,\\\m*jkW8\L=\\'\0-%ƑWi,eU\\PS{\r\\\ZVq8B0\\8q!\h\	\\l\\\\\iG\\\n<WYUZbE)4A\:ݲz\\~\N\T\Df)^;\j\\T$U5|Dq{\\o\\t\_RjnΙK7\\7,}w.JJ\<Em--	)HC=\|L\\s\j\һ_j\\\U\҄\_DM\8C\#6\\\gj\\\\5c%ڱo7R8F\@߼A=\7D&O\jH\\\=\\)\*̅\\\\[Xۨ}N;\t5T\W_v\wiJ	u&۴9;/m\̩X\1Y\3\t\9?F#\4TUT\\\fX\KGո/ųR\\\\ٵCp\ʊ\\nv\\RfxGX\p\ot\A+\W=h-j)P\8P\[U\ZUfGUu\J*ey\b_	0W* JTCK\\lP?\lC\5!&\<\98K\\З5}3ߒU%\\U 9:\\,u%QZr\:\Y\\\\CGAضT;|3\JD\x\\\\\cN\\7T\I}}o;5\hҶT;\bgan\X/b2\}8A.W=ïpga\\P\\j1Xz\nOER%̷\\rL\\\Ҧrv\\ZI\Yؿh X\<Vq\Ǌ§xP:\\Z\(EVb;?Sy~wF>Q\w\I!9=\\c\~x?)ƈ.\1P@|\y\\9S/|\Y:٧h\57ݭ^\R\X\n%T*\u\\_\wQ\y6W\\`|\قǢ8\rq\(LC;_9j\j4I\\'f+,`Ң\9\r|O\>\\$.o\0&|\\T|\5)v\)A\3z\n1,\aoA\\\HǳzQe\RӠIa4TIZTo)O4QC/\hIF1\ʣR;&\ZҹJ\\\_\ĊSUp.\1#\p\>6\2W\\\v\9Ȓw`z\zWM%x\\]?q\Y\Ҡ_\\+\3|\$:\r\GW\\jow/VZ!L`h\\n\ @8+4] ;8Y3g苟\\Z\\4Am\\d*V\\$FUQY\\x\\Z͖\&Pϐ\Heg\\\.:\N,ܒg\r;݄m*o&V\"GȎ|FW\M\y-zK]N-Mja*R\r\\nm<~#j?f¼\fǔcMgʑ_\\So߹#\D9q\0&\/\7\$\dʓV=Aa^\s\\8ϓ\c=\\\\\v>6Vp`h\ٳ[\k}\\\\\\tt,\"L%3J5\Q5{^Z\n\hA\\hL W\Y\\:C\\\3\v>wu\\_a<lӛO|\5̑[X^Q$?\lH#S!L\gxXy\87y&\%XS\>\{b͑Ṡ=I\\\\Bưsr\)eq\$\ZU\\LзQuڲ}Vt\SmM.in\+J	^\!T&f30!&H\\D1\\&:I\"MWW*]Ww.N*[Ҧ=&:<wi\j\"AzTy~B\U\'\?\H>\\\\\0\n`\)bY\0C\Z(Lm_\A2Vn+\\c\;\\i\\\$tlrB9\@9ȴ -l|X{nY.z~\!\05w\QLTL\rʷ\\ͮl\;_g\\~jO@:ھz\hxl`nԳNc\~\\ީ\r:\\jh\\~Nq2 0ڴZ3g~W\\'0\	ظ]ῧ-\\imM\0\ri\\\n%w*߽CCܯR\mYV\p,ʟIF\"\\!\\㧟\_F}\\\\ZLs8p\m>\\\\c9M\o:F\\\\0LYz\HBC\1\W2\Ǭ\\5q\H)\'\r#.of\w\\"u84\\1By\e`иI͛G2ú\\?\}]:6Qy\mjjҼY$\֨YufNl-j8(R\7qi)<\\Z\VM\\\\9֧I\@\\8r8\O\ڵʢ8(\\Z\\#kz\O\\LNkֿ\\\[?R~\R\\\\Ib:+Ds\z\su,Dg,&<\@h@is\8|8\\\^R\\\QwZx\[TM)\rlK^\\n*z\\+%s-<ES\\\\Zv\3\j03~u\'q(:SG\c0rp׬&\Zza$Z\Z\=\F y5he9Z\\Y]s\wv\G\0\\2q\\ROE#\\-lBT#\\rdu\Vg죗Rz\<\d?v\Qo~H[ӽZ5\r\ooH\;\j%\\07\\:q\^ \w~s.\MZ\~:gｹqmgkWʂt\\\\♚QRU\\4O\\Xֈ\\3\I\0\E}le9V\2\\^M \3h=\Z#uIw\"\\<1^S/\\0W%(FH<U\	l5ߦwޭ\\ \?\}\շ\\C,&pwBeuO\\0\z\\\\x^y\9\lm\\\j7\h\crǄfd \u\K\\Mu\\^\Z\\e\\ŧM\\nɻ[e1\Y#/R\\6Fz\\4\9\)T7\Yx)+\,(Ɏp\0\\\\?P%q\H\/\$G\ϡD\\Ás,)Bg۬kϭ\zɬvUujN|7v\\U\ck\"3IޡW\\\Fm\,\\07+^lD\(F,U\:2\\\n\ߧ_\\\23r\0:%<F\\s\\\B#P\÷\yN\g\9\\boq\@\2\v\Vi|\L\\\cl\D\\ϟO\:4\Q\\Vf\r[\۫Rb$Qbݺ\y0\'|L=_x\QI=y\_\)ƕ\#j !\D16Y׫\ro\\0\S\`\0F\{o\>\\';\^i\H\*\U\%Ir.<lZ/1\vE[o#\\u\٧@+\UU}`\ŚS3+,bg&\\\ߟ,vڀ\\\\5\\nR*v\J\P3\4<\ZoWC\eύInf;n^\Z\ײU5q@\\12$rV\/\vq*H8\Kh(x\Z󰓨f\"x;-\rP\q0Դ+vv\zis1\p!\0\=\\\2o\c\\\N\X]\n\(R<&ƃ,j`n2$\Zu׶wݤgs*\\ \\\\ax\\\s\TC&.jHv\\\0\ʯ\Mo~\\]\\%\mVS\CёR5\%pEL&Uzfױ\)\UL\0\P\ڇ\f~\ȷ\RV?R\'xT̘\'ׅ\kd\n.j\)kМ\\Ɂs\p<Z[2-\ZK#_\\} v\KA\ğ\[\Zj\\Z}\\\/L ڥ-/TYk%\\^Z\\y\\\\'BN=\,\]xj\\t\ﾥ\8Oݩ1S4_o]vMSͼ\gB	\nB\%\XB\&H7D\\\\׫}V|\$\XП(dch\@H,G v	0\TDm\Yo\8:&\ \Hx2*m70?\\ˆѠY\_\ՠv;,b-\p\.\u\O񍪤^?C\\\3:t+F[jY-Rtj}\Z^:Q3ah@0IAHCl\0l\\n\g\e\s5o@ipj\]\Ik5\Fc6\ZEPDr\\\>:^OG\Zb\\\}Z]\T\Wr#G%񆪉SG1\ZS>\ؾ!wP\>t>\S\\\\:Ɖ[O\r\\\\ڃ\.ژ`\S\\~\r@7x\_n-\Cy5\ۭ2\Cb3\riM-\g\1U\`-Qyq#]EJ\\U\\7҅\O;\\RSgp\\V.x;\t`L)(Y\38G\\C\Z\\\ڙǀ\r\Zl>x5/^$6\\\ӜeYÍ\X\\]\k*.[|2DZ\؝!ǁdix^hYbe\C=#H[Gu+\ha.\Hv\\e;f\"\\\=8&5\\\NP\3^\>ɽ;EOO浓\\\\B`>\\\;\0\\r[.$\\?q\oL\n*ߪ\?\Lj\@4{3\W\\"#@+J\\}/zV.[I4\8q\0\3\:-Xq\u\\\a\\\-8\r܅gi\'\\ݷh#jadw2Cƀ\\9d\?HAǃ\\\'\r\m\ u=wL	(\XrO\\r±\..icEp\e\Za2pڟ\&cDdk\W\\X\3h\\NzA]۶l\?)\r\:e\\<\ĥ\\.f{L\\Q+1wKCL.\6\\O\f\\O=U+NP\*ol\0\"\[/\0\\\\ս\(->\d˦/i\0\/<Aֽ,ٵ[Q\~\S\6@x7{V\|-}ֳ4*5:vit\>\`8Fk%&\IBע\!C\V\f\7R̙G 1m>f1\"\QxX{\qS\	}\F|:[\QGBtM#DӬgij\0`x?㓀8vtth&}x<yD\\\F{\\6bǇ	2Κ&R\\U2\\|=u\'\t\\s\\ÿO]Lj\ɒAQ\4>\^TC#!\,B$#p\1\ӃGٳdq1Q\8V\\(Pj-!]\'mؤ>%oE[cw\	xp\\8\-\Rp\>,-[\8 0۩\\X\\\\\4a=נAJwm\U=\4^2-g;\\HSV\ʹL\\\\<Kǟd\"6	\`t-\w\Z{#\u\f%o)E\n,aֽNDh/<g/hSnD\\\\ٵ)af-FA\R\\N\\i:\	ؚ`il`G\b>\y9-娳\\\vX2\h\oN)m\i1sDD\r+DFGF\\T\\Y{3;\w\e\xy*Z˲QgA$V0^=l\t\\p8|\\\\ԞE\A\rH\\\\V\qD\\S?1al$/T\{\%w\\(}\Z3\n.:K\~\I3\nq\#At֢4\v\8ȳߨ\\\Ɓ	\d{H\g9J} \\5\r\x!!\{嶓\\\3G*I\r\\rIjQ\$\C؝xߡ<I.x\o{ٛ\"\/rAL[]\T:\0\Y\.a蓉=?x=!D<!\Ι\N)\\߭է\6\_!\"\of\PBhw	\?M_\\!Pm\\[v%x&̆&\<B\')\\\xKOs}xظm\\N&>Nh\JˀP#sWxىx\\Н\HH\\\s\\\nq{@<jV2\@5\([+k\0|zBMPW{`	R\\\>\(9\Q\f03}\0a\x8ܠJ\r\\6\"\PK\\\g\\?be?\Yj\\\L\0%5X\n%M\\\E퉓\Ʊ$DTD倧\\H*~p=Fޘa\f䚈\<Y k\ͷh׏~\Cpfyz\0KVG\ ?c pףak\`\\#\0\݈a}\?fJxN{\~X\GW/y\\rF<2я?8C\Ke;dR\@k}\\>K{61C-\Beo[	|\\.;I]~t.\"\\'\%Km\;\r7݃y\rh\\p\%K\09\l`\ؐ\%\؉\5{d\\\ z<[va\ű2p4\9>H(\F6͛Gѵ&ln!}\q}Z\\;>A\de8\2ѳY\@~\SPxƪK \[$\EJ\n\\\U&0x\[V?2\O?L\2#Z\9H~\\GH	\'\0.l=@<\+٭I	SC084|n>q]{}\jy\f\\<{\Q\'ȝA:\*Q%SIt\nsKt\ԽX~\?\k8iOP\n\`8\Qӫ|T\g9\[պu$\w\R2ǎ3G_\ީlv\e\\'6{4PKĠK@oM;\1*ԏd[j\	IVǉh&`C8a<t2q&~\`\\\\x\k6\'& S	8BUp,G\M1:mI76If\0\\fT\Zv\Z\I2kY\P\Զ`>z2\Z3aN\Z\\\Z12#\\drn \r`\&\ผUa\\g{80\{og$lD\oj\/\\ 4XS9ж=l\\<0\>xֶ\eGIk\\0`\\{\g<\l8s)\^\'?C\8z\9_~ڲe~̳A\w6\\Ns\\\SG\W\G~:?\\[TdT*$ڱl-\\"$vl\"T3\ͷ`<\0w\Y\06|\n-\̘-̃\l5\<+`~Re\ZQ\_\!>lo!\se-¼-Tզ\v\Crh#\r\\\\}U\\\ F*H\lh\nb)4FFr\yh\\AuLu\\0uWX̘gm\n\[WC\uLk\0<\'4!Hu9D?6:<\-&\{\;eOv\WI]#\vI\]LuR3\Ȣ\pw\nQx\j\3x=,VOd\6F\"i[VѦx\֬g\T\\}(8RL\#lbSkxP-B\r<\?\c,0\\&\P?$\r\J\^~	[t¥\,\`4c& \4P#VM\NpO*\+\WxygD1Ԉ\VbT@%\ưka; Kښt.+R8#\\Ǭ\r>^\r\n\޿&E\ZW9Lȋʔ\\_ߠ\sX\\3_\y\\o񐉋	\0Q\2{\\\y\Z\pȖ\1x#Ph\ô\I!\rL1Jq\0\\7\>ֿ\\\|Ȝ3\Ł\zC?4hݎ,\\\խu2\nRY\9.*:%B1o\\~\r%v1\'H\'\\\YCHɥ\\\\\dYr8\0)\w\-\3\\0p\ν\K\\\z^\\\\\\r!e\n\6##g\\\]g\k0\\Pb$%M\rk\\\\	y\\fz\\V\\2\Ð\G:~=iV0I\\n$i޷2\"z>;Cz]\d\9t<2\3\<kV\/\LS\\\\A/x L2-\n\b\.\m	u;y`F\C?>ivUZ\n\Y3t\Zc\l\"Ic&;]:i\Ρ\\0\3\\\yͫ5VS\\uؼ]kHTݻF\Z\4\T!y\FF;\\3Q~O\i\S5\\0Lcw?A5̞y\œf]\D\ϩ\1-nY3\=Eɒ^βǻr\p\z\vΧЌ3\lk\\C_\ܠ$*F\\зs߀bc:\\\7)\Të4\UՉ\'*>?\v4\"\,3GH\OMnޢl@3\\,\\P\%=C#O`X}?*&e;u\\x\]!\\+ A[\Ij\D\\ܴ^\L\0IUWɹ\8 k\oR\l-J#\\\$g\ܠ`\XB\&,\?[8>KH\\M4Ǜ\Zpcj,SD\r\ͩkȱi\dL\&\vw\r\8Ρ\阫yx\\@We\ЩG1l\l	9\p1qc+3lۭw?àx0\PTSXڡK..a\\-\\'W\\_\eG+Ǜ\\\,\Z\\aжق\\\^Yd0`&\;tҜH\"vgs(\nU\\"\@L\\W#@O\ΞY\'/9mxЬՉ\G\\uK_\\ZwlU\K>\\}ɵܒ#\{\ݠ\O~.]/^$^Z\9\\aS\"\\>Dϰ1(}i͉\ߍ\\`K\\1:a\VB_ۺAM\\h\0\L϶])eTc+&#$NfH\\jsh-\(ov\ m_L#\iĎ$2\"\\T\\\ѥN.\U>\\\\Ä2E,4޵u\JJ\xQV轳;\<Zt>YT9\I\0\\\셵\>8\j\#]h_F\-\\\=\-4:v]<\ʩ\Њ&R\_םf.\\wST\DCY\<˨\\(w\'gvb\њg[\˯s)& [=RF^A$i3\\\\>\?e\'OVhX\\,u\\":o1:X]S\[nV\\ߠO\"g\񡃔\0B\B<\\3Ax\\\\JG1\\p	H \\9\"\1ٌx>\g\ou\0\\K<\!\~\\"\Y\\Y\Tr,#`di\ڮu w3HFe\U\a	5.\ڑls\'\şF%(\1\'Sݿѣ\܆\\\Ԟg Qޚ\\\\\t\dbI~\*V7\\ʇ\r<W\S\clpRqB\ڬN\y.\\\#\Qh\\#w²\ڤ]!\[u\|\C\ak:\Z̫XM\m̝\r\\'Kd0\\=PՁ\]\\2\\W<*O;Z 09\sҶ\\-Iǳty:Dm\Zx\%koޣ`S\'\QB\\\0O\\Uݦ\.Er~[	ۮa\\\!\Y\I0\KPv\w_\\\k\!\\Q-z9\\318t\mj\\`!ñ]i Jd%\\ZK\#11{KzmCyg~PXh6˺8\\m`\B\ҟ Go\\x\'ix@[7oV7\\\3NP_mV\V\r\*ja1}\&l,؅%	\"(l\ϫ\jFB&JNc{\\i&诪oR#\E$9\\\0#dXp\\\HS\3\\UB\.\vm\\z\6\\E#e`=p\\ \OXK\\)r0\\><\3TF\\YJ\\L-\\~zj^\"\rN$	d\\"\c\\'D\\\\r\\9E\^q!Z[\9W8-#\\`Xcq\'Wk%,;\QcEc\;j\\)\LXxSdh?\0\d\I1\n\1\K\㊥G\\wKehIs\\\CVЦ\c\'B8^()b\\{\b\\_]\f\yI5{&\)\\\9[\0t\vK}R\-Ʈ1:23.{\W\-&CpT}Q8\nzeP\ޠ!;Pǈ倇WY-Rq\\u[O@-Uu\GY\-\0ojU0\Z$e~\9\\08?\(F\.Ǔ\\d:jJ5/7G%<n;\\\"G̘.r5\ZNPZ+\v\q^\ܪS\4sb\!\rHv;ebx\\۸\6cx\|	琍,\2\\rk(qRMP?_~\ܹ*\=\1<1\VAT\1Sm\r6k\8\ڶ.>\\;ЌFBPcl\-Z\\#\Z\|^迕r^2Mϩ)P\Bt&@+#/\\`\Z%\;o[V\r}2@|<\Jx%Y\\rc\0zpǛ3\&\8}D\\or\x\Z^.g\'\g\pJ [Oc~QIe\8BӆH\Z\\\\\nd\\\\\a(\P2۰*V\\\\G)\SZ5,&^*]w߃j\M:i^Ȇe\<\r\\l\QlF\9+,V>2\r11\,\BWrO\\;\rcfg\b\g\B}n\`9\{N\,%a\"\\䘣uneoq5+C\_K30AV_0ƊJlK&\ɰ\IS?\μ\\\)	h.9 p.cb\\ѣ\u;ՇN;\×9\i\c\\rRzGj::Is\T9d\2\$\83\0\\\Z]}Yp\F6\f`Lc\\\\[\<\K\2@pC\\;jԴ\萻\1G,(\\gկt\HLP[\'sj2Э1Ox\8X7ji]\9ߧzdpoz\\\\;\v:΄7wOi\63Ao٪^\\\>> S:\\H\v\6$[\f\SSB}&.\?R38\hFwi-\zaVsE\'M\\'\Ɂ\(\D%0\4\G\[0*\O\b\=!IK#\0)\/\'>al5\a1O+Ȧ\:^\:\=\ݬ`QUKe.\:{\x9*G\8]k\\nm\\bo	K\\G\on5fx\\аr;H{\ѢN\W|<\A{ة\>o\ŋ6+\c\kM\\a@Fv\0\)ŉ*Y@G^D\T\0\04\IDAT\E[2YP\͈Ըy\F\0A@\\\_\kԔ\Wdt~~\eJ\ǎB\0/t\?\bA\'0\Q\\\ؙ\\n9w\;\>o\\\ ;Nt>\Ta >K:ەx.By@\\cHx\n$\\x\O\jiI\9lr\`9Y*ܙ2\0\\Z\==	A>fd)#YE3[eH\\ \}wƞ/\\F\NAu\׳G;\޼Zoog`cXC\e\\D(˰g\\e\\}\u:\Iq\\\nP8\\\Q+\\s\++Y8ng\;\ƫj!\\\\^F-\\;\UƳ%xl\)$L\z)Oq}۔\I\\J(fR>r$|\pf9&7o\\Q\\:=	FF\{+=.\JH0|Wo\",uD>x>̵\n5=z\\,\\\̀_>#cw7?\\GU\Z\,KP\\\iN(R-lކ!b*Ͷ ;g\hˮfM@Qߦ\Z:\\s\\roW\nv N1$$O\Cfρ0>cm@Cp?;Q<FIS5xbs\R\7\\\\~}fԊA x\\%q\w]\"u*\\uX=IOGD1砂1\F =);	\r0VT/Ywqxe\#LF-CW\@:U;i1\'H\\\֮\xfS\1=K\\;i\kA>B\2\0ӵ\V#(;\!d\\\6d	\rc76򝿿N\~jv\ѬZ,\gzx\=Z0^XU:\kJ\'AzR1ַGu\r\~\\"%\\CM\Wj/n-d`1+E,\\VU\k5\/a&2Ƙ0\i$rv:fvhF;		H\B.\K\ʴo)\IL\h8a+A\=C\h\\mء\utn\\}C\Y\ޥ9-sv\D9\\\Y}\\\$%puF-:n6\\\\\:\gg\(tp\G%B\,к\\i;!+\gL\\'\=_u\r\\\\p^h\\;S\C\,Z\ot\&m|EZR\Y\g7P,F$\\.l\\_`<42\f)x&\"l\^\ڵ?1f&\rQylHR:E\J {*9<{6\Z\;\.ࣟkk\@\\x?\$zj9i^-p\8HjI7\?ϻcP\(	+\n\0GD\^D\\q\I3\Ax\G =o\\'MMM|ĩB2r\ڎd˦:=\\³\\^\r\3YDq9j\\\loMv_㪔5m%ܓ\Zr{W^\2\Z\"\\LqRӪ@԰@\<U@cj\e\\l&bMJe\lzl\SZ~>Z-\z\\^\zwh[zi7~dn\ƚ.\0\ѤI^\\h?mr\\}}\\wk\<U98\\m+k)\\9gGD͞;\ԽWU\>]CnQ1nք]XJ$\r|\b\+\Z@-\\m\\W>S#d[Y\M`\;\܅c\\l#T\\\W^\r\Z帴QQg\qn\5En\}\c\\;З\l\L\\"\!&L\'=\>\	&Q\p\\TcGqf좄m1\?Vf.\cλC\Լ/P\x\\LF8nc\\C,YZߦ0\Z\\y\D *\b\Ć\\\V%o\pO\{\n{R1Ki\X+I\d`\\۳|\WMj`\\[5=gvA\ 4P)H\\P\ЬW~\\\_R#7Q\R\nTA\\\A\\YYOL\\ⳜQ\\\im*R\!\;==\LT-UO\Z\55\HfD\\Fdh\\\H\&+g\\\|lI\~H\aJ7DQ*\@%a[h½\蠬\"%\"C\|:c\)\hmי\>O2sKz\moיK_C}lq~Dw\\a\\!UxB,u\(^bI;\	⿐1r^z=Zw#K[P{\\6kf@\]͡3PW\i\z}wc\Z\ m1OS_\\R\\2\RsT#:\	:V\0Շ\n=<	\\w*\nڂʐ(U!_\y~\:̜0u2U\9\]w*K5r\Jc\\r7Q\\-,\AJ\{lp\Z\4\rsk\{Z\>m좋s&\ g\'\\f3\"\\\'fݐz\\Zf\\v\\ҷW 7 M#&!\q\\R6Zw\Z\]27\\\!]\噢#\\Xv2X.0Ŏ\G}\\Gc֎U\rC 𲻯f\<*ǆ\~%\xC6ФJ\%\'A]¨ԛ\\E\\2Qص\7B\' 6{ROP5B\'X\nF\!\\\9jzQ@\\J 63>2jAfɪ\\݅>k\\|5\'hK\\{o\\O~:T\\FRH\\_u$K~ᛟ\\\O!\uU$؊\0DCPJN1Bӳ\5\Opx\\c\K~XPW=\/z\\va&?7R\r\A漅zMX<?{l%\F}\\XYe\ \\n`v4\\gb\T@\nx\­oi\r\ٴ녀au8 keϟ@\ض\\Htx\\`\\\\'޳\֜iޮ4r\i)\\\{oW\{OOHvc7őV\'\\\mJ\cG\"nl\\a\r\ʐrH#C\sPu\'Ho-s&\L\r\^3\^<~@id\"\\Z5\R0ΰ%D[\U\,Eٶu+bBkH\CWk\G\nqWb\\g^eȯ\Zk9	\\\"Zd\"\\\\\rHt\6X\\PqZxzC_kXx>\n]	\\\\ŧ\Y.\\\\he\3\=\,\\L[\\9\\/\'@d\*}\\kξPwag:\\\\\'?[~\e\pQ\\a9WQ	I\'B,\0\n\\/a\tK\]w鹳:1\ͩt\\xo8bd!\3r\!	\|_\{$L>\6T!I*W.4\\\r\[6p1\-.:\]3?\6KN\Zq!Kh;h\\u\#ZWWB@\a} \SZ}\ot\W&:P	#s\Mu/\{$\Jdq\E@J[ͥ++!8`gB~j&\}C CT\V\k?o|-n˲aLU\1ǩ\W\!Y\"淄vv\½\\`\V\rx{1cM\\wJWˍh3\D1\\\/J\r0rl>K/\v\,\0bL\\uJYˏ?FkVA\\T)\YY\Ƈ/\ja\"\0ar\Ȯ\?\\\qXDTSKj;\\\`w\"j!J\Lvz\Q2pÙxً\ܮ=-}8jQE\\S\}\n-*n$W2\y͏,bI7\C&U\m&{Ϗs6\	 \Z\Mƒ+\0>wɇt._\ؠJ6\効m(\uT\Ӫ}ĩ9<\n\q	m+pDc\^\0rd$X `\\eVC\3t\\S\\\u?{x\*Y\I/kP܅s`׷\S_+kn#-\ri\ja\@&o|D\9_i\k<_\0x\\q\*:\Ut\YKW#eJ[Bu0\HTFxǛ6\r\|PxҎ~Vzʽ }ڹ[;\P׾nm\Z\\.tXss*\\]O(L|`/<\%\FM쵙\\0\s\^ٝz4q^-] wG)<Lb\ӯnn\N6\r\E\lu5lD\Zk%qj<bxx\\\{UxG\஥s\"s&\\^h1ƪ|yg\^\z\߫\2\\\nƽ\\.Sїi=.\\Z<Goc)\\>w}Pl}U?h\BU9ȀqǦ/1\\ޮ\\\Z\&cz2\:\\\\[Ag\x0\\\L>\<\߭I&~>pg(*Z\*\r8\&pa;!!D\NҞܾE}E\2٭fk\\\hM]4dY\C\\\\\ˈ[nUwޥ_P96G5pw$R\Pc/:y8g\\\=V\\P\=K\Я`\0,جfJ\Xcdx[\A2Z@\P7p3\rZ2\go#1I	Aw|Y\P\?9ָksLҘ)#x\'I=E;\Z\nG\<B\_9F3\)ˣƛA|!\xf0jos:\\`;]\_i>\0%Tf\\,6;o}G\\A$/V\9Jr\n#\1s_=eP\ဘnޤ=\ \n^\Ohu\a\8R\\'ٿםwjs\b=/\G\\9sx\0y\c=~Ԁmk\\\\-|BԢ.ͤ\\,h\\T\\Q/\7Ј\9\\\\\0.OQ\Et\@\7ciG\\\F!\?OBfq\'6)\~\\0j\N^hm\r3+!):Eܪ	=s\r|\r\\F\\mOҖUs\z\*:`\g\\Xqg\\ݻ\k۷Q^2:}Q% \\rAq\E\\[SԠ$*I\'a\1\8\\-\A_\O㧘鵵i\[	caQ`j0%\N\n6o\L=7\GŐ\7z1<L\ޭ7s7}Z8x2j瓤P\8;A\\~\ō}i\bz;9F6_Rd\"s	s;6\L$I\\{̕\8>`0ا1F{ܽS\:S\kl`#\Z\0q\\n\\\Njp\7*d\+\0\/\ka\bbw@EDyJ[8\[-c\Kv\0ǥ\CZ\0\j{0\,\K\\\\<aj\W?Lk\e\3_[C\3\\n\(v^?}p\6\\ڢ\r[)G\	%\\\^\oRp\1\2(\zl9Z\<xF\0a\\\ˮ,a1\f\86g$38\\L\	^	Lկbuz\xv\shzKbD5VH P\\\-\E?\y\\\IQsJLp!5q\Tc\\@8S\\2{젪\<C.\ܐ\p\n\رC\`ƒ˄r\0 #\k\"V $*\W\\|N#n\g\(~\y[q2RN\g:z$+b\κa<\\\&\\\c;\p\\A)%\za\"?\@\n\af	o\՗][>-hmUFtUM$r:\'`sJԞj\Ev0$A紥p$\@8FbǊy%Ę\\\\z\=нS\h{WWL\093,\nuڎ_0N\\\\Mk_ox:^<\\L[\g\,p=/\0\\7#\Yx$LBl5\\w9q}\n\k*D8#\yΌ\8R\\&*;+ݸj>\\q_VoNS8Lt>/a\R`AE5T`\!K\rǝ\1ޒ-\"\"ϓ.,m[]Y$Zo\Ȑ\T-㭑>*ח\[<z˻3\n\\Q\;\"\\E\e\uO~k^\.ⅇO$,.~܈elaK&\(i?vg	\4%oiÍmgN\~$\;7= 1Ǯ.@\I\9Z	{\Sc 9\x\\\18Oo@栮\lWsA}ܾqTÌ\h\8Ƅ\s8v8VA4Y*w\\R\\\\m\6fxѱ\@\\\'\rx_#XS\\Wnп3W\n\\O3-x6*\8ul=P>Ts\"7W\\W\:[%YZj.n\Bc\"8\VJߖ\\iǵת\+\ˊf+øiBĂj\2\8\\\\\Q[\0\K#׊\ i\ka*\d<<oY[Wv*e\a\O~\ZY0i#XN\\f;HJxh<f[^3c29Hm₩yaꁥ+\\\,\\{*?lz[\K\;l\U\@\,\\\"\ǽ`\O\\cTCV\fA:a1ӒU,Jp36\m6\l&D\%\\OMo}μ\}ܖXv\=\5B0\"M\7\qV\j}훊\\\F\+F5>~\\ԎI\DT\<i>\C>ó|/\l%x%O\\\|N\'(Y\s\noolu+z57S<?&j0,h\w漾x\\{}\I\8x\Z;L{؉\0\`\\Yg=?L\g`#dYv[\*\º\\\1\NM\"\\>\_)k\\u\+5{\ ڑG]cסKںvv>FëR]r;Jv\Tv&p\\\ӡLk\:\\v	!$4U`ll\\\`\)N\q㦍\uN\Ms\\NӴOc\Ʊq\\Z\\r\H@\rFBhCh	Ioa3\x.޼7\\\}\oh#\h+ȷ\-\\.|Vr	Pىb,O\\1\\'ҠA\\L\48|\TvN?\~[\\w\şerQu-Yd\O>jIIRGM+\\M@Ts\d&dwY\"7Q\Ց\r\\rظ\\\9\ʀ1NQ\i\|\4:8/ﱗO\&[\VWWg\\OF1#G\n٫\0\Qd@F\6-\\'\%\ЉC\r2G\S\\w\a\e&u8KE\\\tJ[\i\\rYo-yŌ~9[\\z:~\\t\\NMW\\)v1V~_W7	\\S\\D\"xTv\j\'Uv4^$\\\lzp\m6q\Lo1`/\\\\j7ؚ4\/P\\$aX\'c|`\\\XN+K<w\`<N)A\4_\'k\)8u-NJp\*v\\^\IG#6\'T\ܫBK*Ӝ>=wDߟ[BKw\{ˈ\FY\%;\\\w[\r\6ɲ3u\Pڊ=u?V:j\w\Q8&\b\@\\\\k\6\YV~Ap\\yI\v\\\|Wg\,:\rZ\\"6=l\Ն\Q\e\b/l~\fQ~vb37[\30˦\xO\s\n\z\=/[\6{\\A\n#DܢRyw\h:9 NY\%\~\'\G`	$\b¨<rX\`:\X$kGtRRɽFj\c0sii(\\m~yjw\4KT\i fm\'b::X.\3\\\~\-\ \p3%!PR`\v%lJg\?YNPv9.:cwgt7thq:ue4c.\I0Ƹc&1J\\"󻇋P\0ۄ,\+m\\.1Y\5\\\\\Z\pj<\B\ TR]kihK\*Ӝdp+SR275\?:ws#\\K\=E\9U=꽻\|^{\g~ɚ\:נB0!6ݶ\Q\G\\\Dݲ\\rx1R\nY\~!U\^0,\\AH{V?b}J\]i\KSI3\ZY\8\$,\T\@.:R_Ӱ\\[a\r\`Z7՛\pә\\9\\w\ƁL*-lOUnJ͖;x\9V\\5\]J8\=\Ү3\Z.\\;8\..Fd\rjgMa\˶jV\q&\'g\\SؘqZ!P\\W\;\nS.\\Sd)\\Γ8dIh\/}S\~\lttAk	*cY~:W\EOP_Y\\\\w\Iڪva\K]\x\_iBv]w\\7~ao\'\Zsd\ߌYbK\d\#P)p喦\\r\rǍ9wιqKę˟I\ZnMS?\\K-\R\\ٻ\e\\n+뮵IpA\\-/ڂ\EvϢ\6g\,\\dҰ\\ppL\r+\kaVȮ4t\E,:A|+f:\u\rE\䞜y\QN%\<&N>rH<8\E\"M\\dCON\\7\\nU/.\&\Θ-\7d\Fؽ\ج©6p496\nk\:\\\qg.)&$tc\\0M8au_={y\mj\\b\\5\׷\\\r\\oKo\\@\\/m\\-XZL\(xދV 71?RY\\\.	_CAQ~T\82&k\R\"\0(wxJV2H\\WV\\h\DdY\\;̏\ƶ4\r\\ק-\9ʫ\)>A{\X*^\q:\\\\Pcmx\_b	ج\\\Fv2?B8@\vT\\0Ԃ\5oڂy_q\&\.]F-]W\;>ՌϬ<Ҭ/1T𝍵Ӆ\C?\\`O\6}h\˶YC7qf>\換eW]JzKn\\'#1\\rճ;Zi{r7Zn-\=\0NϘ\f=^\g\e_h\\\A#0\jŲ>\3mM\j6\\l\=Q*3U]ӱ#\\/oHV\Q\\\=W\\Ox\\A\c`\\\[n͈F*uO:\>y\4~\P*Lϴ,tA\\ןn!\(q\K\\'QĨ\C޾+ބ=N\}\~\'\xr=rE\}`V8K\\܅?i\0p\N)ǈY{?8,Z[v\R6r\#\i\j\\cd\3\%̥ʲP\\\ջ\*}\\clt*\]T`\\x:ke?\[z<?z58\,ȅw4\0u\\'\\\l\3O\]\_w5c{ˬ\6\\[_5+&;\AX?X\0u\\V{W\\BZ-\kig\\\	\\~}] ]7\n\lc9\/\J\\C2@\Ib\\\\\Z\\g\\&\Z\>62턻Dh\y^\\\#nmz|\r`FRr&夦Վ\⃧\mF\x\]bML9Ϡ87%f$A\\0km(\\y\&r_\_&\r3\J[\6s.\'W\Z\&AnJf&Ã^]I8~i$q\KO`yV!0Ij\℥SFm\\<\\Z\\f\m{1)ft\\!\\\8\'ƂT8\09\\a\\\[t\f>h\:Fv\E$0:plA\]v.BݵX0S52{\>д*`zv6l\`^Ȁ\	Dsu\\SJhڒg>f-?\N\;\E\\1\\>j\\JK\G\Ȉk9l췊C\j{\YȰ\v\n۪ѺY~~ӚFu`\uR 7W\ /s/=g?0\N:n\r5)\2a@kG\@W\ۖ\6R1<o4.N\Fnk߼{o\?\\46xW\ah\0L&卵q#G3\\(k<\;ҟ6\x{`$FQ+L\7`WN\&\>\\f$dqSmFޕVҞ\-*\˲\y˭WD\Ǐw~F3PgN\O\ɾj\\b{㽵\\O\\/o\X]ϵ\];ۮMh7]cS9Q\;4\J\7`\r\.eGDK\"W$X\\\~sxQ3Yٲf_v\܎}J*-\;)YǹA,ĊR82 P㢰(\R$JCۯ]\v|B&\)vyv{\x\z`]\\\\\\\H,\\0HZKKmѷi랏F\ \NV\W\x\\\O\wTQrV`\!\\\SmP\Zy\H \ܕ\ 5N\\\(g.h[@\I\J햕\Zl@	\sD[+jEzI\"«\N\"G\T*ެ\Z\\\DgDg *\\\;m\0\1FU=\,O\eֺ\m-\\KFcA\{zv8?7\NP1pR\\-/uml!@6\\ EQl׃	\\_:?\E$IiH\hm:Dpz\ؚP{\QP{t>S麾gbf\$;AlDP*b֮𯶷t#|G@^\$[8F=9\$GFD /%\\%+\\8zN\z[.\,\nCMĳ\uڂ&4T\\z\\q\Rk\\\<aعFKGJQ\W\Z\0@\\\\\j8d\\"~~)\jMݝ\S\Vt4bʹh\T+~Suu@\o\}BоSss}oG[I $wALOKܜBd55T84E;\"i|\X%ig?l\\\\4ܕ\pM\FWL9\\uʞYU\_%\\w\|\dœ;<TF-h䙫Z~,\1\ ꥨ`傤MYɩc\k~m0\n[co\_g%-Ij\\r®8\\+fg6\Pjh+#^\	\"L؞]\htF\抔6m\T\\r`\xEA\FI\`\MW\\\\\Q	tES}\\\H̾Q\\\\"\X^?:Ae_\\\\"`<gW`\rr\\Z)ā\}`cW$Xw~o\\nh.A@V/;m\\`6&Kp$c\O$6/s-\Zeħ\\\!\@\#h\ne\hj\\\\پ?m\4\\N\\~g>B\\1ƿ\<=!`\\r,/)U\\\)\\\gi0\F$ln\\>lB$\jRv|\goWz\6v\\BCР\1\v\'\\z\Vҩ&\\)\\\@6\`c\'\U=c(F\O\)߆2O\S.\\"\\\n\ž\~Ư\@Z\Nv\h۟\7\_iO\\r!Hɮd\$\*h-k\r\cxPcl\\(1\\$ΚR:\\X\\-(\c#^%\\]r\㲨.}9v\\@2D\|\f\6פ!\"\\]lY\v唫\rk&YB$eVqj\|g\4\Η\Tϟ={-ű6e\ K\D#$\8\~Y\Z9\%Y㜭1̑$\\xnDR*\\)\\\\xIfPʝ\goM\.\r)\"\m\\Z_Vm_s\n\u\r86&Γcb0i5\W%R\1_\wqlµL/ί|\M6 {|K\\\]tBӱ\3b\\6~ 4^r~e\*{c\r$%|۔$xmڰ\~r\\R\rzn;\@3i@\\yL\9=MRlmօZ2Xh$6?\\\\6W\@E@)7gQw\ebQMՆhGx\c^\P0\jl=\?\&G\i{|	L[}u];`͛\Z\\1 7/\ΗP<v9nD||X.\vIix,m{F\nUo\aed|56&o\\P[O.ie2/8\\Y\bd8\\zl\\h\`b\\fx\%[\ط6\0HCP`\0l\b(yH\\p~/\&\\\a۳ĺJIN!\n\h~p֔h\{\~e\\\:\\I\n\f\s\\\rۉ>M\lG?^\r,9\~0aY97\vNX\\\|\rђBZb\rBw\\{\\\rЍsl.\\\(\FR\\M\k\Z\\zr-\rO%tN\\|K\9+o}f\FNdvطu]}\L\\$;LJVrQRu\!\09\C ܞ\\%r\%S\G\\:K11$ڈ\l<\\۳\\n\X:\\IV\N\\I4:#\T\x\a5&\\=-{[\\T\\rީ\ITm@I-\\nN^N\\nQ\jRWf/%\0/5\ޱ?]Ɨ\ࢻ\\\Xd\\QjR*ׁuN\s:zQt)K?a/\6\Yqq5oK\@6\9zd\RhJ!#\OycƎv{(jWIՕ\K\0\r-t(\!@~\\6+-\v\nMz\Z<qQߧw\\\s\`\\Ⰳ+B}\P{l\n\h~\C\\	\F	9\\z_t\u\~*.*\\\>ecl\u*=\z\2\3\8Kj+\<Ҟy5s\SE+c񪛘\ojࡃ]\";\\Br)\n<ɡ>Isėb$%\SVJɈ\&#源^hZ\0R\X~\\\\nX\u*\,8Ωc\\\1\:D\\"F3Q ,<U>\g~z<=_\\nWc3W(\\?b͐fk\\0\0\0\0IENDB`'),(4,'null','010-3333-3333','대전시 대덕구','null@naver.com','테스트용',_binary 'PNG\r\n\Z\n\0\0\0\rIHDR\0\0\0\0\0\0p\0\0\0\0\0iCCPkCGColorSpaceGenericRGB\0\08U]hU>sg#$\Sl4t?\r%\rV4\\6nI6\\"\d\Θ\\83OEP|1\Ŀ (\>/\n%\\ (>P苦\;3i\e\|\{\g\蹪X-2\s=+WQ+]L6Ow[\C\{_\\\F qb\U\vz?\Zb\1@\/z\c\\s>~if\,\ӈUSj\\F1\_Mj\\\buݠp\amhmçϙ>\a\\+5%\\Q\KF\km}\ۖ?\ޚ\D\\\!~\6,\-\7\\SثŜvķ5Z;[\rmS\\\5\{yDyH}r9\\|\-ăFA\\\Jj\Z\I.[/\]m\\K7\K\RDrYQO\-\\Q\\||6\r	(0\nMXd(@\\h2_f\<:\\\_δ*d>\Z\e\\c?~,7?& ك\^2Iq2\"y<Md\\JlE^<7\3RE\9`3*L\\S׬,#\)]\_\\\,7Q\W\_\2+j\\Wr\Z̻L\\lXswU\Zm\љŉ\q\WF~ə\]<Yo.FjVND,\'}(ƽ\}\}\}\}];˝\\.ps_\j\ZZ\{yg\kJ!#lr\6\Qa2\'cBQ؁\/=c\\\.VMUUT\p)VoM8A$Cd6TW\"O\RiS;S\AvmթnR\\c\}Y\:n\\r\wKғb\Z6*\舨\LhS\mZ\\2[.G?\.⎴\0\#n\\\8ڲ\H|\\\2x~\\\\s\-7;\\t\>@\0g|U\\\\0\0\0xeXIfMM\0*\0\0\0\0\0\0\0\0\0\0\0\Z\0\0\0\0\0\0\0J\0\0\0\0\0\0\0R(\0\0\0\0\0\0\0i\0\0\0\0\0\0\0Z\0\0\0\0\0\0\0$\0\0\0\0\0\0$\0\0\0\0\0\0\0\0\0\0\0\0\0\0\0\0\0\0p\0\0\0\0H^\0\0\0	pHYs\0\0\0\0mh\0\0YiTXtXML:com.adobe.xmp\0\0\0\0\0<x:xmpmeta xmlns:x=\"adobe:ns:meta/\" x:xmptk=\"XMP Core 5.4.0\">\n   <rdf:RDF xmlns:rdf=\"http://www.w3.org/1999/02/22-rdf-syntax-ns#\">\n      <rdf:Description rdf:about=\"\"\n            xmlns:tiff=\"http://ns.adobe.com/tiff/1.0/\">\n         <tiff:Orientation>1</tiff:Orientation>\n      </rdf:Description>\n   </rdf:RDF>\n</x:xmpmeta>\nL\\'Y\0\0\"IDATx\]	\\E{}&ff \P E`P@\r \6آ\" <@\\*x(`\0e	 !! H\L2K2>\w3I\\2L߹g;}U:u\ԩ	yp).-W,= ]]^\<{p5<z\y\00\jx\0wuz\0\a\\0\\\\n\\À9\\\\\\Ws \ե\5\gk>\\z~Edg>;\(\u\\yn]\`6\0E\o\\2n\F`\f\ɨO<\'\H\\,\"Ԃh\\p}}}\jlD\\\0=wt P\523\r\Ciidg#IȜ2YH\}\\NnD@W\\4\"=hdx\0w\Q@3 Z onn\\0\\\\	\0LV|W]i,\r\;v\W\Tv\E&X\e\"\'\&\'\\Vp%I\dOo/W𓋐d)\-B>\KX-\0\N?c\|D2y\]2\<Nς\#Q4}:222\t#\=N.%Ncx%\VCˍ\y\yDn\r\KC*\\\0&\"h`MTEa\  ooKb5\PQeIQ̚\r}ݨ/\ɡ\xGF*\"h674{\]6\y/\"m\\\s\<\H\\"\>-O9?y\Z:~r&\}Eee\v~?W4qp#Ұ-/DsRՄT	Amt)\\G\Z\4V\W\"o /\d&6\x۸-YW//A\\KQ\sFb9\0HZ\jOGԧdȠ\nS\y0p\/Q~ЁF\\\%\%-]C\DKK:~s-&\\sQ\턴;XkS֔t\(Giv\\\_\\BQSoRQ\\]z\+\\7Tdِ\\D;:\\a\1Py\-\X/\h\o\\<R[\?S\ 6\d\3UGr\Z-;M	Ֆ:c^l\NTv1Tz*\\\r\J\\Z@㕿B\/JRBHZV\m%Yalcb\ڦ@QVy_aQz|c*Ј\_\\9\\\\%{qp[i%\\\(\z?\?ѵ5\\/\7&\6^\r5P\\~<\Jc\\؉\\2\b\B5Fa~rr\\0u\6(\V`X\_yl-d؏Z\JAU?00s0mW\n\\/΄ZZ\6\\H\pXhd #*\M\w\>O&D\OA\-7D	\'㲀]TKZz*X\LF$T\jtmJJ\\\\(\ca\n\:|6\}FaUt/%\^\'\=K|\\r\|\Ͼ̏V\\E<7].][vIs\x6\ZYY\\Z\\rnIֺK@Ղ\Y\u\#Q\mI\#ڡeci>\;w\!\"\6k\＋\\\r\}(%w0\֨PS8g(S26?x:ȵ\0\\[\\~J\A([jI`I\Pv70k8\T͘T\r&Ir\\cd4\']\gǋ\\߸r%߅o\*CkCH\|@؏2.֢\\1\\#\\\\ԕ\0\^}\G(m\"$ՠ\\"Hz\t\78\y>\oHZ0L~H4-#՗.E\\QQWOaΥH\~̧S^@\\\,>}`\&\vWܲq#fwߠmrLr\2Bjy\~=(\	\\\x\\v~O?\ZZOD\s\"\\^%\4.\\K\a\hF\N3x(..\\w\\\?M\G?W\F-\W\snK%\Gp_v\c\\'px|\n۩x\/j\I\\{s\c\\"\\\o\"ݔ\\Zp\˧\\\\|\Js\rC!S\/Fhケ\\0<\y	2\\YsEܱk\τG\\2ttD>\/,W˓\\\Yj\>g\a\3)\(\5*\n\qmmm\s4*.*H\\0͉$	5\XB}\r\\\\\sxIDh[$:c۞\j\\\_;-#\TY\Z	dJ̦RCUe}\\"\ek\r6cFEaK5v\\G1\q\Ĳ%\\	\_{\mpSE\V\\B?\Z*\7\F\reqp#\\h%d-\B\Ҩ\\fRn\RS\#YM0\\P_O\c\r\0v4\XwT_q)^ɆwAp<k\\09CkL\rL\u3~+$\f\-O`ס\\cP\4URJM,M\}M*\!8QͽnBG\C\'\\r\\#\l6b\dMG\\\\vV7*M\\X.\`\Ww\f\AjZHNV\O ).Ul;[ό^KIvu=ܖ\=\>\w-|f>M>9\0.\sh\^c\v܉ȟ(עM@\͔\0\-vjt$\\1h\\xi(;\hlsS\`lU\I(߹\C\t:z\\%[UW[AI\rpu\\@\k)\	ViNF׸柋LM:\V\̯\\8\"+X\G&.Ho\%KL(q$$\ )/lw$lع>2Y\h\̜)IҨ&\\eTt\h\\4<h\u \+\Z\ָcJ3\i\\\\9\'u65!\\f@d\\JoZɕӾm#hl?B\"#딓+\\<98{B\jRo ~\D\@\:sb\'\xU`\5\P뮦:~S\!l`dEOZvM7\&\|b\+9$-%ud\\ZOSu\J\1z\dIו~8A\'Bϓ\\cKg\"\X\\\\$\ey\Z0\n]W\\R5%.`Ňq\'JeE6\ ~݆F\\D:\09ki\r>\\qlfїfkB}f1\'\\\\\n\l$.ɲI\H褙+x-\Zi&k$\\7X4@F\Ze+\\\\r}\\v\\ұ6iܜF&\\\Ӧ\Y,3M9\h\\9\xKSԏGZ\(.(\,b&\}vwIGjݪU)t\Gs\\b\ZZ7^\gi]`á\\\\\\\8\[C\\\\\c_\gIxş\oLp(h~	8/h\\c9\e\\j\\n\yDZQY2\n<h%Epm\r\"P\-VΤHw\L\gpOU$@`\rFS\gI+\7a\\,S\Qz\mlZt\R\^t\_\\B.xg\cO Wf=S;xW\p⏯D\\x	\Q\\\\<O\\ZER\ؖ\\hSƃ+\Z\Z\y:T,^\俟!c|\mC\\\%rb\C`{m\@\Z\:Y7OK\9_硕9?\7\0\-\Z\\_ey\O!-QHm\y\K\\Z~<a\Z\\'\o\nh,4n\0k\'*=!Il?}\\\o\t\H`O/8utß}\\\]|ZSTT᫇\\\\\\rs|/,])i\\~+̝R6v,~Yqp\nv\\\\K\"#dY5.5&/\5\\#b\0\4)Lk}PWn\F/\d\0Wo\A`d#\Hi	Ҹo\\\\٧ߘ7Xo{\\o-gZ\'38\;M⋺\\\\\=;\\u\\.}Gp},k\0Λ\\"\"\w+ȨM\#Qd.d#\.`\\f1o-R\r\F\rG`\\zl\\M\k2\\0U\0!Lf\>`Yg\0;\Pm}\׿\\\8d֞XS\M\\\\	\'y\\^{|\\JK\S?_\\pu\yJ.w\)\-\Z,\{hp\"$uH\X=\;ImZL$H,\oA\GAdYt\m\0\sAPʅ\_e5ο\b<v˭X\܊W߈柅(h߮\m95o\Cya:s6\r\;o((Jb\㽷_\a3\ALss\<\nثP>n%K\0&a\T5vꂃDޠu\Q+dc&\}\\\!Hʯ(7\1!ȤrW+\\`4NjjtϒĄI_\\'\n[)Tmm;V\%.\bhNHR	*R\կ\΋\\\A\o?\'b,	qm\>LKAQ b5\"Q/a`ԈXڎ.\0h7\\r\\\&\H;;K`\o\Ze,Wb$ir\\ \̝ޑ叩(SWlŰ\>\\kٗeP\D4\F\պ\$aB\\W\꛸>\e޵y13\\722-;xJ\PU>Zb4(Um\\\'I\o e\Jk\\qk-h\\mzẂyP\ìp)ܬ\Qۃ)_s	pS}\\\n/y=\_\ꉥhn\\ǟ|\䢧q\QtҢ~\Zv\ͷa\!\\ւ_xW]#\\J\\;bz9ڏ>7Wp+\\\V\_-\C/`u{\=;TWM5d\\,\x}\J罷\\\\O!\3qd\DWkǴgK?M&ղ4y\\\'qm\\pS\p/U\E\Z\Qw\\u:M\\o\}\\\W\\p0\~\&M\?\E\lr{\\.\醋\L(\I\-X	Gڹֆj\P\t\L\\<\*Wօ;\'\'\ZD\\\\ <lN#\h{M\XDk~\qE_6\Iw\\\l\Oŕ->h\nQ5eg̜:i0\|\VL#=\\z\7?\XT\\٧\\\&Wa߽8ǝ~!ٓ(t)q\\j\&g\o\ҏ>\󦠋a)rt#\\"\˸qBt\(16G7\o3\\\0Iܳ\KWK\m#\WX-\b\.I=-TA\UO]\nv\	ܟN},쁞k\"]Ǟ\}X(\\׏ԴtEubgxzC+5bLx\\+\H=\\\ez\Z$\\sҹ/\w\V99΢fɓ\ufA[.\0%S]t\2z\'\\`\DC\=[\)\s8umx̟I/\Zǎo\'?LxP\Z6eEI$/\8\ݽ8\\2j`\JUjfo37̡n`I	p\0\h\\r\hJ)\zfA%F\d߳ߡ\rH;~\\\D\\:\i깬(I[\r?\2aG_pj\\g삼IպpM\$\ha2hZ\\szN\\\\\"\?\i\\Fi\O窋@2&:qҿ>\Ծˎ\a/1)yg#,AJ\Z`\"}\K\\\Km\5i}\5\-\0GzRG\\\-C\\\j2\\\\"`\p\\\O\\DL6\ژyD>h᤟vwMY.WNW\g\$R+#Q#r\"\\J\\W*H#\\`\\3\\\\rm\\Op(1\\\/\\ECLФ\VlS{OV*F{\\Xq&\>%|]Cz\׊\<~Bc\ [I\\r\'H\G=9ZM>~c\`bR\m\Hzb\Ѷ\\@Iv\S:\\\\\+0qW\4\n>\\\:~D6s\lٖ㘣-g>\ZVh}{%\N\'\ʟH~VcJeKbNܴ|tV6b\r;\gL~AZoo@\'nx\^\\|w}t#h#\\\zh>\Dܢdl\&\	KjQQz{Sɥl`C\{\\\Gb\'\\e\\\*ɓCѝp]\qҹ\'\\\\?4ku\fJzۃ\\\\\>X\U-\\5~\\\A㿉O>\,Z8c\1\\X[~ءm?:~N	Zreެ}M0\$Ԕ\04\\Q.\`7;\R30\t\:\.\w!m&,fsy8\<9^\\a3OE>\LZ䟛)\\Es\&~P*QEwpY\n<\\XqI1\m\zw/s\x\5Z\0_ɫN3Ze\sPt\\\n\\\\pS2+\\|?;\\\bNXiF2W\|\'S\33\c &\o#*g\\FZ\<C`\K\Ki^]qº\k\0n\%\gůgMIwRU\\w}㊋.DX #S\\\Y^\Gl	\\\;SOg?:\\{\'vL\b%<\\\Okk\ލsA\Z\(\-\cxk@ۘɎ܈Ʉ\f\r$A!ldL\~jTIZ(\H\WW\WÖ6\<8\\V.1\(2\\v\\\\Z	{.QZU\o\'5#ŝ@`b\\0ea\OD%7\"jW6\2\Q\\mD\n`>Z杂j;/3Qy\\\\\\\3(%\\E\\0`\\	\\s\G\&Vpm\q}\\6\n\\edvY\#<\J\q~@\\E6 `D%ː\#-f\"-\gE=>\tb^[Uio@CP\]*+\u%T\t\F\\(\{\y\A	ː[\[\ H\"8%\\\2B\{8\\NGeC[E\"i\Q\7a4wNW\W\\A~\J\q9%i^\"#ܤ\\\X 4xM9i&\\ttٓy$\Z``fO\%Mps\?\k5\j}\VS#ZJH\\a	؜г|9*g\\B\'r-M%\\nB\0y\\(UV{_VDAT$a\ƥ0M\Br1G\I/)FW\oBp<\Z6\͕}ܯ\W\cȻ\Nl-ΐg\r$^b\\[\\z^»鱿b\\GL\s<\\\0WrPf\\>\\'\ξ5Y3ÀqI\]RBt_\\_D?\LF\p\\\ah{C\k\\"\ˀ믣BJ!F(5D\͟&sRY\Ϩ	\\\a	r=n\\\\\0&8S$\m\/\n|V\hNn/¿\t\X\\\\룿z\\ǒ½SUq\G^aR?>8\\iQ\\D\\U\Q-d~;P=˙ʔ\\^+Y\\0\?\{\.K5[X>ho\4\LjO\jx\Zu_52bm\\1Z<R	l\8ᡅ]\x1\\}\KpmI4y%dqFOv `>b\_5 l\[6\C\\0S\F\ZXRe\\\L\Ř\r7j;%\\qpXв\\Mއ\lI)\'\d\RcTl6t\r_2|w/*Ic3:֋0JW\0\f%9l\.m7E\\Dl&k 9Ԗ=vQ67\?\(\ǵVrz\'2\:ٴ\\!\N.%]\\P\bvy=4T@JxY\\\0h\\\}%\\n\w\ZoS,s\"4n.\\z\h\\w݃sl\7r;|]6\rMRn\'e]i%i\q:\nA?\Q<}ٜ\5\UY>D\\w\r\ÜԆTW\M.\G\V\Iۅ \\Q<u\'>v\"\<ʥXi.+w\A\C w\\!0i\0^=}H\r\Ƙu\\\"\c/.C\	\D\\/\'ɕ\\0>\rz˚5\|rq[\'5`-Xkс,\\5٢_5\0[Ri$%{u\R-_+LV6\ڱ\:\P\\Zr\'O6=u\J\0a\mܑ۽p\}#\7.J\\j䯕&p[p5y`]̼fPF\"h+L>\Љ\#gL\\r9 hx~\ޯ3<;\\Z\\uV2kעo\P§r?yi\l\ ,\%ץ3\'w=>+\2f\@Au5f\"\no/UϾ$\ögf0\\fA3U\ה\K\Lf._~~\\	mH+(@ΰ\Z\\Ld\\s\r^`\v\g[\K\4q9\<.k\\rxŒZoJnOJ\\>_T\d\\k9\ܵU\L\0\\\\0\\\\n\\À9\\\\\\Ws\+p\pWWW8\\\́lޙ5PT\0\0\0\0IENDB`'),(5,'1','1','1','1','1',_binary '\\\0JFIF\0\0\0H\0H\0\0\\0Exif\0\0MM\0*\0\0\0\0\0\0\0\0\0\0\0\Z\0\0\0\0\0\0\0J\0\0\0\0\0\0\0R(\0\0\0\0\0\0\0i\0\0\0\0\0\0\0Z\0\0\0\0\0\0\0H\0\0\0\0\0\0H\0\0\0\0\0\0\0\0\0\0\0\0\0\0\0\0\0\0נ\0\0\0\0\0\0\0p\0\0\0\0\\08Photoshop 3.0\08BIM\0\0\0\0\0\08BIM%\0\0\0\0\0\ُ\0\	\B~\0\0p\0\\"\0\\0\0\0\0\0\0\0\0\0\0\0	\n\\0\0\0\0}\0!1AQa\"q2#BR\$3br	\n\Z%&\'()*456789:CDEFGHIJSTUVWXYZcdefghijstuvwxyz\\\\\\\\\\\\\\\\\\\\\\\\\\\\\\0\0\0\0\0\0\0\0	\n\\0\0\0w\0!1AQaq\"2B	#3Rbr\\n$4\%\Z&\'()*56789:CDEFGHIJSTUVWXYZcdefghijstuvwxyz\\\\\\\\\\\\\\\\\\\\\\\\\\\\\0C\0	 * 1!1\'&)+:.0 ?83.7(..+\\0C\n\n\n\r-&%++51+-5-7+7----+--8.7767//.-0+-/-/0+5-/---./++.--/\\0\0\\0\0\0?\0\Z(\n(\n(\n(\\0:9\\\yA\#4\f.	*W\p;Һz*\܌J8ou=	\)QE\0QE\0QE\0QE\0QE\0QE\0QE\\Z(\n(\nCKHhq\J\\U9?[u\\>GҪ\\0F\0\[\{㯭D\Z3D^ݟjHP1f\\\0\\H\Z-pRS\rwz~Unk0B \' q\)\\r\1$g8\%{\ $\\0t\'tR/yJ\1h (\0\\\\\0-Q@Q@Q@Q@Q@\\Z(\n(\n(\n(\Z\(\ީ#5\Y\Brv\u\\~b\hR8\ȡ\0E%\@,J1⁢\zDG\HA~df~~R	\8i\8ەlt\\\\QY\lP<\$#.Q\\\ZK~F=c ~w}<GiPK\\tGS$9eVS`Ok\Z\fҸ*er\Z\cw8@\{n\[Qƹڊ\FhA\luEv\s\Puf\0\Б^]=ee/,\Y\S\\0\\ۺ\\\\\\:ɜ\x;B؛w%l[*3\\h\\ܲb=\\\uH#I3\\?}I-@\[*\yĒ\e?$\\-鷭$L\&BI$QAsQZuX\\\D\dL\%ۻFpHG^kbQ@Q@Q@Q@\\Z(\n(\n(\n(\Z\gUQ+6LQW)\ZB9$\@\W5vMprPA*H\Gbm7e\\nqG`\@R;n\0Y\n \(D\0\bܟ{\\\Ux?j\ݠ󼼣y\$\\E\nd(\0{S.4\\\\@˄R\\s\Vm\:u{\u>|XB\`]ܲ9\~5v\\\ʀ6W;$O\zt9^\\M*ŭΧ\d\n@`=vGu\\!0\ێk6u-$:9\Vc\np\0\0\.r\0q\\\\Z03HNь:pbŋ9\\'\\\\j-b5Umw\HbWn\Rxޓ\\\\\R\:\t\\\I\0\H\q\V<JcXX\	\ŤoŻ\ \\[wdpH5\J\+HJ6K\'\rdr\X)\bs\bc8<`ZѷYr:#4@2\\649U\0\oRp\']\'1=-PEPEPEP\\Z(\n(\n(\n(\n\\.&\"6\\\A݌*\O:k n^\\-͍\\,\S\Vl\\lжcB8 \un\\H<b\*;:CnEH\"2\\_ARU\rJF1.1O_P9\8\\\\'\s $bW8w\\\\\\WA@jQ\\\AU~n9?N\"ġKgyv\ro;~|\\\)@Ţ(\0(\0(\0(\0(\\Z(\n(\n(\n(\n(\n\Ԣ2nU\) )<o\$bi(*svg\\Ĩ+4\7\\>[+\`\j1cb1n\r쮘UUB͵P\X\'ql\\<\У\0QE\0QE\0QE\0QE\0QE\0QE\\Z(\n(\n(\n(\n(\n(\n(\n(\n(\n(\n(\n(\n(\n(?\'),(7,'12','12','12','12','12',_binary 'PNG\r\n\Z\n\0\0\0\rIHDR\0\0\0\\0\0\0\\0\0\0	m\"H\0\0bPLTE4:n\H}\sHKX\Zf&.h\t<?yJ\\\\DG}\k\7:v\\ik_a\\\MO\eX\s\\\\rYEJyn[idӚ\QVt\\\\\\腆bxon\5sټ\\Q@q\\U\1qDy\\\\`\t\\\\\\r*nb̙{|Py\\rSSo}\wpp$n_\"-n\\\\\}\Rqf\\\|\un}bѽrjfoM.hmj~qӛ]eVj~woqs߂\\ߺ`w\\T~tӤһ\\0[\\\0\0IDATx\\[\F\Z\0`\r\r\r.q.Jpxkb\`!!i\MK\#m\ݶ\\c\%YFs4ӯ!\\\h5\mzn\˯\K\{/|e\~\\M\$yy|\\R\>z\\\|\\kW\\k$Y~ҡͻQyͪ\"|6\m&\LB\\wj\'^\'oh||OvR\P\\\\ImʛU\\\\\|%5\\I.\\\nc\\0\h4\ \}buR?͎ m\\+\i\+,\~۴j\\WWQ~\\\\\jr˳߂]\'B\oD\R\&Ax\5G\nOA\\g/?I}h\\}\]3\\\\i\\s7>\\\~*J>!|~+k{\\˺6\_\wssso_q$bb\+Ϩ\;1\\\;w\4\'v\ro_F\-\zuU3;.:1N]ӆŨ<s\\m\N\Y_.|wWWѴz;F{,\횚6qs\\RA1r\ߌM3\\n\M\:/\\\r=~\n1\|\WX\\[+\^]H\\_\1\\j9PZ\l\Zg?[!aC\'c\"mLZ[\Oy\|\\\ *\\K4\+kO\?\O<MQ\*MXm|@*!O3t*Wݳ\g\K+\_8\Z&\\\\n\w?\\-\\+^ \.r\ߦڠ0պ꼿\\D茟8\'&Le\ra\E2Bn\n\\ut:֒P \!$& \\ؿspcgB\-_=%\삐pE\08-\!aqBB\S)Sn\@h\\\\\\O\\E;<ȴ\nѦ<>\'fCBdBrZ\\\a4tF\l\{c\-~3\\\ӷ#\^\Z1!a\:H@\s~\~]85w\u\?Vi3)\4^aךQ\\r\^]K\\zj\'\(\\\\Gh\QAa\\\\16\fRkp~\ޑĎY#b\u\nn\"\Ff\\&>K\Rs\}܇\F\,a\$U]W˰JN\;\~\-	ﻁC VV6($57r3\df\R\e ,\_O\oO8Kz)\[\_#mo\1.q\\<\I V\Q\Z\2\%n+h[mp\S`g:\#~\Q:fsTz(\hD\\Z+\XK5C6L05uBt_P\n\\G%k\DX\&P\\"\D@\_Hg_^N\a\\nk3*)\\'\.\I<\Vx\r\n`%U!PM\0L\\n+\\0\\AV\$\j\FB \C\_k<a3\\IgV4D-\Z\P%Bs69FLN6\& +i)\\\^\\!\j\mTang1È\\\+5A\'$\dm\N\Y\|!0`s\lS vh/M\\\\\KCB\R37uEBciJ#~\	`3\\B@R!Jg\#t\+\{(\r\\*IBpk/4|\EL \2h\҄!\P\0	wjCX\n\S.3!oلr\uq.p	\[\"\\nCpGX/\E:SnJh\?\BPQl`񖨏v\\a=Q~U(2P\.BpnM\B#?zy\&=<ky\\Sس\V\\DSطm\\Z\\^7vik-\T%4q殲ͅJoBfw\\}\(/\tW\S\\a4[!>gTA2e-\1>\\c\r!\\х\ՒryșCH\U\\\nF<!9ZW!Dg}#yM\V\"31j)4[\+\(\M\D\ #\n\^\D\'-ia=\ #J+p{,>+Ջq\\\\urB0Cm\jv\pd\\Zd\\\F*\nO\nqw֐c[\>\f`<BRj_i!\n\\&5\øȅ\\0kcH7\Z\I\\@\Zݥ\AS\\I\\+\ cB}8cimk_\\Z\M6\ݗb cB=K9\"^\\GvA\~6\'!D,Vk)Rx9!\jfiT?vTRg\nc<QD}\\'J|a^\'4\'\rw\\'҅9\>?dW\Dpt\\\\l\'}\F}:/d\rGx4@<{S|W\"B\{Ք\"\\,\p\/=0Z\\^/h\Zv|~\nu<Y\݋\.hBc\\,\6	Ξ(A\\iZEP7~\&n\c9A!)\Zm;B\\\lb!kFt387_i\s\ٳśRg>%n̜\l~PpeF\\K\\/=\Z\\rQ\'ï\\o\\59;h1\C\>o0w|[-`O\q]\n>[\GP\n\\v6\ya:\\3P1V\I\e	\G֑gfx\c\\\OX(\\&-9;h\!҅H=&/.$cJeb15k<BN=\r&/ǈplOv\ٵ\YB\z\LW4I\܃\LK^\4		\	C4g2S$F\1\|gj\4k;ha!<>RM9@=\rRhLC<Wx\C%c\m&|.<\\f\cv\.\rVc*.mO\+\\\	\?\%c\Wᡠ9Z\*aa\\~O\ν\"{\熄\l\rP5_\'\	\ː\09\'\n\9w	\\r\Zr	ݻ]\9k3p?\]\!\nC;\rd?\\\@g\&~\\ndc=\0wnb辆_\\P\()<Q{_\"\Y\ZP\Z\o穠K\\H\\_?8\'\Π{}p\`ckA+$#$\"T`+\\C\'aA/\'\\n)\ySP\mn\	b\Dv\b.П3\n\\'\%\\ߍ0\nz)^l\~Y\\oAzG\\Y\(Q\ڌ\\\\\n\Z\\̪\}O\iYr˝;Q!\{\\\\Bw3d\.3T\C\;,CB]\y@+K=\\\"cp\{HUE\3>L|t\no\)%\ns\l`&s\#\,\nKYA\\,0\2=\"=q\n	(TC/6!46n2&ConD\2fWP-J\\kyx *,r\\\\(\\!\*\\]`\rX\yʮxAaLQЄ~NAM\\\\rA\U`D|[U.TZ1\\\\+l-\	:8)ԗ9\[}\#\z\8\'\]J(\\D8Fx$ll\\TA\\4\\AkjϾdgK\\\nSȺ\p\Nc*nBDn5¿H\(Bj\n\;a\nL\LP\9K\+T\ƹ\\rނs\FD!s\PILDфF+\n7\=\"^U))[\ĲXE٭:e7xˇ@\r TD\JF\\F\$G\\ID\kX(yxq#nW.k$aqňB^e\\1>P,GI`d\c	I\\V\x8\\"$U^U6)\'aF񄪺N1\]{xB92Oٍ\)$7\[844R\\'AhGdf3қEI\09p,^\\\'R72\7,\\:\!%oX.iI\S%UGY\S\\\1Q\I\w\\U$eG\';y^$$tC$\\r\]>,;9-ښe\\FB\\JӖ.\\0\0\0\0IENDB`');
/*!40000 ALTER TABLE `userinfo2` ENABLE KEYS */;
UNLOCK TABLES;
/*!40103 SET TIME_ZONE=@OLD_TIME_ZONE */;

/*!40101 SET SQL_MODE=@OLD_SQL_MODE */;
/*!40014 SET FOREIGN_KEY_CHECKS=@OLD_FOREIGN_KEY_CHECKS */;
/*!40014 SET UNIQUE_CHECKS=@OLD_UNIQUE_CHECKS */;
/*!40101 SET CHARACTER_SET_CLIENT=@OLD_CHARACTER_SET_CLIENT */;
/*!40101 SET CHARACTER_SET_RESULTS=@OLD_CHARACTER_SET_RESULTS */;
/*!40101 SET COLLATION_CONNECTION=@OLD_COLLATION_CONNECTION */;
/*!40111 SET SQL_NOTES=@OLD_SQL_NOTES */;

-- Dump completed on 2021-01-18  9:35:55
CREATE DATABASE  IF NOT EXISTS `team_five` /*!40100 DEFAULT CHARACTER SET utf8 */ /*!80016 DEFAULT ENCRYPTION='N' */;
USE `team_five`;
-- MySQL dump 10.13  Distrib 8.0.17, for macos10.14 (x86_64)
--
-- Host: localhost    Database: team_five
-- ------------------------------------------------------
-- Server version	8.0.17

/*!40101 SET @OLD_CHARACTER_SET_CLIENT=@@CHARACTER_SET_CLIENT */;
/*!40101 SET @OLD_CHARACTER_SET_RESULTS=@@CHARACTER_SET_RESULTS */;
/*!40101 SET @OLD_COLLATION_CONNECTION=@@COLLATION_CONNECTION */;
/*!50503 SET NAMES utf8 */;
/*!40103 SET @OLD_TIME_ZONE=@@TIME_ZONE */;
/*!40103 SET TIME_ZONE='+00:00' */;
/*!40014 SET @OLD_UNIQUE_CHECKS=@@UNIQUE_CHECKS, UNIQUE_CHECKS=0 */;
/*!40014 SET @OLD_FOREIGN_KEY_CHECKS=@@FOREIGN_KEY_CHECKS, FOREIGN_KEY_CHECKS=0 */;
/*!40101 SET @OLD_SQL_MODE=@@SQL_MODE, SQL_MODE='NO_AUTO_VALUE_ON_ZERO' */;
/*!40111 SET @OLD_SQL_NOTES=@@SQL_NOTES, SQL_NOTES=0 */;

--
-- Table structure for table `admin`
--

DROP TABLE IF EXISTS `admin`;
/*!40101 SET @saved_cs_client     = @@character_set_client */;
/*!50503 SET character_set_client = utf8mb4 */;
CREATE TABLE `admin` (
  `adminId` varchar(15) NOT NULL,
  `adminPw` varchar(15) NOT NULL,
  PRIMARY KEY (`adminId`)
) ENGINE=InnoDB DEFAULT CHARSET=utf8;
/*!40101 SET character_set_client = @saved_cs_client */;

--
-- Dumping data for table `admin`
--

LOCK TABLES `admin` WRITE;
/*!40000 ALTER TABLE `admin` DISABLE KEYS */;
/*!40000 ALTER TABLE `admin` ENABLE KEYS */;
UNLOCK TABLES;

--
-- Table structure for table `cartdetail`
--

DROP TABLE IF EXISTS `cartdetail`;
/*!40101 SET @saved_cs_client     = @@character_set_client */;
/*!50503 SET character_set_client = utf8mb4 */;
CREATE TABLE `cartdetail` (
  `cartQty` int(11) DEFAULT NULL,
  `goods_prdNo` int(11) NOT NULL,
  `user_userId` varchar(15) NOT NULL,
  `DcartNo` int(11) NOT NULL AUTO_INCREMENT,
  `cartinfo_cartNo` int(11) NOT NULL,
  PRIMARY KEY (`DcartNo`),
  KEY `goods_prdNo` (`goods_prdNo`),
  KEY `user_userId` (`user_userId`),
  KEY `fk_orderdetail_copy1_cartinfo1_idx` (`cartinfo_cartNo`),
  CONSTRAINT `fk_orderdetail_copy1_cartinfo1` FOREIGN KEY (`cartinfo_cartNo`) REFERENCES `cartinfo` (`cartNo`),
  CONSTRAINT `orderdetail_ibfk_20` FOREIGN KEY (`goods_prdNo`) REFERENCES `product` (`prdNo`),
  CONSTRAINT `orderdetail_ibfk_30` FOREIGN KEY (`user_userId`) REFERENCES `user` (`userId`)
) ENGINE=InnoDB AUTO_INCREMENT=199 DEFAULT CHARSET=utf8;
/*!40101 SET character_set_client = @saved_cs_client */;

--
-- Dumping data for table `cartdetail`
--

LOCK TABLES `cartdetail` WRITE;
/*!40000 ALTER TABLE `cartdetail` DISABLE KEYS */;
/*!40000 ALTER TABLE `cartdetail` ENABLE KEYS */;
UNLOCK TABLES;

--
-- Table structure for table `cartinfo`
--

DROP TABLE IF EXISTS `cartinfo`;
/*!40101 SET @saved_cs_client     = @@character_set_client */;
/*!50503 SET character_set_client = utf8mb4 */;
CREATE TABLE `cartinfo` (
  `cartNo` int(11) NOT NULL AUTO_INCREMENT,
  `user_userId` varchar(15) NOT NULL,
  `cartDate` datetime DEFAULT NULL,
  `cartTotalPrice` varchar(45) DEFAULT NULL,
  PRIMARY KEY (`cartNo`,`user_userId`),
  KEY `fk_orderinfo_user2_idx` (`user_userId`),
  CONSTRAINT `fk_orderinfo_user20` FOREIGN KEY (`user_userId`) REFERENCES `user` (`userId`)
) ENGINE=InnoDB AUTO_INCREMENT=69 DEFAULT CHARSET=utf8;
/*!40101 SET character_set_client = @saved_cs_client */;

--
-- Dumping data for table `cartinfo`
--

LOCK TABLES `cartinfo` WRITE;
/*!40000 ALTER TABLE `cartinfo` DISABLE KEYS */;
/*!40000 ALTER TABLE `cartinfo` ENABLE KEYS */;
UNLOCK TABLES;

--
-- Table structure for table `comment`
--

DROP TABLE IF EXISTS `comment`;
/*!40101 SET @saved_cs_client     = @@character_set_client */;
/*!50503 SET character_set_client = utf8mb4 */;
CREATE TABLE `comment` (
  `admin_adminId` varchar(15) NOT NULL,
  `qComment` text,
  `qna_qSeqno` int(11) NOT NULL,
  PRIMARY KEY (`admin_adminId`,`qna_qSeqno`),
  KEY `comment_ibfk_1` (`qna_qSeqno`),
  CONSTRAINT `comment_ibfk_1` FOREIGN KEY (`qna_qSeqno`) REFERENCES `qna` (`qSeqno`),
  CONSTRAINT `fk_comment_admin1` FOREIGN KEY (`admin_adminId`) REFERENCES `admin` (`adminId`)
) ENGINE=InnoDB DEFAULT CHARSET=utf8;
/*!40101 SET character_set_client = @saved_cs_client */;

--
-- Dumping data for table `comment`
--

LOCK TABLES `comment` WRITE;
/*!40000 ALTER TABLE `comment` DISABLE KEYS */;
/*!40000 ALTER TABLE `comment` ENABLE KEYS */;
UNLOCK TABLES;

--
-- Table structure for table `event`
--

DROP TABLE IF EXISTS `event`;
/*!40101 SET @saved_cs_client     = @@character_set_client */;
/*!50503 SET character_set_client = utf8mb4 */;
CREATE TABLE `event` (
  `eSeqno` int(11) NOT NULL AUTO_INCREMENT,
  `eTitle` varchar(45) DEFAULT NULL,
  `eContent` varchar(45) DEFAULT NULL,
  `eFilename` varchar(45) DEFAULT NULL,
  `startDate` date DEFAULT NULL,
  `endDate` date DEFAULT NULL,
  PRIMARY KEY (`eSeqno`)
) ENGINE=InnoDB AUTO_INCREMENT=23 DEFAULT CHARSET=utf8;
/*!40101 SET character_set_client = @saved_cs_client */;

--
-- Dumping data for table `event`
--

LOCK TABLES `event` WRITE;
/*!40000 ALTER TABLE `event` DISABLE KEYS */;
/*!40000 ALTER TABLE `event` ENABLE KEYS */;
UNLOCK TABLES;

--
-- Table structure for table `management`
--

DROP TABLE IF EXISTS `management`;
/*!40101 SET @saved_cs_client     = @@character_set_client */;
/*!50503 SET character_set_client = utf8mb4 */;
CREATE TABLE `management` (
  `goods_prdNo` int(11) NOT NULL,
  `admin_adminId` varchar(15) NOT NULL,
  PRIMARY KEY (`goods_prdNo`,`admin_adminId`),
  KEY `fk_management_admin1_idx` (`admin_adminId`),
  CONSTRAINT `fk_management_admin1` FOREIGN KEY (`admin_adminId`) REFERENCES `admin` (`adminId`),
  CONSTRAINT `fk_management_goods1` FOREIGN KEY (`goods_prdNo`) REFERENCES `product` (`prdNo`)
) ENGINE=InnoDB DEFAULT CHARSET=utf8;
/*!40101 SET character_set_client = @saved_cs_client */;

--
-- Dumping data for table `management`
--

LOCK TABLES `management` WRITE;
/*!40000 ALTER TABLE `management` DISABLE KEYS */;
/*!40000 ALTER TABLE `management` ENABLE KEYS */;
UNLOCK TABLES;

--
-- Table structure for table `notice`
--

DROP TABLE IF EXISTS `notice`;
/*!40101 SET @saved_cs_client     = @@character_set_client */;
/*!50503 SET character_set_client = utf8mb4 */;
CREATE TABLE `notice` (
  `nSeqno` int(11) NOT NULL AUTO_INCREMENT,
  `nTitle` varchar(45) NOT NULL,
  `nContent` text NOT NULL,
  `nDate` date DEFAULT NULL,
  `admin_adminId` varchar(15) NOT NULL,
  PRIMARY KEY (`nSeqno`,`admin_adminId`),
  UNIQUE KEY `seqno_UNIQUE` (`nSeqno`),
  KEY `fk_notice_admin_idx` (`admin_adminId`),
  CONSTRAINT `fk_notice_admin` FOREIGN KEY (`admin_adminId`) REFERENCES `admin` (`adminId`)
) ENGINE=InnoDB AUTO_INCREMENT=37 DEFAULT CHARSET=utf8;
/*!40101 SET character_set_client = @saved_cs_client */;

--
-- Dumping data for table `notice`
--

LOCK TABLES `notice` WRITE;
/*!40000 ALTER TABLE `notice` DISABLE KEYS */;
/*!40000 ALTER TABLE `notice` ENABLE KEYS */;
UNLOCK TABLES;

--
-- Table structure for table `open`
--

DROP TABLE IF EXISTS `open`;
/*!40101 SET @saved_cs_client     = @@character_set_client */;
/*!50503 SET character_set_client = utf8mb4 */;
CREATE TABLE `open` (
  `admin_adminId` varchar(15) NOT NULL,
  `event_eSeqno` int(11) NOT NULL,
  PRIMARY KEY (`admin_adminId`,`event_eSeqno`),
  KEY `fk_open_admin1_idx` (`admin_adminId`),
  KEY `open_ibfk_1` (`event_eSeqno`),
  CONSTRAINT `fk_open_admin1` FOREIGN KEY (`admin_adminId`) REFERENCES `admin` (`adminId`),
  CONSTRAINT `open_ibfk_1` FOREIGN KEY (`event_eSeqno`) REFERENCES `event` (`eSeqno`)
) ENGINE=InnoDB DEFAULT CHARSET=utf8;
/*!40101 SET character_set_client = @saved_cs_client */;

--
-- Dumping data for table `open`
--

LOCK TABLES `open` WRITE;
/*!40000 ALTER TABLE `open` DISABLE KEYS */;
/*!40000 ALTER TABLE `open` ENABLE KEYS */;
UNLOCK TABLES;

--
-- Table structure for table `orderdetail`
--

DROP TABLE IF EXISTS `orderdetail`;
/*!40101 SET @saved_cs_client     = @@character_set_client */;
/*!50503 SET character_set_client = utf8mb4 */;
CREATE TABLE `orderdetail` (
  `ordQty` int(11) DEFAULT NULL,
  `ordReview` text,
  `ordStar` varchar(45) DEFAULT NULL,
  `orderinfo_ordNo` int(11) NOT NULL,
  `goods_prdNo` int(11) NOT NULL,
  `user_userId` varchar(15) NOT NULL,
  `ordRefund` datetime DEFAULT NULL,
  `orddeNo` varchar(45) NOT NULL,
  `orderConfirm` int(11) DEFAULT NULL,
  `ordReviewImg` varchar(45) DEFAULT NULL,
  PRIMARY KEY (`orddeNo`),
  KEY `fk_orderdetail_orderinfo1_idx` (`orderinfo_ordNo`),
  KEY `goods_prdNo` (`goods_prdNo`),
  KEY `user_userId` (`user_userId`),
  CONSTRAINT `orderdetail_ibfk_1` FOREIGN KEY (`orderinfo_ordNo`) REFERENCES `orderinfo` (`ordNo`),
  CONSTRAINT `orderdetail_ibfk_2` FOREIGN KEY (`goods_prdNo`) REFERENCES `product` (`prdNo`),
  CONSTRAINT `orderdetail_ibfk_3` FOREIGN KEY (`user_userId`) REFERENCES `user` (`userId`)
) ENGINE=InnoDB DEFAULT CHARSET=utf8;
/*!40101 SET character_set_client = @saved_cs_client */;

--
-- Dumping data for table `orderdetail`
--

LOCK TABLES `orderdetail` WRITE;
/*!40000 ALTER TABLE `orderdetail` DISABLE KEYS */;
/*!40000 ALTER TABLE `orderdetail` ENABLE KEYS */;
UNLOCK TABLES;

--
-- Table structure for table `orderinfo`
--

DROP TABLE IF EXISTS `orderinfo`;
/*!40101 SET @saved_cs_client     = @@character_set_client */;
/*!50503 SET character_set_client = utf8mb4 */;
CREATE TABLE `orderinfo` (
  `ordNo` int(11) NOT NULL AUTO_INCREMENT,
  `user_userId` varchar(15) NOT NULL,
  `ordDate` datetime DEFAULT NULL,
  `ordReceiver` varchar(15) DEFAULT NULL,
  `ordRcvAddress` varchar(45) DEFAULT NULL,
  `ordRcvAddressDetail` varchar(45) DEFAULT NULL,
  `ordRcvPhone` varchar(45) DEFAULT NULL,
  `ordPay` varchar(45) DEFAULT NULL,
  `ordBank` varchar(25) DEFAULT NULL,
  `ordCardNo` varchar(20) DEFAULT NULL,
  `ordCardPw` varchar(10) DEFAULT NULL,
  `ordDelivery` varchar(45) DEFAULT '상품 준비중',
  `ordDeliveryDate` datetime DEFAULT NULL,
  PRIMARY KEY (`ordNo`,`user_userId`),
  KEY `fk_orderinfo_user2_idx` (`user_userId`),
  CONSTRAINT `fk_orderinfo_user2` FOREIGN KEY (`user_userId`) REFERENCES `user` (`userId`)
) ENGINE=InnoDB AUTO_INCREMENT=113 DEFAULT CHARSET=utf8;
/*!40101 SET character_set_client = @saved_cs_client */;

--
-- Dumping data for table `orderinfo`
--

LOCK TABLES `orderinfo` WRITE;
/*!40000 ALTER TABLE `orderinfo` DISABLE KEYS */;
/*!40000 ALTER TABLE `orderinfo` ENABLE KEYS */;
UNLOCK TABLES;

--
-- Table structure for table `participate`
--

DROP TABLE IF EXISTS `participate`;
/*!40101 SET @saved_cs_client     = @@character_set_client */;
/*!50503 SET character_set_client = utf8mb4 */;
CREATE TABLE `participate` (
  `user_userId` varchar(15) NOT NULL,
  `win` varchar(45) DEFAULT 'X',
  `event_eSeqno` int(11) NOT NULL,
  PRIMARY KEY (`user_userId`,`event_eSeqno`),
  KEY `participate_ibfk_1` (`event_eSeqno`),
  CONSTRAINT `fk_participate_user1` FOREIGN KEY (`user_userId`) REFERENCES `user` (`userId`),
  CONSTRAINT `participate_ibfk_1` FOREIGN KEY (`event_eSeqno`) REFERENCES `event` (`eSeqno`)
) ENGINE=InnoDB DEFAULT CHARSET=utf8;
/*!40101 SET character_set_client = @saved_cs_client */;

--
-- Dumping data for table `participate`
--

LOCK TABLES `participate` WRITE;
/*!40000 ALTER TABLE `participate` DISABLE KEYS */;
/*!40000 ALTER TABLE `participate` ENABLE KEYS */;
UNLOCK TABLES;

--
-- Table structure for table `product`
--

DROP TABLE IF EXISTS `product`;
/*!40101 SET @saved_cs_client     = @@character_set_client */;
/*!50503 SET character_set_client = utf8mb4 */;
CREATE TABLE `product` (
  `ctgType` varchar(25) NOT NULL,
  `ctgTypeDetail` varchar(45) DEFAULT NULL,
  `prdNo` int(11) NOT NULL AUTO_INCREMENT,
  `prdName` varchar(45) NOT NULL,
  `prdPrice` varchar(45) NOT NULL,
  `prdStock` varchar(45) NOT NULL,
  `prdContent` text,
  `prdFilename` varchar(45) DEFAULT NULL,
  `prdDFilename` varchar(45) DEFAULT NULL,
  `prdAFilename` varchar(45) DEFAULT NULL,
  `registerInsertDate` datetime DEFAULT NULL,
  `registerDeleteDate` datetime DEFAULT NULL,
  PRIMARY KEY (`prdNo`),
  UNIQUE KEY `prdNo_UNIQUE` (`prdNo`)
) ENGINE=InnoDB AUTO_INCREMENT=42 DEFAULT CHARSET=utf8;
/*!40101 SET character_set_client = @saved_cs_client */;

--
-- Dumping data for table `product`
--

LOCK TABLES `product` WRITE;
/*!40000 ALTER TABLE `product` DISABLE KEYS */;
/*!40000 ALTER TABLE `product` ENABLE KEYS */;
UNLOCK TABLES;

--
-- Table structure for table `qna`
--

DROP TABLE IF EXISTS `qna`;
/*!40101 SET @saved_cs_client     = @@character_set_client */;
/*!50503 SET character_set_client = utf8mb4 */;
CREATE TABLE `qna` (
  `qSeqno` int(11) NOT NULL AUTO_INCREMENT,
  `qTitle` varchar(45) DEFAULT NULL,
  `qContent` text,
  `qFile` varchar(35) DEFAULT NULL,
  `qUserDate` datetime DEFAULT NULL,
  `user_userId` varchar(15) NOT NULL,
  `qChapter` varchar(45) DEFAULT NULL,
  PRIMARY KEY (`qSeqno`,`user_userId`),
  KEY `fk_qna_user1_idx` (`user_userId`),
  CONSTRAINT `fk_qna_user1` FOREIGN KEY (`user_userId`) REFERENCES `user` (`userId`)
) ENGINE=InnoDB AUTO_INCREMENT=35 DEFAULT CHARSET=utf8;
/*!40101 SET character_set_client = @saved_cs_client */;

--
-- Dumping data for table `qna`
--

LOCK TABLES `qna` WRITE;
/*!40000 ALTER TABLE `qna` DISABLE KEYS */;
/*!40000 ALTER TABLE `qna` ENABLE KEYS */;
UNLOCK TABLES;

--
-- Table structure for table `user`
--

DROP TABLE IF EXISTS `user`;
/*!40101 SET @saved_cs_client     = @@character_set_client */;
/*!50503 SET character_set_client = utf8mb4 */;
CREATE TABLE `user` (
  `userId` varchar(15) NOT NULL,
  `userPw` varchar(25) NOT NULL,
  `userName` varchar(10) DEFAULT NULL,
  `userAddress` varchar(45) DEFAULT NULL,
  `userAddressDetail` varchar(45) DEFAULT NULL,
  `userTel` varchar(45) DEFAULT NULL,
  `userEmail` varchar(45) DEFAULT NULL,
  `userBirth` varchar(45) DEFAULT NULL,
  `userInsertDate` date DEFAULT NULL,
  `userDeleteDate` date DEFAULT NULL,
  PRIMARY KEY (`userId`)
) ENGINE=InnoDB DEFAULT CHARSET=utf8;
/*!40101 SET character_set_client = @saved_cs_client */;

--
-- Dumping data for table `user`
--

LOCK TABLES `user` WRITE;
/*!40000 ALTER TABLE `user` DISABLE KEYS */;
/*!40000 ALTER TABLE `user` ENABLE KEYS */;
UNLOCK TABLES;
/*!40103 SET TIME_ZONE=@OLD_TIME_ZONE */;

/*!40101 SET SQL_MODE=@OLD_SQL_MODE */;
/*!40014 SET FOREIGN_KEY_CHECKS=@OLD_FOREIGN_KEY_CHECKS */;
/*!40014 SET UNIQUE_CHECKS=@OLD_UNIQUE_CHECKS */;
/*!40101 SET CHARACTER_SET_CLIENT=@OLD_CHARACTER_SET_CLIENT */;
/*!40101 SET CHARACTER_SET_RESULTS=@OLD_CHARACTER_SET_RESULTS */;
/*!40101 SET COLLATION_CONNECTION=@OLD_COLLATION_CONNECTION */;
/*!40111 SET SQL_NOTES=@OLD_SQL_NOTES */;

-- Dump completed on 2021-01-18  9:35:56
CREATE DATABASE  IF NOT EXISTS `crud` /*!40100 DEFAULT CHARACTER SET utf8 */ /*!80016 DEFAULT ENCRYPTION='N' */;
USE `crud`;
-- MySQL dump 10.13  Distrib 8.0.17, for macos10.14 (x86_64)
--
-- Host: localhost    Database: crud
-- ------------------------------------------------------
-- Server version	8.0.17

/*!40101 SET @OLD_CHARACTER_SET_CLIENT=@@CHARACTER_SET_CLIENT */;
/*!40101 SET @OLD_CHARACTER_SET_RESULTS=@@CHARACTER_SET_RESULTS */;
/*!40101 SET @OLD_COLLATION_CONNECTION=@@COLLATION_CONNECTION */;
/*!50503 SET NAMES utf8 */;
/*!40103 SET @OLD_TIME_ZONE=@@TIME_ZONE */;
/*!40103 SET TIME_ZONE='+00:00' */;
/*!40014 SET @OLD_UNIQUE_CHECKS=@@UNIQUE_CHECKS, UNIQUE_CHECKS=0 */;
/*!40014 SET @OLD_FOREIGN_KEY_CHECKS=@@FOREIGN_KEY_CHECKS, FOREIGN_KEY_CHECKS=0 */;
/*!40101 SET @OLD_SQL_MODE=@@SQL_MODE, SQL_MODE='NO_AUTO_VALUE_ON_ZERO' */;
/*!40111 SET @OLD_SQL_NOTES=@@SQL_NOTES, SQL_NOTES=0 */;

--
-- Table structure for table `addresslist`
--

DROP TABLE IF EXISTS `addresslist`;
/*!40101 SET @saved_cs_client     = @@character_set_client */;
/*!50503 SET character_set_client = utf8mb4 */;
CREATE TABLE `addresslist` (
  `seq` int(11) NOT NULL AUTO_INCREMENT,
  `name` varchar(15) DEFAULT NULL,
  `tel` varchar(20) DEFAULT NULL,
  `address` varchar(45) DEFAULT NULL,
  `mail` varchar(20) DEFAULT NULL,
  `relation` varchar(40) DEFAULT NULL,
  PRIMARY KEY (`seq`),
  UNIQUE KEY `seq_UNIQUE` (`seq`)
) ENGINE=InnoDB AUTO_INCREMENT=8 DEFAULT CHARSET=utf8;
/*!40101 SET character_set_client = @saved_cs_client */;

--
-- Dumping data for table `addresslist`
--

LOCK TABLES `addresslist` WRITE;
/*!40000 ALTER TABLE `addresslist` DISABLE KEYS */;
INSERT INTO `addresslist` VALUES (1,'1','2','3','4','채무'),(2,'박상혁','010-1234-12345','서울시 강북구','ccc@naver.com','대학친구'),(3,'김일준','010-1234-12345','부산 서구','aaa@naver.com','고등친구'),(4,'김종혁','010-1234-12345','경기도 고양시','bbb@naver.com','지인'),(5,'이일재','010-1234-12345','서울시 관악구','ccc@naver.com','고등친구'),(6,'박진아','010-1234-12345','경기도 김포시','kkk@naver.com','대학친구');
/*!40000 ALTER TABLE `addresslist` ENABLE KEYS */;
UNLOCK TABLES;

--
-- Table structure for table `purchaserinfo`
--

DROP TABLE IF EXISTS `purchaserinfo`;
/*!40101 SET @saved_cs_client     = @@character_set_client */;
/*!50503 SET character_set_client = utf8mb4 */;
CREATE TABLE `purchaserinfo` (
  `userid` varchar(10) NOT NULL,
  `name` varchar(20) DEFAULT NULL,
  `tel` varchar(15) DEFAULT NULL,
  `address` varchar(50) DEFAULT NULL,
  `insertdate` date DEFAULT NULL,
  PRIMARY KEY (`userid`)
) ENGINE=InnoDB DEFAULT CHARSET=utf8;
/*!40101 SET character_set_client = @saved_cs_client */;

--
-- Dumping data for table `purchaserinfo`
--

LOCK TABLES `purchaserinfo` WRITE;
/*!40000 ALTER TABLE `purchaserinfo` DISABLE KEYS */;
INSERT INTO `purchaserinfo` VALUES ('fdfds','이강후','1234','서울시','2020-11-22'),('fsdfs','김재성','645654','부산','2020-11-22'),('sfsdfsd','박철민','43424','경기도','2020-11-22');
/*!40000 ALTER TABLE `purchaserinfo` ENABLE KEYS */;
UNLOCK TABLES;

--
-- Table structure for table `wtest`
--

DROP TABLE IF EXISTS `wtest`;
/*!40101 SET @saved_cs_client     = @@character_set_client */;
/*!50503 SET character_set_client = utf8mb4 */;
CREATE TABLE `wtest` (
  `id` int(11) NOT NULL AUTO_INCREMENT,
  `userid` varchar(45) DEFAULT NULL,
  PRIMARY KEY (`id`),
  UNIQUE KEY `id_UNIQUE` (`id`)
) ENGINE=InnoDB AUTO_INCREMENT=2 DEFAULT CHARSET=utf8;
/*!40101 SET character_set_client = @saved_cs_client */;

--
-- Dumping data for table `wtest`
--

LOCK TABLES `wtest` WRITE;
/*!40000 ALTER TABLE `wtest` DISABLE KEYS */;
INSERT INTO `wtest` VALUES (1,'Abs');
/*!40000 ALTER TABLE `wtest` ENABLE KEYS */;
UNLOCK TABLES;
/*!40103 SET TIME_ZONE=@OLD_TIME_ZONE */;

/*!40101 SET SQL_MODE=@OLD_SQL_MODE */;
/*!40014 SET FOREIGN_KEY_CHECKS=@OLD_FOREIGN_KEY_CHECKS */;
/*!40014 SET UNIQUE_CHECKS=@OLD_UNIQUE_CHECKS */;
/*!40101 SET CHARACTER_SET_CLIENT=@OLD_CHARACTER_SET_CLIENT */;
/*!40101 SET CHARACTER_SET_RESULTS=@OLD_CHARACTER_SET_RESULTS */;
/*!40101 SET COLLATION_CONNECTION=@OLD_COLLATION_CONNECTION */;
/*!40111 SET SQL_NOTES=@OLD_SQL_NOTES */;

-- Dump completed on 2021-01-18  9:35:56
CREATE DATABASE  IF NOT EXISTS `library` /*!40100 DEFAULT CHARACTER SET utf8 */ /*!80016 DEFAULT ENCRYPTION='N' */;
USE `library`;
-- MySQL dump 10.13  Distrib 8.0.17, for macos10.14 (x86_64)
--
-- Host: localhost    Database: library
-- ------------------------------------------------------
-- Server version	8.0.17

/*!40101 SET @OLD_CHARACTER_SET_CLIENT=@@CHARACTER_SET_CLIENT */;
/*!40101 SET @OLD_CHARACTER_SET_RESULTS=@@CHARACTER_SET_RESULTS */;
/*!40101 SET @OLD_COLLATION_CONNECTION=@@COLLATION_CONNECTION */;
/*!50503 SET NAMES utf8 */;
/*!40103 SET @OLD_TIME_ZONE=@@TIME_ZONE */;
/*!40103 SET TIME_ZONE='+00:00' */;
/*!40014 SET @OLD_UNIQUE_CHECKS=@@UNIQUE_CHECKS, UNIQUE_CHECKS=0 */;
/*!40014 SET @OLD_FOREIGN_KEY_CHECKS=@@FOREIGN_KEY_CHECKS, FOREIGN_KEY_CHECKS=0 */;
/*!40101 SET @OLD_SQL_MODE=@@SQL_MODE, SQL_MODE='NO_AUTO_VALUE_ON_ZERO' */;
/*!40111 SET @OLD_SQL_NOTES=@@SQL_NOTES, SQL_NOTES=0 */;

--
-- Table structure for table `book`
--

DROP TABLE IF EXISTS `book`;
/*!40101 SET @saved_cs_client     = @@character_set_client */;
/*!50503 SET character_set_client = utf8mb4 */;
CREATE TABLE `book` (
  `bid` int(11) NOT NULL,
  `bname` varchar(45) DEFAULT NULL,
  `bauthor` varchar(45) DEFAULT NULL,
  `bpublisher` varchar(45) DEFAULT NULL,
  PRIMARY KEY (`bid`)
) ENGINE=InnoDB DEFAULT CHARSET=utf8;
/*!40101 SET character_set_client = @saved_cs_client */;

--
-- Dumping data for table `book`
--

LOCK TABLES `book` WRITE;
/*!40000 ALTER TABLE `book` DISABLE KEYS */;
/*!40000 ALTER TABLE `book` ENABLE KEYS */;
UNLOCK TABLES;

--
-- Table structure for table `rent`
--

DROP TABLE IF EXISTS `rent`;
/*!40101 SET @saved_cs_client     = @@character_set_client */;
/*!50503 SET character_set_client = utf8mb4 */;
CREATE TABLE `rent` (
  `rentdate` date DEFAULT NULL,
  `returndate` date DEFAULT NULL,
  `book_bid` int(11) NOT NULL,
  `student_sid` int(11) NOT NULL,
  PRIMARY KEY (`book_bid`,`student_sid`),
  KEY `fk_rent_book1_idx` (`book_bid`),
  KEY `fk_rent_student1_idx` (`student_sid`),
  CONSTRAINT `fk_rent_book1` FOREIGN KEY (`book_bid`) REFERENCES `book` (`bid`),
  CONSTRAINT `fk_rent_student1` FOREIGN KEY (`student_sid`) REFERENCES `student` (`sid`)
) ENGINE=InnoDB DEFAULT CHARSET=utf8;
/*!40101 SET character_set_client = @saved_cs_client */;

--
-- Dumping data for table `rent`
--

LOCK TABLES `rent` WRITE;
/*!40000 ALTER TABLE `rent` DISABLE KEYS */;
/*!40000 ALTER TABLE `rent` ENABLE KEYS */;
UNLOCK TABLES;

--
-- Table structure for table `student`
--

DROP TABLE IF EXISTS `student`;
/*!40101 SET @saved_cs_client     = @@character_set_client */;
/*!50503 SET character_set_client = utf8mb4 */;
CREATE TABLE `student` (
  `sid` int(11) NOT NULL,
  `sname` varchar(45) DEFAULT NULL,
  `sdept` varchar(45) DEFAULT NULL,
  `stel` varchar(45) DEFAULT NULL,
  PRIMARY KEY (`sid`),
  UNIQUE KEY `sid_UNIQUE` (`sid`)
) ENGINE=InnoDB DEFAULT CHARSET=utf8;
/*!40101 SET character_set_client = @saved_cs_client */;

--
-- Dumping data for table `student`
--

LOCK TABLES `student` WRITE;
/*!40000 ALTER TABLE `student` DISABLE KEYS */;
/*!40000 ALTER TABLE `student` ENABLE KEYS */;
UNLOCK TABLES;
/*!40103 SET TIME_ZONE=@OLD_TIME_ZONE */;

/*!40101 SET SQL_MODE=@OLD_SQL_MODE */;
/*!40014 SET FOREIGN_KEY_CHECKS=@OLD_FOREIGN_KEY_CHECKS */;
/*!40014 SET UNIQUE_CHECKS=@OLD_UNIQUE_CHECKS */;
/*!40101 SET CHARACTER_SET_CLIENT=@OLD_CHARACTER_SET_CLIENT */;
/*!40101 SET CHARACTER_SET_RESULTS=@OLD_CHARACTER_SET_RESULTS */;
/*!40101 SET COLLATION_CONNECTION=@OLD_COLLATION_CONNECTION */;
/*!40111 SET SQL_NOTES=@OLD_SQL_NOTES */;

-- Dump completed on 2021-01-18  9:35:57
CREATE DATABASE  IF NOT EXISTS `sys` /*!40100 DEFAULT CHARACTER SET utf8mb4 COLLATE utf8mb4_0900_ai_ci */ /*!80016 DEFAULT ENCRYPTION='N' */;
USE `sys`;
-- MySQL dump 10.13  Distrib 8.0.17, for macos10.14 (x86_64)
--
-- Host: localhost    Database: sys
-- ------------------------------------------------------
-- Server version	8.0.17

/*!40101 SET @OLD_CHARACTER_SET_CLIENT=@@CHARACTER_SET_CLIENT */;
/*!40101 SET @OLD_CHARACTER_SET_RESULTS=@@CHARACTER_SET_RESULTS */;
/*!40101 SET @OLD_COLLATION_CONNECTION=@@COLLATION_CONNECTION */;
/*!50503 SET NAMES utf8 */;
/*!40103 SET @OLD_TIME_ZONE=@@TIME_ZONE */;
/*!40103 SET TIME_ZONE='+00:00' */;
/*!40014 SET @OLD_UNIQUE_CHECKS=@@UNIQUE_CHECKS, UNIQUE_CHECKS=0 */;
/*!40014 SET @OLD_FOREIGN_KEY_CHECKS=@@FOREIGN_KEY_CHECKS, FOREIGN_KEY_CHECKS=0 */;
/*!40101 SET @OLD_SQL_MODE=@@SQL_MODE, SQL_MODE='NO_AUTO_VALUE_ON_ZERO' */;
/*!40111 SET @OLD_SQL_NOTES=@@SQL_NOTES, SQL_NOTES=0 */;

--
-- Temporary view structure for view `host_summary`
--

DROP TABLE IF EXISTS `host_summary`;
/*!50001 DROP VIEW IF EXISTS `host_summary`*/;
SET @saved_cs_client     = @@character_set_client;
/*!50503 SET character_set_client = utf8mb4 */;
/*!50001 CREATE VIEW `host_summary` AS SELECT 
 1 AS `host`,
 1 AS `statements`,
 1 AS `statement_latency`,
 1 AS `statement_avg_latency`,
 1 AS `table_scans`,
 1 AS `file_ios`,
 1 AS `file_io_latency`,
 1 AS `current_connections`,
 1 AS `total_connections`,
 1 AS `unique_users`,
 1 AS `current_memory`,
 1 AS `total_memory_allocated`*/;
SET character_set_client = @saved_cs_client;

--
-- Temporary view structure for view `host_summary_by_file_io`
--

DROP TABLE IF EXISTS `host_summary_by_file_io`;
/*!50001 DROP VIEW IF EXISTS `host_summary_by_file_io`*/;
SET @saved_cs_client     = @@character_set_client;
/*!50503 SET character_set_client = utf8mb4 */;
/*!50001 CREATE VIEW `host_summary_by_file_io` AS SELECT 
 1 AS `host`,
 1 AS `ios`,
 1 AS `io_latency`*/;
SET character_set_client = @saved_cs_client;

--
-- Temporary view structure for view `host_summary_by_file_io_type`
--

DROP TABLE IF EXISTS `host_summary_by_file_io_type`;
/*!50001 DROP VIEW IF EXISTS `host_summary_by_file_io_type`*/;
SET @saved_cs_client     = @@character_set_client;
/*!50503 SET character_set_client = utf8mb4 */;
/*!50001 CREATE VIEW `host_summary_by_file_io_type` AS SELECT 
 1 AS `host`,
 1 AS `event_name`,
 1 AS `total`,
 1 AS `total_latency`,
 1 AS `max_latency`*/;
SET character_set_client = @saved_cs_client;

--
-- Temporary view structure for view `host_summary_by_stages`
--

DROP TABLE IF EXISTS `host_summary_by_stages`;
/*!50001 DROP VIEW IF EXISTS `host_summary_by_stages`*/;
SET @saved_cs_client     = @@character_set_client;
/*!50503 SET character_set_client = utf8mb4 */;
/*!50001 CREATE VIEW `host_summary_by_stages` AS SELECT 
 1 AS `host`,
 1 AS `event_name`,
 1 AS `total`,
 1 AS `total_latency`,
 1 AS `avg_latency`*/;
SET character_set_client = @saved_cs_client;

--
-- Temporary view structure for view `host_summary_by_statement_latency`
--

DROP TABLE IF EXISTS `host_summary_by_statement_latency`;
/*!50001 DROP VIEW IF EXISTS `host_summary_by_statement_latency`*/;
SET @saved_cs_client     = @@character_set_client;
/*!50503 SET character_set_client = utf8mb4 */;
/*!50001 CREATE VIEW `host_summary_by_statement_latency` AS SELECT 
 1 AS `host`,
 1 AS `total`,
 1 AS `total_latency`,
 1 AS `max_latency`,
 1 AS `lock_latency`,
 1 AS `rows_sent`,
 1 AS `rows_examined`,
 1 AS `rows_affected`,
 1 AS `full_scans`*/;
SET character_set_client = @saved_cs_client;

--
-- Temporary view structure for view `host_summary_by_statement_type`
--

DROP TABLE IF EXISTS `host_summary_by_statement_type`;
/*!50001 DROP VIEW IF EXISTS `host_summary_by_statement_type`*/;
SET @saved_cs_client     = @@character_set_client;
/*!50503 SET character_set_client = utf8mb4 */;
/*!50001 CREATE VIEW `host_summary_by_statement_type` AS SELECT 
 1 AS `host`,
 1 AS `statement`,
 1 AS `total`,
 1 AS `total_latency`,
 1 AS `max_latency`,
 1 AS `lock_latency`,
 1 AS `rows_sent`,
 1 AS `rows_examined`,
 1 AS `rows_affected`,
 1 AS `full_scans`*/;
SET character_set_client = @saved_cs_client;

--
-- Temporary view structure for view `innodb_buffer_stats_by_schema`
--

DROP TABLE IF EXISTS `innodb_buffer_stats_by_schema`;
/*!50001 DROP VIEW IF EXISTS `innodb_buffer_stats_by_schema`*/;
SET @saved_cs_client     = @@character_set_client;
/*!50503 SET character_set_client = utf8mb4 */;
/*!50001 CREATE VIEW `innodb_buffer_stats_by_schema` AS SELECT 
 1 AS `object_schema`,
 1 AS `allocated`,
 1 AS `data`,
 1 AS `pages`,
 1 AS `pages_hashed`,
 1 AS `pages_old`,
 1 AS `rows_cached`*/;
SET character_set_client = @saved_cs_client;

--
-- Temporary view structure for view `innodb_buffer_stats_by_table`
--

DROP TABLE IF EXISTS `innodb_buffer_stats_by_table`;
/*!50001 DROP VIEW IF EXISTS `innodb_buffer_stats_by_table`*/;
SET @saved_cs_client     = @@character_set_client;
/*!50503 SET character_set_client = utf8mb4 */;
/*!50001 CREATE VIEW `innodb_buffer_stats_by_table` AS SELECT 
 1 AS `object_schema`,
 1 AS `object_name`,
 1 AS `allocated`,
 1 AS `data`,
 1 AS `pages`,
 1 AS `pages_hashed`,
 1 AS `pages_old`,
 1 AS `rows_cached`*/;
SET character_set_client = @saved_cs_client;

--
-- Temporary view structure for view `innodb_lock_waits`
--

DROP TABLE IF EXISTS `innodb_lock_waits`;
/*!50001 DROP VIEW IF EXISTS `innodb_lock_waits`*/;
SET @saved_cs_client     = @@character_set_client;
/*!50503 SET character_set_client = utf8mb4 */;
/*!50001 CREATE VIEW `innodb_lock_waits` AS SELECT 
 1 AS `wait_started`,
 1 AS `wait_age`,
 1 AS `wait_age_secs`,
 1 AS `locked_table`,
 1 AS `locked_table_schema`,
 1 AS `locked_table_name`,
 1 AS `locked_table_partition`,
 1 AS `locked_table_subpartition`,
 1 AS `locked_index`,
 1 AS `locked_type`,
 1 AS `waiting_trx_id`,
 1 AS `waiting_trx_started`,
 1 AS `waiting_trx_age`,
 1 AS `waiting_trx_rows_locked`,
 1 AS `waiting_trx_rows_modified`,
 1 AS `waiting_pid`,
 1 AS `waiting_query`,
 1 AS `waiting_lock_id`,
 1 AS `waiting_lock_mode`,
 1 AS `blocking_trx_id`,
 1 AS `blocking_pid`,
 1 AS `blocking_query`,
 1 AS `blocking_lock_id`,
 1 AS `blocking_lock_mode`,
 1 AS `blocking_trx_started`,
 1 AS `blocking_trx_age`,
 1 AS `blocking_trx_rows_locked`,
 1 AS `blocking_trx_rows_modified`,
 1 AS `sql_kill_blocking_query`,
 1 AS `sql_kill_blocking_connection`*/;
SET character_set_client = @saved_cs_client;

--
-- Temporary view structure for view `io_by_thread_by_latency`
--

DROP TABLE IF EXISTS `io_by_thread_by_latency`;
/*!50001 DROP VIEW IF EXISTS `io_by_thread_by_latency`*/;
SET @saved_cs_client     = @@character_set_client;
/*!50503 SET character_set_client = utf8mb4 */;
/*!50001 CREATE VIEW `io_by_thread_by_latency` AS SELECT 
 1 AS `user`,
 1 AS `total`,
 1 AS `total_latency`,
 1 AS `min_latency`,
 1 AS `avg_latency`,
 1 AS `max_latency`,
 1 AS `thread_id`,
 1 AS `processlist_id`*/;
SET character_set_client = @saved_cs_client;

--
-- Temporary view structure for view `io_global_by_file_by_bytes`
--

DROP TABLE IF EXISTS `io_global_by_file_by_bytes`;
/*!50001 DROP VIEW IF EXISTS `io_global_by_file_by_bytes`*/;
SET @saved_cs_client     = @@character_set_client;
/*!50503 SET character_set_client = utf8mb4 */;
/*!50001 CREATE VIEW `io_global_by_file_by_bytes` AS SELECT 
 1 AS `file`,
 1 AS `count_read`,
 1 AS `total_read`,
 1 AS `avg_read`,
 1 AS `count_write`,
 1 AS `total_written`,
 1 AS `avg_write`,
 1 AS `total`,
 1 AS `write_pct`*/;
SET character_set_client = @saved_cs_client;

--
-- Temporary view structure for view `io_global_by_file_by_latency`
--

DROP TABLE IF EXISTS `io_global_by_file_by_latency`;
/*!50001 DROP VIEW IF EXISTS `io_global_by_file_by_latency`*/;
SET @saved_cs_client     = @@character_set_client;
/*!50503 SET character_set_client = utf8mb4 */;
/*!50001 CREATE VIEW `io_global_by_file_by_latency` AS SELECT 
 1 AS `file`,
 1 AS `total`,
 1 AS `total_latency`,
 1 AS `count_read`,
 1 AS `read_latency`,
 1 AS `count_write`,
 1 AS `write_latency`,
 1 AS `count_misc`,
 1 AS `misc_latency`*/;
SET character_set_client = @saved_cs_client;

--
-- Temporary view structure for view `io_global_by_wait_by_bytes`
--

DROP TABLE IF EXISTS `io_global_by_wait_by_bytes`;
/*!50001 DROP VIEW IF EXISTS `io_global_by_wait_by_bytes`*/;
SET @saved_cs_client     = @@character_set_client;
/*!50503 SET character_set_client = utf8mb4 */;
/*!50001 CREATE VIEW `io_global_by_wait_by_bytes` AS SELECT 
 1 AS `event_name`,
 1 AS `total`,
 1 AS `total_latency`,
 1 AS `min_latency`,
 1 AS `avg_latency`,
 1 AS `max_latency`,
 1 AS `count_read`,
 1 AS `total_read`,
 1 AS `avg_read`,
 1 AS `count_write`,
 1 AS `total_written`,
 1 AS `avg_written`,
 1 AS `total_requested`*/;
SET character_set_client = @saved_cs_client;

--
-- Temporary view structure for view `io_global_by_wait_by_latency`
--

DROP TABLE IF EXISTS `io_global_by_wait_by_latency`;
/*!50001 DROP VIEW IF EXISTS `io_global_by_wait_by_latency`*/;
SET @saved_cs_client     = @@character_set_client;
/*!50503 SET character_set_client = utf8mb4 */;
/*!50001 CREATE VIEW `io_global_by_wait_by_latency` AS SELECT 
 1 AS `event_name`,
 1 AS `total`,
 1 AS `total_latency`,
 1 AS `avg_latency`,
 1 AS `max_latency`,
 1 AS `read_latency`,
 1 AS `write_latency`,
 1 AS `misc_latency`,
 1 AS `count_read`,
 1 AS `total_read`,
 1 AS `avg_read`,
 1 AS `count_write`,
 1 AS `total_written`,
 1 AS `avg_written`*/;
SET character_set_client = @saved_cs_client;

--
-- Temporary view structure for view `latest_file_io`
--

DROP TABLE IF EXISTS `latest_file_io`;
/*!50001 DROP VIEW IF EXISTS `latest_file_io`*/;
SET @saved_cs_client     = @@character_set_client;
/*!50503 SET character_set_client = utf8mb4 */;
/*!50001 CREATE VIEW `latest_file_io` AS SELECT 
 1 AS `thread`,
 1 AS `file`,
 1 AS `latency`,
 1 AS `operation`,
 1 AS `requested`*/;
SET character_set_client = @saved_cs_client;

--
-- Temporary view structure for view `memory_by_host_by_current_bytes`
--

DROP TABLE IF EXISTS `memory_by_host_by_current_bytes`;
/*!50001 DROP VIEW IF EXISTS `memory_by_host_by_current_bytes`*/;
SET @saved_cs_client     = @@character_set_client;
/*!50503 SET character_set_client = utf8mb4 */;
/*!50001 CREATE VIEW `memory_by_host_by_current_bytes` AS SELECT 
 1 AS `host`,
 1 AS `current_count_used`,
 1 AS `current_allocated`,
 1 AS `current_avg_alloc`,
 1 AS `current_max_alloc`,
 1 AS `total_allocated`*/;
SET character_set_client = @saved_cs_client;

--
-- Temporary view structure for view `memory_by_thread_by_current_bytes`
--

DROP TABLE IF EXISTS `memory_by_thread_by_current_bytes`;
/*!50001 DROP VIEW IF EXISTS `memory_by_thread_by_current_bytes`*/;
SET @saved_cs_client     = @@character_set_client;
/*!50503 SET character_set_client = utf8mb4 */;
/*!50001 CREATE VIEW `memory_by_thread_by_current_bytes` AS SELECT 
 1 AS `thread_id`,
 1 AS `user`,
 1 AS `current_count_used`,
 1 AS `current_allocated`,
 1 AS `current_avg_alloc`,
 1 AS `current_max_alloc`,
 1 AS `total_allocated`*/;
SET character_set_client = @saved_cs_client;

--
-- Temporary view structure for view `memory_by_user_by_current_bytes`
--

DROP TABLE IF EXISTS `memory_by_user_by_current_bytes`;
/*!50001 DROP VIEW IF EXISTS `memory_by_user_by_current_bytes`*/;
SET @saved_cs_client     = @@character_set_client;
/*!50503 SET character_set_client = utf8mb4 */;
/*!50001 CREATE VIEW `memory_by_user_by_current_bytes` AS SELECT 
 1 AS `user`,
 1 AS `current_count_used`,
 1 AS `current_allocated`,
 1 AS `current_avg_alloc`,
 1 AS `current_max_alloc`,
 1 AS `total_allocated`*/;
SET character_set_client = @saved_cs_client;

--
-- Temporary view structure for view `memory_global_by_current_bytes`
--

DROP TABLE IF EXISTS `memory_global_by_current_bytes`;
/*!50001 DROP VIEW IF EXISTS `memory_global_by_current_bytes`*/;
SET @saved_cs_client     = @@character_set_client;
/*!50503 SET character_set_client = utf8mb4 */;
/*!50001 CREATE VIEW `memory_global_by_current_bytes` AS SELECT 
 1 AS `event_name`,
 1 AS `current_count`,
 1 AS `current_alloc`,
 1 AS `current_avg_alloc`,
 1 AS `high_count`,
 1 AS `high_alloc`,
 1 AS `high_avg_alloc`*/;
SET character_set_client = @saved_cs_client;

--
-- Temporary view structure for view `memory_global_total`
--

DROP TABLE IF EXISTS `memory_global_total`;
/*!50001 DROP VIEW IF EXISTS `memory_global_total`*/;
SET @saved_cs_client     = @@character_set_client;
/*!50503 SET character_set_client = utf8mb4 */;
/*!50001 CREATE VIEW `memory_global_total` AS SELECT 
 1 AS `total_allocated`*/;
SET character_set_client = @saved_cs_client;

--
-- Temporary view structure for view `metrics`
--

DROP TABLE IF EXISTS `metrics`;
/*!50001 DROP VIEW IF EXISTS `metrics`*/;
SET @saved_cs_client     = @@character_set_client;
/*!50503 SET character_set_client = utf8mb4 */;
/*!50001 CREATE VIEW `metrics` AS SELECT 
 1 AS `Variable_name`,
 1 AS `Variable_value`,
 1 AS `Type`,
 1 AS `Enabled`*/;
SET character_set_client = @saved_cs_client;

--
-- Temporary view structure for view `processlist`
--

DROP TABLE IF EXISTS `processlist`;
/*!50001 DROP VIEW IF EXISTS `processlist`*/;
SET @saved_cs_client     = @@character_set_client;
/*!50503 SET character_set_client = utf8mb4 */;
/*!50001 CREATE VIEW `processlist` AS SELECT 
 1 AS `thd_id`,
 1 AS `conn_id`,
 1 AS `user`,
 1 AS `db`,
 1 AS `command`,
 1 AS `state`,
 1 AS `time`,
 1 AS `current_statement`,
 1 AS `statement_latency`,
 1 AS `progress`,
 1 AS `lock_latency`,
 1 AS `rows_examined`,
 1 AS `rows_sent`,
 1 AS `rows_affected`,
 1 AS `tmp_tables`,
 1 AS `tmp_disk_tables`,
 1 AS `full_scan`,
 1 AS `last_statement`,
 1 AS `last_statement_latency`,
 1 AS `current_memory`,
 1 AS `last_wait`,
 1 AS `last_wait_latency`,
 1 AS `source`,
 1 AS `trx_latency`,
 1 AS `trx_state`,
 1 AS `trx_autocommit`,
 1 AS `pid`,
 1 AS `program_name`*/;
SET character_set_client = @saved_cs_client;

--
-- Temporary view structure for view `ps_check_lost_instrumentation`
--

DROP TABLE IF EXISTS `ps_check_lost_instrumentation`;
/*!50001 DROP VIEW IF EXISTS `ps_check_lost_instrumentation`*/;
SET @saved_cs_client     = @@character_set_client;
/*!50503 SET character_set_client = utf8mb4 */;
/*!50001 CREATE VIEW `ps_check_lost_instrumentation` AS SELECT 
 1 AS `variable_name`,
 1 AS `variable_value`*/;
SET character_set_client = @saved_cs_client;

--
-- Temporary view structure for view `schema_auto_increment_columns`
--

DROP TABLE IF EXISTS `schema_auto_increment_columns`;
/*!50001 DROP VIEW IF EXISTS `schema_auto_increment_columns`*/;
SET @saved_cs_client     = @@character_set_client;
/*!50503 SET character_set_client = utf8mb4 */;
/*!50001 CREATE VIEW `schema_auto_increment_columns` AS SELECT 
 1 AS `table_schema`,
 1 AS `table_name`,
 1 AS `column_name`,
 1 AS `data_type`,
 1 AS `column_type`,
 1 AS `is_signed`,
 1 AS `is_unsigned`,
 1 AS `max_value`,
 1 AS `auto_increment`,
 1 AS `auto_increment_ratio`*/;
SET character_set_client = @saved_cs_client;

--
-- Temporary view structure for view `schema_index_statistics`
--

DROP TABLE IF EXISTS `schema_index_statistics`;
/*!50001 DROP VIEW IF EXISTS `schema_index_statistics`*/;
SET @saved_cs_client     = @@character_set_client;
/*!50503 SET character_set_client = utf8mb4 */;
/*!50001 CREATE VIEW `schema_index_statistics` AS SELECT 
 1 AS `table_schema`,
 1 AS `table_name`,
 1 AS `index_name`,
 1 AS `rows_selected`,
 1 AS `select_latency`,
 1 AS `rows_inserted`,
 1 AS `insert_latency`,
 1 AS `rows_updated`,
 1 AS `update_latency`,
 1 AS `rows_deleted`,
 1 AS `delete_latency`*/;
SET character_set_client = @saved_cs_client;

--
-- Temporary view structure for view `schema_object_overview`
--

DROP TABLE IF EXISTS `schema_object_overview`;
/*!50001 DROP VIEW IF EXISTS `schema_object_overview`*/;
SET @saved_cs_client     = @@character_set_client;
/*!50503 SET character_set_client = utf8mb4 */;
/*!50001 CREATE VIEW `schema_object_overview` AS SELECT 
 1 AS `db`,
 1 AS `object_type`,
 1 AS `count`*/;
SET character_set_client = @saved_cs_client;

--
-- Temporary view structure for view `schema_redundant_indexes`
--

DROP TABLE IF EXISTS `schema_redundant_indexes`;
/*!50001 DROP VIEW IF EXISTS `schema_redundant_indexes`*/;
SET @saved_cs_client     = @@character_set_client;
/*!50503 SET character_set_client = utf8mb4 */;
/*!50001 CREATE VIEW `schema_redundant_indexes` AS SELECT 
 1 AS `table_schema`,
 1 AS `table_name`,
 1 AS `redundant_index_name`,
 1 AS `redundant_index_columns`,
 1 AS `redundant_index_non_unique`,
 1 AS `dominant_index_name`,
 1 AS `dominant_index_columns`,
 1 AS `dominant_index_non_unique`,
 1 AS `subpart_exists`,
 1 AS `sql_drop_index`*/;
SET character_set_client = @saved_cs_client;

--
-- Temporary view structure for view `schema_table_lock_waits`
--

DROP TABLE IF EXISTS `schema_table_lock_waits`;
/*!50001 DROP VIEW IF EXISTS `schema_table_lock_waits`*/;
SET @saved_cs_client     = @@character_set_client;
/*!50503 SET character_set_client = utf8mb4 */;
/*!50001 CREATE VIEW `schema_table_lock_waits` AS SELECT 
 1 AS `object_schema`,
 1 AS `object_name`,
 1 AS `waiting_thread_id`,
 1 AS `waiting_pid`,
 1 AS `waiting_account`,
 1 AS `waiting_lock_type`,
 1 AS `waiting_lock_duration`,
 1 AS `waiting_query`,
 1 AS `waiting_query_secs`,
 1 AS `waiting_query_rows_affected`,
 1 AS `waiting_query_rows_examined`,
 1 AS `blocking_thread_id`,
 1 AS `blocking_pid`,
 1 AS `blocking_account`,
 1 AS `blocking_lock_type`,
 1 AS `blocking_lock_duration`,
 1 AS `sql_kill_blocking_query`,
 1 AS `sql_kill_blocking_connection`*/;
SET character_set_client = @saved_cs_client;

--
-- Temporary view structure for view `schema_table_statistics`
--

DROP TABLE IF EXISTS `schema_table_statistics`;
/*!50001 DROP VIEW IF EXISTS `schema_table_statistics`*/;
SET @saved_cs_client     = @@character_set_client;
/*!50503 SET character_set_client = utf8mb4 */;
/*!50001 CREATE VIEW `schema_table_statistics` AS SELECT 
 1 AS `table_schema`,
 1 AS `table_name`,
 1 AS `total_latency`,
 1 AS `rows_fetched`,
 1 AS `fetch_latency`,
 1 AS `rows_inserted`,
 1 AS `insert_latency`,
 1 AS `rows_updated`,
 1 AS `update_latency`,
 1 AS `rows_deleted`,
 1 AS `delete_latency`,
 1 AS `io_read_requests`,
 1 AS `io_read`,
 1 AS `io_read_latency`,
 1 AS `io_write_requests`,
 1 AS `io_write`,
 1 AS `io_write_latency`,
 1 AS `io_misc_requests`,
 1 AS `io_misc_latency`*/;
SET character_set_client = @saved_cs_client;

--
-- Temporary view structure for view `schema_table_statistics_with_buffer`
--

DROP TABLE IF EXISTS `schema_table_statistics_with_buffer`;
/*!50001 DROP VIEW IF EXISTS `schema_table_statistics_with_buffer`*/;
SET @saved_cs_client     = @@character_set_client;
/*!50503 SET character_set_client = utf8mb4 */;
/*!50001 CREATE VIEW `schema_table_statistics_with_buffer` AS SELECT 
 1 AS `table_schema`,
 1 AS `table_name`,
 1 AS `rows_fetched`,
 1 AS `fetch_latency`,
 1 AS `rows_inserted`,
 1 AS `insert_latency`,
 1 AS `rows_updated`,
 1 AS `update_latency`,
 1 AS `rows_deleted`,
 1 AS `delete_latency`,
 1 AS `io_read_requests`,
 1 AS `io_read`,
 1 AS `io_read_latency`,
 1 AS `io_write_requests`,
 1 AS `io_write`,
 1 AS `io_write_latency`,
 1 AS `io_misc_requests`,
 1 AS `io_misc_latency`,
 1 AS `innodb_buffer_allocated`,
 1 AS `innodb_buffer_data`,
 1 AS `innodb_buffer_free`,
 1 AS `innodb_buffer_pages`,
 1 AS `innodb_buffer_pages_hashed`,
 1 AS `innodb_buffer_pages_old`,
 1 AS `innodb_buffer_rows_cached`*/;
SET character_set_client = @saved_cs_client;

--
-- Temporary view structure for view `schema_tables_with_full_table_scans`
--

DROP TABLE IF EXISTS `schema_tables_with_full_table_scans`;
/*!50001 DROP VIEW IF EXISTS `schema_tables_with_full_table_scans`*/;
SET @saved_cs_client     = @@character_set_client;
/*!50503 SET character_set_client = utf8mb4 */;
/*!50001 CREATE VIEW `schema_tables_with_full_table_scans` AS SELECT 
 1 AS `object_schema`,
 1 AS `object_name`,
 1 AS `rows_full_scanned`,
 1 AS `latency`*/;
SET character_set_client = @saved_cs_client;

--
-- Temporary view structure for view `schema_unused_indexes`
--

DROP TABLE IF EXISTS `schema_unused_indexes`;
/*!50001 DROP VIEW IF EXISTS `schema_unused_indexes`*/;
SET @saved_cs_client     = @@character_set_client;
/*!50503 SET character_set_client = utf8mb4 */;
/*!50001 CREATE VIEW `schema_unused_indexes` AS SELECT 
 1 AS `object_schema`,
 1 AS `object_name`,
 1 AS `index_name`*/;
SET character_set_client = @saved_cs_client;

--
-- Temporary view structure for view `session`
--

DROP TABLE IF EXISTS `session`;
/*!50001 DROP VIEW IF EXISTS `session`*/;
SET @saved_cs_client     = @@character_set_client;
/*!50503 SET character_set_client = utf8mb4 */;
/*!50001 CREATE VIEW `session` AS SELECT 
 1 AS `thd_id`,
 1 AS `conn_id`,
 1 AS `user`,
 1 AS `db`,
 1 AS `command`,
 1 AS `state`,
 1 AS `time`,
 1 AS `current_statement`,
 1 AS `statement_latency`,
 1 AS `progress`,
 1 AS `lock_latency`,
 1 AS `rows_examined`,
 1 AS `rows_sent`,
 1 AS `rows_affected`,
 1 AS `tmp_tables`,
 1 AS `tmp_disk_tables`,
 1 AS `full_scan`,
 1 AS `last_statement`,
 1 AS `last_statement_latency`,
 1 AS `current_memory`,
 1 AS `last_wait`,
 1 AS `last_wait_latency`,
 1 AS `source`,
 1 AS `trx_latency`,
 1 AS `trx_state`,
 1 AS `trx_autocommit`,
 1 AS `pid`,
 1 AS `program_name`*/;
SET character_set_client = @saved_cs_client;

--
-- Temporary view structure for view `session_ssl_status`
--

DROP TABLE IF EXISTS `session_ssl_status`;
/*!50001 DROP VIEW IF EXISTS `session_ssl_status`*/;
SET @saved_cs_client     = @@character_set_client;
/*!50503 SET character_set_client = utf8mb4 */;
/*!50001 CREATE VIEW `session_ssl_status` AS SELECT 
 1 AS `thread_id`,
 1 AS `ssl_version`,
 1 AS `ssl_cipher`,
 1 AS `ssl_sessions_reused`*/;
SET character_set_client = @saved_cs_client;

--
-- Temporary view structure for view `statement_analysis`
--

DROP TABLE IF EXISTS `statement_analysis`;
/*!50001 DROP VIEW IF EXISTS `statement_analysis`*/;
SET @saved_cs_client     = @@character_set_client;
/*!50503 SET character_set_client = utf8mb4 */;
/*!50001 CREATE VIEW `statement_analysis` AS SELECT 
 1 AS `query`,
 1 AS `db`,
 1 AS `full_scan`,
 1 AS `exec_count`,
 1 AS `err_count`,
 1 AS `warn_count`,
 1 AS `total_latency`,
 1 AS `max_latency`,
 1 AS `avg_latency`,
 1 AS `lock_latency`,
 1 AS `rows_sent`,
 1 AS `rows_sent_avg`,
 1 AS `rows_examined`,
 1 AS `rows_examined_avg`,
 1 AS `rows_affected`,
 1 AS `rows_affected_avg`,
 1 AS `tmp_tables`,
 1 AS `tmp_disk_tables`,
 1 AS `rows_sorted`,
 1 AS `sort_merge_passes`,
 1 AS `digest`,
 1 AS `first_seen`,
 1 AS `last_seen`*/;
SET character_set_client = @saved_cs_client;

--
-- Temporary view structure for view `statements_with_errors_or_warnings`
--

DROP TABLE IF EXISTS `statements_with_errors_or_warnings`;
/*!50001 DROP VIEW IF EXISTS `statements_with_errors_or_warnings`*/;
SET @saved_cs_client     = @@character_set_client;
/*!50503 SET character_set_client = utf8mb4 */;
/*!50001 CREATE VIEW `statements_with_errors_or_warnings` AS SELECT 
 1 AS `query`,
 1 AS `db`,
 1 AS `exec_count`,
 1 AS `errors`,
 1 AS `error_pct`,
 1 AS `warnings`,
 1 AS `warning_pct`,
 1 AS `first_seen`,
 1 AS `last_seen`,
 1 AS `digest`*/;
SET character_set_client = @saved_cs_client;

--
-- Temporary view structure for view `statements_with_full_table_scans`
--

DROP TABLE IF EXISTS `statements_with_full_table_scans`;
/*!50001 DROP VIEW IF EXISTS `statements_with_full_table_scans`*/;
SET @saved_cs_client     = @@character_set_client;
/*!50503 SET character_set_client = utf8mb4 */;
/*!50001 CREATE VIEW `statements_with_full_table_scans` AS SELECT 
 1 AS `query`,
 1 AS `db`,
 1 AS `exec_count`,
 1 AS `total_latency`,
 1 AS `no_index_used_count`,
 1 AS `no_good_index_used_count`,
 1 AS `no_index_used_pct`,
 1 AS `rows_sent`,
 1 AS `rows_examined`,
 1 AS `rows_sent_avg`,
 1 AS `rows_examined_avg`,
 1 AS `first_seen`,
 1 AS `last_seen`,
 1 AS `digest`*/;
SET character_set_client = @saved_cs_client;

--
-- Temporary view structure for view `statements_with_runtimes_in_95th_percentile`
--

DROP TABLE IF EXISTS `statements_with_runtimes_in_95th_percentile`;
/*!50001 DROP VIEW IF EXISTS `statements_with_runtimes_in_95th_percentile`*/;
SET @saved_cs_client     = @@character_set_client;
/*!50503 SET character_set_client = utf8mb4 */;
/*!50001 CREATE VIEW `statements_with_runtimes_in_95th_percentile` AS SELECT 
 1 AS `query`,
 1 AS `db`,
 1 AS `full_scan`,
 1 AS `exec_count`,
 1 AS `err_count`,
 1 AS `warn_count`,
 1 AS `total_latency`,
 1 AS `max_latency`,
 1 AS `avg_latency`,
 1 AS `rows_sent`,
 1 AS `rows_sent_avg`,
 1 AS `rows_examined`,
 1 AS `rows_examined_avg`,
 1 AS `first_seen`,
 1 AS `last_seen`,
 1 AS `digest`*/;
SET character_set_client = @saved_cs_client;

--
-- Temporary view structure for view `statements_with_sorting`
--

DROP TABLE IF EXISTS `statements_with_sorting`;
/*!50001 DROP VIEW IF EXISTS `statements_with_sorting`*/;
SET @saved_cs_client     = @@character_set_client;
/*!50503 SET character_set_client = utf8mb4 */;
/*!50001 CREATE VIEW `statements_with_sorting` AS SELECT 
 1 AS `query`,
 1 AS `db`,
 1 AS `exec_count`,
 1 AS `total_latency`,
 1 AS `sort_merge_passes`,
 1 AS `avg_sort_merges`,
 1 AS `sorts_using_scans`,
 1 AS `sort_using_range`,
 1 AS `rows_sorted`,
 1 AS `avg_rows_sorted`,
 1 AS `first_seen`,
 1 AS `last_seen`,
 1 AS `digest`*/;
SET character_set_client = @saved_cs_client;

--
-- Temporary view structure for view `statements_with_temp_tables`
--

DROP TABLE IF EXISTS `statements_with_temp_tables`;
/*!50001 DROP VIEW IF EXISTS `statements_with_temp_tables`*/;
SET @saved_cs_client     = @@character_set_client;
/*!50503 SET character_set_client = utf8mb4 */;
/*!50001 CREATE VIEW `statements_with_temp_tables` AS SELECT 
 1 AS `query`,
 1 AS `db`,
 1 AS `exec_count`,
 1 AS `total_latency`,
 1 AS `memory_tmp_tables`,
 1 AS `disk_tmp_tables`,
 1 AS `avg_tmp_tables_per_query`,
 1 AS `tmp_tables_to_disk_pct`,
 1 AS `first_seen`,
 1 AS `last_seen`,
 1 AS `digest`*/;
SET character_set_client = @saved_cs_client;

--
-- Table structure for table `sys_config`
--

DROP TABLE IF EXISTS `sys_config`;
/*!40101 SET @saved_cs_client     = @@character_set_client */;
/*!50503 SET character_set_client = utf8mb4 */;
CREATE TABLE `sys_config` (
  `variable` varchar(128) NOT NULL,
  `value` varchar(128) DEFAULT NULL,
  `set_time` timestamp NULL DEFAULT CURRENT_TIMESTAMP ON UPDATE CURRENT_TIMESTAMP,
  `set_by` varchar(128) DEFAULT NULL,
  PRIMARY KEY (`variable`)
) ENGINE=InnoDB DEFAULT CHARSET=utf8mb4 COLLATE=utf8mb4_0900_ai_ci;
/*!40101 SET character_set_client = @saved_cs_client */;

--
-- Dumping data for table `sys_config`
--

LOCK TABLES `sys_config` WRITE;
/*!40000 ALTER TABLE `sys_config` DISABLE KEYS */;
INSERT INTO `sys_config` VALUES ('diagnostics.allow_i_s_tables','OFF','2020-10-27 02:44:20',NULL),('diagnostics.include_raw','OFF','2020-10-27 02:44:20',NULL),('ps_thread_trx_info.max_length','65535','2020-10-27 02:44:20',NULL),('statement_performance_analyzer.limit','100','2020-10-27 02:44:20',NULL),('statement_performance_analyzer.view',NULL,'2020-10-27 02:44:20',NULL),('statement_truncate_len','64','2020-10-27 02:44:20',NULL);
/*!40000 ALTER TABLE `sys_config` ENABLE KEYS */;
UNLOCK TABLES;

--
-- Temporary view structure for view `user_summary`
--

DROP TABLE IF EXISTS `user_summary`;
/*!50001 DROP VIEW IF EXISTS `user_summary`*/;
SET @saved_cs_client     = @@character_set_client;
/*!50503 SET character_set_client = utf8mb4 */;
/*!50001 CREATE VIEW `user_summary` AS SELECT 
 1 AS `user`,
 1 AS `statements`,
 1 AS `statement_latency`,
 1 AS `statement_avg_latency`,
 1 AS `table_scans`,
 1 AS `file_ios`,
 1 AS `file_io_latency`,
 1 AS `current_connections`,
 1 AS `total_connections`,
 1 AS `unique_hosts`,
 1 AS `current_memory`,
 1 AS `total_memory_allocated`*/;
SET character_set_client = @saved_cs_client;

--
-- Temporary view structure for view `user_summary_by_file_io`
--

DROP TABLE IF EXISTS `user_summary_by_file_io`;
/*!50001 DROP VIEW IF EXISTS `user_summary_by_file_io`*/;
SET @saved_cs_client     = @@character_set_client;
/*!50503 SET character_set_client = utf8mb4 */;
/*!50001 CREATE VIEW `user_summary_by_file_io` AS SELECT 
 1 AS `user`,
 1 AS `ios`,
 1 AS `io_latency`*/;
SET character_set_client = @saved_cs_client;

--
-- Temporary view structure for view `user_summary_by_file_io_type`
--

DROP TABLE IF EXISTS `user_summary_by_file_io_type`;
/*!50001 DROP VIEW IF EXISTS `user_summary_by_file_io_type`*/;
SET @saved_cs_client     = @@character_set_client;
/*!50503 SET character_set_client = utf8mb4 */;
/*!50001 CREATE VIEW `user_summary_by_file_io_type` AS SELECT 
 1 AS `user`,
 1 AS `event_name`,
 1 AS `total`,
 1 AS `latency`,
 1 AS `max_latency`*/;
SET character_set_client = @saved_cs_client;

--
-- Temporary view structure for view `user_summary_by_stages`
--

DROP TABLE IF EXISTS `user_summary_by_stages`;
/*!50001 DROP VIEW IF EXISTS `user_summary_by_stages`*/;
SET @saved_cs_client     = @@character_set_client;
/*!50503 SET character_set_client = utf8mb4 */;
/*!50001 CREATE VIEW `user_summary_by_stages` AS SELECT 
 1 AS `user`,
 1 AS `event_name`,
 1 AS `total`,
 1 AS `total_latency`,
 1 AS `avg_latency`*/;
SET character_set_client = @saved_cs_client;

--
-- Temporary view structure for view `user_summary_by_statement_latency`
--

DROP TABLE IF EXISTS `user_summary_by_statement_latency`;
/*!50001 DROP VIEW IF EXISTS `user_summary_by_statement_latency`*/;
SET @saved_cs_client     = @@character_set_client;
/*!50503 SET character_set_client = utf8mb4 */;
/*!50001 CREATE VIEW `user_summary_by_statement_latency` AS SELECT 
 1 AS `user`,
 1 AS `total`,
 1 AS `total_latency`,
 1 AS `max_latency`,
 1 AS `lock_latency`,
 1 AS `rows_sent`,
 1 AS `rows_examined`,
 1 AS `rows_affected`,
 1 AS `full_scans`*/;
SET character_set_client = @saved_cs_client;

--
-- Temporary view structure for view `user_summary_by_statement_type`
--

DROP TABLE IF EXISTS `user_summary_by_statement_type`;
/*!50001 DROP VIEW IF EXISTS `user_summary_by_statement_type`*/;
SET @saved_cs_client     = @@character_set_client;
/*!50503 SET character_set_client = utf8mb4 */;
/*!50001 CREATE VIEW `user_summary_by_statement_type` AS SELECT 
 1 AS `user`,
 1 AS `statement`,
 1 AS `total`,
 1 AS `total_latency`,
 1 AS `max_latency`,
 1 AS `lock_latency`,
 1 AS `rows_sent`,
 1 AS `rows_examined`,
 1 AS `rows_affected`,
 1 AS `full_scans`*/;
SET character_set_client = @saved_cs_client;

--
-- Temporary view structure for view `version`
--

DROP TABLE IF EXISTS `version`;
/*!50001 DROP VIEW IF EXISTS `version`*/;
SET @saved_cs_client     = @@character_set_client;
/*!50503 SET character_set_client = utf8mb4 */;
/*!50001 CREATE VIEW `version` AS SELECT 
 1 AS `sys_version`,
 1 AS `mysql_version`*/;
SET character_set_client = @saved_cs_client;

--
-- Temporary view structure for view `wait_classes_global_by_avg_latency`
--

DROP TABLE IF EXISTS `wait_classes_global_by_avg_latency`;
/*!50001 DROP VIEW IF EXISTS `wait_classes_global_by_avg_latency`*/;
SET @saved_cs_client     = @@character_set_client;
/*!50503 SET character_set_client = utf8mb4 */;
/*!50001 CREATE VIEW `wait_classes_global_by_avg_latency` AS SELECT 
 1 AS `event_class`,
 1 AS `total`,
 1 AS `total_latency`,
 1 AS `min_latency`,
 1 AS `avg_latency`,
 1 AS `max_latency`*/;
SET character_set_client = @saved_cs_client;

--
-- Temporary view structure for view `wait_classes_global_by_latency`
--

DROP TABLE IF EXISTS `wait_classes_global_by_latency`;
/*!50001 DROP VIEW IF EXISTS `wait_classes_global_by_latency`*/;
SET @saved_cs_client     = @@character_set_client;
/*!50503 SET character_set_client = utf8mb4 */;
/*!50001 CREATE VIEW `wait_classes_global_by_latency` AS SELECT 
 1 AS `event_class`,
 1 AS `total`,
 1 AS `total_latency`,
 1 AS `min_latency`,
 1 AS `avg_latency`,
 1 AS `max_latency`*/;
SET character_set_client = @saved_cs_client;

--
-- Temporary view structure for view `waits_by_host_by_latency`
--

DROP TABLE IF EXISTS `waits_by_host_by_latency`;
/*!50001 DROP VIEW IF EXISTS `waits_by_host_by_latency`*/;
SET @saved_cs_client     = @@character_set_client;
/*!50503 SET character_set_client = utf8mb4 */;
/*!50001 CREATE VIEW `waits_by_host_by_latency` AS SELECT 
 1 AS `host`,
 1 AS `event`,
 1 AS `total`,
 1 AS `total_latency`,
 1 AS `avg_latency`,
 1 AS `max_latency`*/;
SET character_set_client = @saved_cs_client;

--
-- Temporary view structure for view `waits_by_user_by_latency`
--

DROP TABLE IF EXISTS `waits_by_user_by_latency`;
/*!50001 DROP VIEW IF EXISTS `waits_by_user_by_latency`*/;
SET @saved_cs_client     = @@character_set_client;
/*!50503 SET character_set_client = utf8mb4 */;
/*!50001 CREATE VIEW `waits_by_user_by_latency` AS SELECT 
 1 AS `user`,
 1 AS `event`,
 1 AS `total`,
 1 AS `total_latency`,
 1 AS `avg_latency`,
 1 AS `max_latency`*/;
SET character_set_client = @saved_cs_client;

--
-- Temporary view structure for view `waits_global_by_latency`
--

DROP TABLE IF EXISTS `waits_global_by_latency`;
/*!50001 DROP VIEW IF EXISTS `waits_global_by_latency`*/;
SET @saved_cs_client     = @@character_set_client;
/*!50503 SET character_set_client = utf8mb4 */;
/*!50001 CREATE VIEW `waits_global_by_latency` AS SELECT 
 1 AS `events`,
 1 AS `total`,
 1 AS `total_latency`,
 1 AS `avg_latency`,
 1 AS `max_latency`*/;
SET character_set_client = @saved_cs_client;

--
-- Temporary view structure for view `x$host_summary`
--

DROP TABLE IF EXISTS `x$host_summary`;
/*!50001 DROP VIEW IF EXISTS `x$host_summary`*/;
SET @saved_cs_client     = @@character_set_client;
/*!50503 SET character_set_client = utf8mb4 */;
/*!50001 CREATE VIEW `x$host_summary` AS SELECT 
 1 AS `host`,
 1 AS `statements`,
 1 AS `statement_latency`,
 1 AS `statement_avg_latency`,
 1 AS `table_scans`,
 1 AS `file_ios`,
 1 AS `file_io_latency`,
 1 AS `current_connections`,
 1 AS `total_connections`,
 1 AS `unique_users`,
 1 AS `current_memory`,
 1 AS `total_memory_allocated`*/;
SET character_set_client = @saved_cs_client;

--
-- Temporary view structure for view `x$host_summary_by_file_io`
--

DROP TABLE IF EXISTS `x$host_summary_by_file_io`;
/*!50001 DROP VIEW IF EXISTS `x$host_summary_by_file_io`*/;
SET @saved_cs_client     = @@character_set_client;
/*!50503 SET character_set_client = utf8mb4 */;
/*!50001 CREATE VIEW `x$host_summary_by_file_io` AS SELECT 
 1 AS `host`,
 1 AS `ios`,
 1 AS `io_latency`*/;
SET character_set_client = @saved_cs_client;

--
-- Temporary view structure for view `x$host_summary_by_file_io_type`
--

DROP TABLE IF EXISTS `x$host_summary_by_file_io_type`;
/*!50001 DROP VIEW IF EXISTS `x$host_summary_by_file_io_type`*/;
SET @saved_cs_client     = @@character_set_client;
/*!50503 SET character_set_client = utf8mb4 */;
/*!50001 CREATE VIEW `x$host_summary_by_file_io_type` AS SELECT 
 1 AS `host`,
 1 AS `event_name`,
 1 AS `total`,
 1 AS `total_latency`,
 1 AS `max_latency`*/;
SET character_set_client = @saved_cs_client;

--
-- Temporary view structure for view `x$host_summary_by_stages`
--

DROP TABLE IF EXISTS `x$host_summary_by_stages`;
/*!50001 DROP VIEW IF EXISTS `x$host_summary_by_stages`*/;
SET @saved_cs_client     = @@character_set_client;
/*!50503 SET character_set_client = utf8mb4 */;
/*!50001 CREATE VIEW `x$host_summary_by_stages` AS SELECT 
 1 AS `host`,
 1 AS `event_name`,
 1 AS `total`,
 1 AS `total_latency`,
 1 AS `avg_latency`*/;
SET character_set_client = @saved_cs_client;

--
-- Temporary view structure for view `x$host_summary_by_statement_latency`
--

DROP TABLE IF EXISTS `x$host_summary_by_statement_latency`;
/*!50001 DROP VIEW IF EXISTS `x$host_summary_by_statement_latency`*/;
SET @saved_cs_client     = @@character_set_client;
/*!50503 SET character_set_client = utf8mb4 */;
/*!50001 CREATE VIEW `x$host_summary_by_statement_latency` AS SELECT 
 1 AS `host`,
 1 AS `total`,
 1 AS `total_latency`,
 1 AS `max_latency`,
 1 AS `lock_latency`,
 1 AS `rows_sent`,
 1 AS `rows_examined`,
 1 AS `rows_affected`,
 1 AS `full_scans`*/;
SET character_set_client = @saved_cs_client;

--
-- Temporary view structure for view `x$host_summary_by_statement_type`
--

DROP TABLE IF EXISTS `x$host_summary_by_statement_type`;
/*!50001 DROP VIEW IF EXISTS `x$host_summary_by_statement_type`*/;
SET @saved_cs_client     = @@character_set_client;
/*!50503 SET character_set_client = utf8mb4 */;
/*!50001 CREATE VIEW `x$host_summary_by_statement_type` AS SELECT 
 1 AS `host`,
 1 AS `statement`,
 1 AS `total`,
 1 AS `total_latency`,
 1 AS `max_latency`,
 1 AS `lock_latency`,
 1 AS `rows_sent`,
 1 AS `rows_examined`,
 1 AS `rows_affected`,
 1 AS `full_scans`*/;
SET character_set_client = @saved_cs_client;

--
-- Temporary view structure for view `x$innodb_buffer_stats_by_schema`
--

DROP TABLE IF EXISTS `x$innodb_buffer_stats_by_schema`;
/*!50001 DROP VIEW IF EXISTS `x$innodb_buffer_stats_by_schema`*/;
SET @saved_cs_client     = @@character_set_client;
/*!50503 SET character_set_client = utf8mb4 */;
/*!50001 CREATE VIEW `x$innodb_buffer_stats_by_schema` AS SELECT 
 1 AS `object_schema`,
 1 AS `allocated`,
 1 AS `data`,
 1 AS `pages`,
 1 AS `pages_hashed`,
 1 AS `pages_old`,
 1 AS `rows_cached`*/;
SET character_set_client = @saved_cs_client;

--
-- Temporary view structure for view `x$innodb_buffer_stats_by_table`
--

DROP TABLE IF EXISTS `x$innodb_buffer_stats_by_table`;
/*!50001 DROP VIEW IF EXISTS `x$innodb_buffer_stats_by_table`*/;
SET @saved_cs_client     = @@character_set_client;
/*!50503 SET character_set_client = utf8mb4 */;
/*!50001 CREATE VIEW `x$innodb_buffer_stats_by_table` AS SELECT 
 1 AS `object_schema`,
 1 AS `object_name`,
 1 AS `allocated`,
 1 AS `data`,
 1 AS `pages`,
 1 AS `pages_hashed`,
 1 AS `pages_old`,
 1 AS `rows_cached`*/;
SET character_set_client = @saved_cs_client;

--
-- Temporary view structure for view `x$innodb_lock_waits`
--

DROP TABLE IF EXISTS `x$innodb_lock_waits`;
/*!50001 DROP VIEW IF EXISTS `x$innodb_lock_waits`*/;
SET @saved_cs_client     = @@character_set_client;
/*!50503 SET character_set_client = utf8mb4 */;
/*!50001 CREATE VIEW `x$innodb_lock_waits` AS SELECT 
 1 AS `wait_started`,
 1 AS `wait_age`,
 1 AS `wait_age_secs`,
 1 AS `locked_table`,
 1 AS `locked_table_schema`,
 1 AS `locked_table_name`,
 1 AS `locked_table_partition`,
 1 AS `locked_table_subpartition`,
 1 AS `locked_index`,
 1 AS `locked_type`,
 1 AS `waiting_trx_id`,
 1 AS `waiting_trx_started`,
 1 AS `waiting_trx_age`,
 1 AS `waiting_trx_rows_locked`,
 1 AS `waiting_trx_rows_modified`,
 1 AS `waiting_pid`,
 1 AS `waiting_query`,
 1 AS `waiting_lock_id`,
 1 AS `waiting_lock_mode`,
 1 AS `blocking_trx_id`,
 1 AS `blocking_pid`,
 1 AS `blocking_query`,
 1 AS `blocking_lock_id`,
 1 AS `blocking_lock_mode`,
 1 AS `blocking_trx_started`,
 1 AS `blocking_trx_age`,
 1 AS `blocking_trx_rows_locked`,
 1 AS `blocking_trx_rows_modified`,
 1 AS `sql_kill_blocking_query`,
 1 AS `sql_kill_blocking_connection`*/;
SET character_set_client = @saved_cs_client;

--
-- Temporary view structure for view `x$io_by_thread_by_latency`
--

DROP TABLE IF EXISTS `x$io_by_thread_by_latency`;
/*!50001 DROP VIEW IF EXISTS `x$io_by_thread_by_latency`*/;
SET @saved_cs_client     = @@character_set_client;
/*!50503 SET character_set_client = utf8mb4 */;
/*!50001 CREATE VIEW `x$io_by_thread_by_latency` AS SELECT 
 1 AS `user`,
 1 AS `total`,
 1 AS `total_latency`,
 1 AS `min_latency`,
 1 AS `avg_latency`,
 1 AS `max_latency`,
 1 AS `thread_id`,
 1 AS `processlist_id`*/;
SET character_set_client = @saved_cs_client;

--
-- Temporary view structure for view `x$io_global_by_file_by_bytes`
--

DROP TABLE IF EXISTS `x$io_global_by_file_by_bytes`;
/*!50001 DROP VIEW IF EXISTS `x$io_global_by_file_by_bytes`*/;
SET @saved_cs_client     = @@character_set_client;
/*!50503 SET character_set_client = utf8mb4 */;
/*!50001 CREATE VIEW `x$io_global_by_file_by_bytes` AS SELECT 
 1 AS `file`,
 1 AS `count_read`,
 1 AS `total_read`,
 1 AS `avg_read`,
 1 AS `count_write`,
 1 AS `total_written`,
 1 AS `avg_write`,
 1 AS `total`,
 1 AS `write_pct`*/;
SET character_set_client = @saved_cs_client;

--
-- Temporary view structure for view `x$io_global_by_file_by_latency`
--

DROP TABLE IF EXISTS `x$io_global_by_file_by_latency`;
/*!50001 DROP VIEW IF EXISTS `x$io_global_by_file_by_latency`*/;
SET @saved_cs_client     = @@character_set_client;
/*!50503 SET character_set_client = utf8mb4 */;
/*!50001 CREATE VIEW `x$io_global_by_file_by_latency` AS SELECT 
 1 AS `file`,
 1 AS `total`,
 1 AS `total_latency`,
 1 AS `count_read`,
 1 AS `read_latency`,
 1 AS `count_write`,
 1 AS `write_latency`,
 1 AS `count_misc`,
 1 AS `misc_latency`*/;
SET character_set_client = @saved_cs_client;

--
-- Temporary view structure for view `x$io_global_by_wait_by_bytes`
--

DROP TABLE IF EXISTS `x$io_global_by_wait_by_bytes`;
/*!50001 DROP VIEW IF EXISTS `x$io_global_by_wait_by_bytes`*/;
SET @saved_cs_client     = @@character_set_client;
/*!50503 SET character_set_client = utf8mb4 */;
/*!50001 CREATE VIEW `x$io_global_by_wait_by_bytes` AS SELECT 
 1 AS `event_name`,
 1 AS `total`,
 1 AS `total_latency`,
 1 AS `min_latency`,
 1 AS `avg_latency`,
 1 AS `max_latency`,
 1 AS `count_read`,
 1 AS `total_read`,
 1 AS `avg_read`,
 1 AS `count_write`,
 1 AS `total_written`,
 1 AS `avg_written`,
 1 AS `total_requested`*/;
SET character_set_client = @saved_cs_client;

--
-- Temporary view structure for view `x$io_global_by_wait_by_latency`
--

DROP TABLE IF EXISTS `x$io_global_by_wait_by_latency`;
/*!50001 DROP VIEW IF EXISTS `x$io_global_by_wait_by_latency`*/;
SET @saved_cs_client     = @@character_set_client;
/*!50503 SET character_set_client = utf8mb4 */;
/*!50001 CREATE VIEW `x$io_global_by_wait_by_latency` AS SELECT 
 1 AS `event_name`,
 1 AS `total`,
 1 AS `total_latency`,
 1 AS `avg_latency`,
 1 AS `max_latency`,
 1 AS `read_latency`,
 1 AS `write_latency`,
 1 AS `misc_latency`,
 1 AS `count_read`,
 1 AS `total_read`,
 1 AS `avg_read`,
 1 AS `count_write`,
 1 AS `total_written`,
 1 AS `avg_written`*/;
SET character_set_client = @saved_cs_client;

--
-- Temporary view structure for view `x$latest_file_io`
--

DROP TABLE IF EXISTS `x$latest_file_io`;
/*!50001 DROP VIEW IF EXISTS `x$latest_file_io`*/;
SET @saved_cs_client     = @@character_set_client;
/*!50503 SET character_set_client = utf8mb4 */;
/*!50001 CREATE VIEW `x$latest_file_io` AS SELECT 
 1 AS `thread`,
 1 AS `file`,
 1 AS `latency`,
 1 AS `operation`,
 1 AS `requested`*/;
SET character_set_client = @saved_cs_client;

--
-- Temporary view structure for view `x$memory_by_host_by_current_bytes`
--

DROP TABLE IF EXISTS `x$memory_by_host_by_current_bytes`;
/*!50001 DROP VIEW IF EXISTS `x$memory_by_host_by_current_bytes`*/;
SET @saved_cs_client     = @@character_set_client;
/*!50503 SET character_set_client = utf8mb4 */;
/*!50001 CREATE VIEW `x$memory_by_host_by_current_bytes` AS SELECT 
 1 AS `host`,
 1 AS `current_count_used`,
 1 AS `current_allocated`,
 1 AS `current_avg_alloc`,
 1 AS `current_max_alloc`,
 1 AS `total_allocated`*/;
SET character_set_client = @saved_cs_client;

--
-- Temporary view structure for view `x$memory_by_thread_by_current_bytes`
--

DROP TABLE IF EXISTS `x$memory_by_thread_by_current_bytes`;
/*!50001 DROP VIEW IF EXISTS `x$memory_by_thread_by_current_bytes`*/;
SET @saved_cs_client     = @@character_set_client;
/*!50503 SET character_set_client = utf8mb4 */;
/*!50001 CREATE VIEW `x$memory_by_thread_by_current_bytes` AS SELECT 
 1 AS `thread_id`,
 1 AS `user`,
 1 AS `current_count_used`,
 1 AS `current_allocated`,
 1 AS `current_avg_alloc`,
 1 AS `current_max_alloc`,
 1 AS `total_allocated`*/;
SET character_set_client = @saved_cs_client;

--
-- Temporary view structure for view `x$memory_by_user_by_current_bytes`
--

DROP TABLE IF EXISTS `x$memory_by_user_by_current_bytes`;
/*!50001 DROP VIEW IF EXISTS `x$memory_by_user_by_current_bytes`*/;
SET @saved_cs_client     = @@character_set_client;
/*!50503 SET character_set_client = utf8mb4 */;
/*!50001 CREATE VIEW `x$memory_by_user_by_current_bytes` AS SELECT 
 1 AS `user`,
 1 AS `current_count_used`,
 1 AS `current_allocated`,
 1 AS `current_avg_alloc`,
 1 AS `current_max_alloc`,
 1 AS `total_allocated`*/;
SET character_set_client = @saved_cs_client;

--
-- Temporary view structure for view `x$memory_global_by_current_bytes`
--

DROP TABLE IF EXISTS `x$memory_global_by_current_bytes`;
/*!50001 DROP VIEW IF EXISTS `x$memory_global_by_current_bytes`*/;
SET @saved_cs_client     = @@character_set_client;
/*!50503 SET character_set_client = utf8mb4 */;
/*!50001 CREATE VIEW `x$memory_global_by_current_bytes` AS SELECT 
 1 AS `event_name`,
 1 AS `current_count`,
 1 AS `current_alloc`,
 1 AS `current_avg_alloc`,
 1 AS `high_count`,
 1 AS `high_alloc`,
 1 AS `high_avg_alloc`*/;
SET character_set_client = @saved_cs_client;

--
-- Temporary view structure for view `x$memory_global_total`
--

DROP TABLE IF EXISTS `x$memory_global_total`;
/*!50001 DROP VIEW IF EXISTS `x$memory_global_total`*/;
SET @saved_cs_client     = @@character_set_client;
/*!50503 SET character_set_client = utf8mb4 */;
/*!50001 CREATE VIEW `x$memory_global_total` AS SELECT 
 1 AS `total_allocated`*/;
SET character_set_client = @saved_cs_client;

--
-- Temporary view structure for view `x$processlist`
--

DROP TABLE IF EXISTS `x$processlist`;
/*!50001 DROP VIEW IF EXISTS `x$processlist`*/;
SET @saved_cs_client     = @@character_set_client;
/*!50503 SET character_set_client = utf8mb4 */;
/*!50001 CREATE VIEW `x$processlist` AS SELECT 
 1 AS `thd_id`,
 1 AS `conn_id`,
 1 AS `user`,
 1 AS `db`,
 1 AS `command`,
 1 AS `state`,
 1 AS `time`,
 1 AS `current_statement`,
 1 AS `statement_latency`,
 1 AS `progress`,
 1 AS `lock_latency`,
 1 AS `rows_examined`,
 1 AS `rows_sent`,
 1 AS `rows_affected`,
 1 AS `tmp_tables`,
 1 AS `tmp_disk_tables`,
 1 AS `full_scan`,
 1 AS `last_statement`,
 1 AS `last_statement_latency`,
 1 AS `current_memory`,
 1 AS `last_wait`,
 1 AS `last_wait_latency`,
 1 AS `source`,
 1 AS `trx_latency`,
 1 AS `trx_state`,
 1 AS `trx_autocommit`,
 1 AS `pid`,
 1 AS `program_name`*/;
SET character_set_client = @saved_cs_client;

--
-- Temporary view structure for view `x$ps_digest_95th_percentile_by_avg_us`
--

DROP TABLE IF EXISTS `x$ps_digest_95th_percentile_by_avg_us`;
/*!50001 DROP VIEW IF EXISTS `x$ps_digest_95th_percentile_by_avg_us`*/;
SET @saved_cs_client     = @@character_set_client;
/*!50503 SET character_set_client = utf8mb4 */;
/*!50001 CREATE VIEW `x$ps_digest_95th_percentile_by_avg_us` AS SELECT 
 1 AS `avg_us`,
 1 AS `percentile`*/;
SET character_set_client = @saved_cs_client;

--
-- Temporary view structure for view `x$ps_digest_avg_latency_distribution`
--

DROP TABLE IF EXISTS `x$ps_digest_avg_latency_distribution`;
/*!50001 DROP VIEW IF EXISTS `x$ps_digest_avg_latency_distribution`*/;
SET @saved_cs_client     = @@character_set_client;
/*!50503 SET character_set_client = utf8mb4 */;
/*!50001 CREATE VIEW `x$ps_digest_avg_latency_distribution` AS SELECT 
 1 AS `cnt`,
 1 AS `avg_us`*/;
SET character_set_client = @saved_cs_client;

--
-- Temporary view structure for view `x$ps_schema_table_statistics_io`
--

DROP TABLE IF EXISTS `x$ps_schema_table_statistics_io`;
/*!50001 DROP VIEW IF EXISTS `x$ps_schema_table_statistics_io`*/;
SET @saved_cs_client     = @@character_set_client;
/*!50503 SET character_set_client = utf8mb4 */;
/*!50001 CREATE VIEW `x$ps_schema_table_statistics_io` AS SELECT 
 1 AS `table_schema`,
 1 AS `table_name`,
 1 AS `count_read`,
 1 AS `sum_number_of_bytes_read`,
 1 AS `sum_timer_read`,
 1 AS `count_write`,
 1 AS `sum_number_of_bytes_write`,
 1 AS `sum_timer_write`,
 1 AS `count_misc`,
 1 AS `sum_timer_misc`*/;
SET character_set_client = @saved_cs_client;

--
-- Temporary view structure for view `x$schema_flattened_keys`
--

DROP TABLE IF EXISTS `x$schema_flattened_keys`;
/*!50001 DROP VIEW IF EXISTS `x$schema_flattened_keys`*/;
SET @saved_cs_client     = @@character_set_client;
/*!50503 SET character_set_client = utf8mb4 */;
/*!50001 CREATE VIEW `x$schema_flattened_keys` AS SELECT 
 1 AS `table_schema`,
 1 AS `table_name`,
 1 AS `index_name`,
 1 AS `non_unique`,
 1 AS `subpart_exists`,
 1 AS `index_columns`*/;
SET character_set_client = @saved_cs_client;

--
-- Temporary view structure for view `x$schema_index_statistics`
--

DROP TABLE IF EXISTS `x$schema_index_statistics`;
/*!50001 DROP VIEW IF EXISTS `x$schema_index_statistics`*/;
SET @saved_cs_client     = @@character_set_client;
/*!50503 SET character_set_client = utf8mb4 */;
/*!50001 CREATE VIEW `x$schema_index_statistics` AS SELECT 
 1 AS `table_schema`,
 1 AS `table_name`,
 1 AS `index_name`,
 1 AS `rows_selected`,
 1 AS `select_latency`,
 1 AS `rows_inserted`,
 1 AS `insert_latency`,
 1 AS `rows_updated`,
 1 AS `update_latency`,
 1 AS `rows_deleted`,
 1 AS `delete_latency`*/;
SET character_set_client = @saved_cs_client;

--
-- Temporary view structure for view `x$schema_table_lock_waits`
--

DROP TABLE IF EXISTS `x$schema_table_lock_waits`;
/*!50001 DROP VIEW IF EXISTS `x$schema_table_lock_waits`*/;
SET @saved_cs_client     = @@character_set_client;
/*!50503 SET character_set_client = utf8mb4 */;
/*!50001 CREATE VIEW `x$schema_table_lock_waits` AS SELECT 
 1 AS `object_schema`,
 1 AS `object_name`,
 1 AS `waiting_thread_id`,
 1 AS `waiting_pid`,
 1 AS `waiting_account`,
 1 AS `waiting_lock_type`,
 1 AS `waiting_lock_duration`,
 1 AS `waiting_query`,
 1 AS `waiting_query_secs`,
 1 AS `waiting_query_rows_affected`,
 1 AS `waiting_query_rows_examined`,
 1 AS `blocking_thread_id`,
 1 AS `blocking_pid`,
 1 AS `blocking_account`,
 1 AS `blocking_lock_type`,
 1 AS `blocking_lock_duration`,
 1 AS `sql_kill_blocking_query`,
 1 AS `sql_kill_blocking_connection`*/;
SET character_set_client = @saved_cs_client;

--
-- Temporary view structure for view `x$schema_table_statistics`
--

DROP TABLE IF EXISTS `x$schema_table_statistics`;
/*!50001 DROP VIEW IF EXISTS `x$schema_table_statistics`*/;
SET @saved_cs_client     = @@character_set_client;
/*!50503 SET character_set_client = utf8mb4 */;
/*!50001 CREATE VIEW `x$schema_table_statistics` AS SELECT 
 1 AS `table_schema`,
 1 AS `table_name`,
 1 AS `total_latency`,
 1 AS `rows_fetched`,
 1 AS `fetch_latency`,
 1 AS `rows_inserted`,
 1 AS `insert_latency`,
 1 AS `rows_updated`,
 1 AS `update_latency`,
 1 AS `rows_deleted`,
 1 AS `delete_latency`,
 1 AS `io_read_requests`,
 1 AS `io_read`,
 1 AS `io_read_latency`,
 1 AS `io_write_requests`,
 1 AS `io_write`,
 1 AS `io_write_latency`,
 1 AS `io_misc_requests`,
 1 AS `io_misc_latency`*/;
SET character_set_client = @saved_cs_client;

--
-- Temporary view structure for view `x$schema_table_statistics_with_buffer`
--

DROP TABLE IF EXISTS `x$schema_table_statistics_with_buffer`;
/*!50001 DROP VIEW IF EXISTS `x$schema_table_statistics_with_buffer`*/;
SET @saved_cs_client     = @@character_set_client;
/*!50503 SET character_set_client = utf8mb4 */;
/*!50001 CREATE VIEW `x$schema_table_statistics_with_buffer` AS SELECT 
 1 AS `table_schema`,
 1 AS `table_name`,
 1 AS `rows_fetched`,
 1 AS `fetch_latency`,
 1 AS `rows_inserted`,
 1 AS `insert_latency`,
 1 AS `rows_updated`,
 1 AS `update_latency`,
 1 AS `rows_deleted`,
 1 AS `delete_latency`,
 1 AS `io_read_requests`,
 1 AS `io_read`,
 1 AS `io_read_latency`,
 1 AS `io_write_requests`,
 1 AS `io_write`,
 1 AS `io_write_latency`,
 1 AS `io_misc_requests`,
 1 AS `io_misc_latency`,
 1 AS `innodb_buffer_allocated`,
 1 AS `innodb_buffer_data`,
 1 AS `innodb_buffer_free`,
 1 AS `innodb_buffer_pages`,
 1 AS `innodb_buffer_pages_hashed`,
 1 AS `innodb_buffer_pages_old`,
 1 AS `innodb_buffer_rows_cached`*/;
SET character_set_client = @saved_cs_client;

--
-- Temporary view structure for view `x$schema_tables_with_full_table_scans`
--

DROP TABLE IF EXISTS `x$schema_tables_with_full_table_scans`;
/*!50001 DROP VIEW IF EXISTS `x$schema_tables_with_full_table_scans`*/;
SET @saved_cs_client     = @@character_set_client;
/*!50503 SET character_set_client = utf8mb4 */;
/*!50001 CREATE VIEW `x$schema_tables_with_full_table_scans` AS SELECT 
 1 AS `object_schema`,
 1 AS `object_name`,
 1 AS `rows_full_scanned`,
 1 AS `latency`*/;
SET character_set_client = @saved_cs_client;

--
-- Temporary view structure for view `x$session`
--

DROP TABLE IF EXISTS `x$session`;
/*!50001 DROP VIEW IF EXISTS `x$session`*/;
SET @saved_cs_client     = @@character_set_client;
/*!50503 SET character_set_client = utf8mb4 */;
/*!50001 CREATE VIEW `x$session` AS SELECT 
 1 AS `thd_id`,
 1 AS `conn_id`,
 1 AS `user`,
 1 AS `db`,
 1 AS `command`,
 1 AS `state`,
 1 AS `time`,
 1 AS `current_statement`,
 1 AS `statement_latency`,
 1 AS `progress`,
 1 AS `lock_latency`,
 1 AS `rows_examined`,
 1 AS `rows_sent`,
 1 AS `rows_affected`,
 1 AS `tmp_tables`,
 1 AS `tmp_disk_tables`,
 1 AS `full_scan`,
 1 AS `last_statement`,
 1 AS `last_statement_latency`,
 1 AS `current_memory`,
 1 AS `last_wait`,
 1 AS `last_wait_latency`,
 1 AS `source`,
 1 AS `trx_latency`,
 1 AS `trx_state`,
 1 AS `trx_autocommit`,
 1 AS `pid`,
 1 AS `program_name`*/;
SET character_set_client = @saved_cs_client;

--
-- Temporary view structure for view `x$statement_analysis`
--

DROP TABLE IF EXISTS `x$statement_analysis`;
/*!50001 DROP VIEW IF EXISTS `x$statement_analysis`*/;
SET @saved_cs_client     = @@character_set_client;
/*!50503 SET character_set_client = utf8mb4 */;
/*!50001 CREATE VIEW `x$statement_analysis` AS SELECT 
 1 AS `query`,
 1 AS `db`,
 1 AS `full_scan`,
 1 AS `exec_count`,
 1 AS `err_count`,
 1 AS `warn_count`,
 1 AS `total_latency`,
 1 AS `max_latency`,
 1 AS `avg_latency`,
 1 AS `lock_latency`,
 1 AS `rows_sent`,
 1 AS `rows_sent_avg`,
 1 AS `rows_examined`,
 1 AS `rows_examined_avg`,
 1 AS `rows_affected`,
 1 AS `rows_affected_avg`,
 1 AS `tmp_tables`,
 1 AS `tmp_disk_tables`,
 1 AS `rows_sorted`,
 1 AS `sort_merge_passes`,
 1 AS `digest`,
 1 AS `first_seen`,
 1 AS `last_seen`*/;
SET character_set_client = @saved_cs_client;

--
-- Temporary view structure for view `x$statements_with_errors_or_warnings`
--

DROP TABLE IF EXISTS `x$statements_with_errors_or_warnings`;
/*!50001 DROP VIEW IF EXISTS `x$statements_with_errors_or_warnings`*/;
SET @saved_cs_client     = @@character_set_client;
/*!50503 SET character_set_client = utf8mb4 */;
/*!50001 CREATE VIEW `x$statements_with_errors_or_warnings` AS SELECT 
 1 AS `query`,
 1 AS `db`,
 1 AS `exec_count`,
 1 AS `errors`,
 1 AS `error_pct`,
 1 AS `warnings`,
 1 AS `warning_pct`,
 1 AS `first_seen`,
 1 AS `last_seen`,
 1 AS `digest`*/;
SET character_set_client = @saved_cs_client;

--
-- Temporary view structure for view `x$statements_with_full_table_scans`
--

DROP TABLE IF EXISTS `x$statements_with_full_table_scans`;
/*!50001 DROP VIEW IF EXISTS `x$statements_with_full_table_scans`*/;
SET @saved_cs_client     = @@character_set_client;
/*!50503 SET character_set_client = utf8mb4 */;
/*!50001 CREATE VIEW `x$statements_with_full_table_scans` AS SELECT 
 1 AS `query`,
 1 AS `db`,
 1 AS `exec_count`,
 1 AS `total_latency`,
 1 AS `no_index_used_count`,
 1 AS `no_good_index_used_count`,
 1 AS `no_index_used_pct`,
 1 AS `rows_sent`,
 1 AS `rows_examined`,
 1 AS `rows_sent_avg`,
 1 AS `rows_examined_avg`,
 1 AS `first_seen`,
 1 AS `last_seen`,
 1 AS `digest`*/;
SET character_set_client = @saved_cs_client;

--
-- Temporary view structure for view `x$statements_with_runtimes_in_95th_percentile`
--

DROP TABLE IF EXISTS `x$statements_with_runtimes_in_95th_percentile`;
/*!50001 DROP VIEW IF EXISTS `x$statements_with_runtimes_in_95th_percentile`*/;
SET @saved_cs_client     = @@character_set_client;
/*!50503 SET character_set_client = utf8mb4 */;
/*!50001 CREATE VIEW `x$statements_with_runtimes_in_95th_percentile` AS SELECT 
 1 AS `query`,
 1 AS `db`,
 1 AS `full_scan`,
 1 AS `exec_count`,
 1 AS `err_count`,
 1 AS `warn_count`,
 1 AS `total_latency`,
 1 AS `max_latency`,
 1 AS `avg_latency`,
 1 AS `rows_sent`,
 1 AS `rows_sent_avg`,
 1 AS `rows_examined`,
 1 AS `rows_examined_avg`,
 1 AS `first_seen`,
 1 AS `last_seen`,
 1 AS `digest`*/;
SET character_set_client = @saved_cs_client;

--
-- Temporary view structure for view `x$statements_with_sorting`
--

DROP TABLE IF EXISTS `x$statements_with_sorting`;
/*!50001 DROP VIEW IF EXISTS `x$statements_with_sorting`*/;
SET @saved_cs_client     = @@character_set_client;
/*!50503 SET character_set_client = utf8mb4 */;
/*!50001 CREATE VIEW `x$statements_with_sorting` AS SELECT 
 1 AS `query`,
 1 AS `db`,
 1 AS `exec_count`,
 1 AS `total_latency`,
 1 AS `sort_merge_passes`,
 1 AS `avg_sort_merges`,
 1 AS `sorts_using_scans`,
 1 AS `sort_using_range`,
 1 AS `rows_sorted`,
 1 AS `avg_rows_sorted`,
 1 AS `first_seen`,
 1 AS `last_seen`,
 1 AS `digest`*/;
SET character_set_client = @saved_cs_client;

--
-- Temporary view structure for view `x$statements_with_temp_tables`
--

DROP TABLE IF EXISTS `x$statements_with_temp_tables`;
/*!50001 DROP VIEW IF EXISTS `x$statements_with_temp_tables`*/;
SET @saved_cs_client     = @@character_set_client;
/*!50503 SET character_set_client = utf8mb4 */;
/*!50001 CREATE VIEW `x$statements_with_temp_tables` AS SELECT 
 1 AS `query`,
 1 AS `db`,
 1 AS `exec_count`,
 1 AS `total_latency`,
 1 AS `memory_tmp_tables`,
 1 AS `disk_tmp_tables`,
 1 AS `avg_tmp_tables_per_query`,
 1 AS `tmp_tables_to_disk_pct`,
 1 AS `first_seen`,
 1 AS `last_seen`,
 1 AS `digest`*/;
SET character_set_client = @saved_cs_client;

--
-- Temporary view structure for view `x$user_summary`
--

DROP TABLE IF EXISTS `x$user_summary`;
/*!50001 DROP VIEW IF EXISTS `x$user_summary`*/;
SET @saved_cs_client     = @@character_set_client;
/*!50503 SET character_set_client = utf8mb4 */;
/*!50001 CREATE VIEW `x$user_summary` AS SELECT 
 1 AS `user`,
 1 AS `statements`,
 1 AS `statement_latency`,
 1 AS `statement_avg_latency`,
 1 AS `table_scans`,
 1 AS `file_ios`,
 1 AS `file_io_latency`,
 1 AS `current_connections`,
 1 AS `total_connections`,
 1 AS `unique_hosts`,
 1 AS `current_memory`,
 1 AS `total_memory_allocated`*/;
SET character_set_client = @saved_cs_client;

--
-- Temporary view structure for view `x$user_summary_by_file_io`
--

DROP TABLE IF EXISTS `x$user_summary_by_file_io`;
/*!50001 DROP VIEW IF EXISTS `x$user_summary_by_file_io`*/;
SET @saved_cs_client     = @@character_set_client;
/*!50503 SET character_set_client = utf8mb4 */;
/*!50001 CREATE VIEW `x$user_summary_by_file_io` AS SELECT 
 1 AS `user`,
 1 AS `ios`,
 1 AS `io_latency`*/;
SET character_set_client = @saved_cs_client;

--
-- Temporary view structure for view `x$user_summary_by_file_io_type`
--

DROP TABLE IF EXISTS `x$user_summary_by_file_io_type`;
/*!50001 DROP VIEW IF EXISTS `x$user_summary_by_file_io_type`*/;
SET @saved_cs_client     = @@character_set_client;
/*!50503 SET character_set_client = utf8mb4 */;
/*!50001 CREATE VIEW `x$user_summary_by_file_io_type` AS SELECT 
 1 AS `user`,
 1 AS `event_name`,
 1 AS `total`,
 1 AS `latency`,
 1 AS `max_latency`*/;
SET character_set_client = @saved_cs_client;

--
-- Temporary view structure for view `x$user_summary_by_stages`
--

DROP TABLE IF EXISTS `x$user_summary_by_stages`;
/*!50001 DROP VIEW IF EXISTS `x$user_summary_by_stages`*/;
SET @saved_cs_client     = @@character_set_client;
/*!50503 SET character_set_client = utf8mb4 */;
/*!50001 CREATE VIEW `x$user_summary_by_stages` AS SELECT 
 1 AS `user`,
 1 AS `event_name`,
 1 AS `total`,
 1 AS `total_latency`,
 1 AS `avg_latency`*/;
SET character_set_client = @saved_cs_client;

--
-- Temporary view structure for view `x$user_summary_by_statement_latency`
--

DROP TABLE IF EXISTS `x$user_summary_by_statement_latency`;
/*!50001 DROP VIEW IF EXISTS `x$user_summary_by_statement_latency`*/;
SET @saved_cs_client     = @@character_set_client;
/*!50503 SET character_set_client = utf8mb4 */;
/*!50001 CREATE VIEW `x$user_summary_by_statement_latency` AS SELECT 
 1 AS `user`,
 1 AS `total`,
 1 AS `total_latency`,
 1 AS `max_latency`,
 1 AS `lock_latency`,
 1 AS `rows_sent`,
 1 AS `rows_examined`,
 1 AS `rows_affected`,
 1 AS `full_scans`*/;
SET character_set_client = @saved_cs_client;

--
-- Temporary view structure for view `x$user_summary_by_statement_type`
--

DROP TABLE IF EXISTS `x$user_summary_by_statement_type`;
/*!50001 DROP VIEW IF EXISTS `x$user_summary_by_statement_type`*/;
SET @saved_cs_client     = @@character_set_client;
/*!50503 SET character_set_client = utf8mb4 */;
/*!50001 CREATE VIEW `x$user_summary_by_statement_type` AS SELECT 
 1 AS `user`,
 1 AS `statement`,
 1 AS `total`,
 1 AS `total_latency`,
 1 AS `max_latency`,
 1 AS `lock_latency`,
 1 AS `rows_sent`,
 1 AS `rows_examined`,
 1 AS `rows_affected`,
 1 AS `full_scans`*/;
SET character_set_client = @saved_cs_client;

--
-- Temporary view structure for view `x$wait_classes_global_by_avg_latency`
--

DROP TABLE IF EXISTS `x$wait_classes_global_by_avg_latency`;
/*!50001 DROP VIEW IF EXISTS `x$wait_classes_global_by_avg_latency`*/;
SET @saved_cs_client     = @@character_set_client;
/*!50503 SET character_set_client = utf8mb4 */;
/*!50001 CREATE VIEW `x$wait_classes_global_by_avg_latency` AS SELECT 
 1 AS `event_class`,
 1 AS `total`,
 1 AS `total_latency`,
 1 AS `min_latency`,
 1 AS `avg_latency`,
 1 AS `max_latency`*/;
SET character_set_client = @saved_cs_client;

--
-- Temporary view structure for view `x$wait_classes_global_by_latency`
--

DROP TABLE IF EXISTS `x$wait_classes_global_by_latency`;
/*!50001 DROP VIEW IF EXISTS `x$wait_classes_global_by_latency`*/;
SET @saved_cs_client     = @@character_set_client;
/*!50503 SET character_set_client = utf8mb4 */;
/*!50001 CREATE VIEW `x$wait_classes_global_by_latency` AS SELECT 
 1 AS `event_class`,
 1 AS `total`,
 1 AS `total_latency`,
 1 AS `min_latency`,
 1 AS `avg_latency`,
 1 AS `max_latency`*/;
SET character_set_client = @saved_cs_client;

--
-- Temporary view structure for view `x$waits_by_host_by_latency`
--

DROP TABLE IF EXISTS `x$waits_by_host_by_latency`;
/*!50001 DROP VIEW IF EXISTS `x$waits_by_host_by_latency`*/;
SET @saved_cs_client     = @@character_set_client;
/*!50503 SET character_set_client = utf8mb4 */;
/*!50001 CREATE VIEW `x$waits_by_host_by_latency` AS SELECT 
 1 AS `host`,
 1 AS `event`,
 1 AS `total`,
 1 AS `total_latency`,
 1 AS `avg_latency`,
 1 AS `max_latency`*/;
SET character_set_client = @saved_cs_client;

--
-- Temporary view structure for view `x$waits_by_user_by_latency`
--

DROP TABLE IF EXISTS `x$waits_by_user_by_latency`;
/*!50001 DROP VIEW IF EXISTS `x$waits_by_user_by_latency`*/;
SET @saved_cs_client     = @@character_set_client;
/*!50503 SET character_set_client = utf8mb4 */;
/*!50001 CREATE VIEW `x$waits_by_user_by_latency` AS SELECT 
 1 AS `user`,
 1 AS `event`,
 1 AS `total`,
 1 AS `total_latency`,
 1 AS `avg_latency`,
 1 AS `max_latency`*/;
SET character_set_client = @saved_cs_client;

--
-- Temporary view structure for view `x$waits_global_by_latency`
--

DROP TABLE IF EXISTS `x$waits_global_by_latency`;
/*!50001 DROP VIEW IF EXISTS `x$waits_global_by_latency`*/;
SET @saved_cs_client     = @@character_set_client;
/*!50503 SET character_set_client = utf8mb4 */;
/*!50001 CREATE VIEW `x$waits_global_by_latency` AS SELECT 
 1 AS `events`,
 1 AS `total`,
 1 AS `total_latency`,
 1 AS `avg_latency`,
 1 AS `max_latency`*/;
SET character_set_client = @saved_cs_client;

--
-- Final view structure for view `host_summary`
--

/*!50001 DROP VIEW IF EXISTS `host_summary`*/;
/*!50001 SET @saved_cs_client          = @@character_set_client */;
/*!50001 SET @saved_cs_results         = @@character_set_results */;
/*!50001 SET @saved_col_connection     = @@collation_connection */;
/*!50001 SET character_set_client      = utf8mb4 */;
/*!50001 SET character_set_results     = utf8mb4 */;
/*!50001 SET collation_connection      = utf8mb4_0900_ai_ci */;
/*!50001 CREATE ALGORITHM=TEMPTABLE */
/*!50013 DEFINER=`mysql.sys`@`localhost` SQL SECURITY INVOKER */
/*!50001 VIEW `host_summary` (`host`,`statements`,`statement_latency`,`statement_avg_latency`,`table_scans`,`file_ios`,`file_io_latency`,`current_connections`,`total_connections`,`unique_users`,`current_memory`,`total_memory_allocated`) AS select if((`performance_schema`.`accounts`.`HOST` is null),'background',`performance_schema`.`accounts`.`HOST`) AS `host`,sum(`stmt`.`total`) AS `statements`,`sys`.`format_time`(sum(`stmt`.`total_latency`)) AS `statement_latency`,`sys`.`format_time`(ifnull((sum(`stmt`.`total_latency`) / nullif(sum(`stmt`.`total`),0)),0)) AS `statement_avg_latency`,sum(`stmt`.`full_scans`) AS `table_scans`,sum(`io`.`ios`) AS `file_ios`,`sys`.`format_time`(sum(`io`.`io_latency`)) AS `file_io_latency`,sum(`performance_schema`.`accounts`.`CURRENT_CONNECTIONS`) AS `current_connections`,sum(`performance_schema`.`accounts`.`TOTAL_CONNECTIONS`) AS `total_connections`,count(distinct `performance_schema`.`accounts`.`USER`) AS `unique_users`,`sys`.`format_bytes`(sum(`mem`.`current_allocated`)) AS `current_memory`,`sys`.`format_bytes`(sum(`mem`.`total_allocated`)) AS `total_memory_allocated` from (((`performance_schema`.`accounts` join `x$host_summary_by_statement_latency` `stmt` on((`performance_schema`.`accounts`.`HOST` = `stmt`.`host`))) join `x$host_summary_by_file_io` `io` on((`performance_schema`.`accounts`.`HOST` = `io`.`host`))) join `x$memory_by_host_by_current_bytes` `mem` on((`performance_schema`.`accounts`.`HOST` = `mem`.`host`))) group by if((`performance_schema`.`accounts`.`HOST` is null),'background',`performance_schema`.`accounts`.`HOST`) */;
/*!50001 SET character_set_client      = @saved_cs_client */;
/*!50001 SET character_set_results     = @saved_cs_results */;
/*!50001 SET collation_connection      = @saved_col_connection */;

--
-- Final view structure for view `host_summary_by_file_io`
--

/*!50001 DROP VIEW IF EXISTS `host_summary_by_file_io`*/;
/*!50001 SET @saved_cs_client          = @@character_set_client */;
/*!50001 SET @saved_cs_results         = @@character_set_results */;
/*!50001 SET @saved_col_connection     = @@collation_connection */;
/*!50001 SET character_set_client      = utf8mb4 */;
/*!50001 SET character_set_results     = utf8mb4 */;
/*!50001 SET collation_connection      = utf8mb4_0900_ai_ci */;
/*!50001 CREATE ALGORITHM=TEMPTABLE */
/*!50013 DEFINER=`mysql.sys`@`localhost` SQL SECURITY INVOKER */
/*!50001 VIEW `host_summary_by_file_io` (`host`,`ios`,`io_latency`) AS select if((`performance_schema`.`events_waits_summary_by_host_by_event_name`.`HOST` is null),'background',`performance_schema`.`events_waits_summary_by_host_by_event_name`.`HOST`) AS `host`,sum(`performance_schema`.`events_waits_summary_by_host_by_event_name`.`COUNT_STAR`) AS `ios`,`sys`.`format_time`(sum(`performance_schema`.`events_waits_summary_by_host_by_event_name`.`SUM_TIMER_WAIT`)) AS `io_latency` from `performance_schema`.`events_waits_summary_by_host_by_event_name` where (`performance_schema`.`events_waits_summary_by_host_by_event_name`.`EVENT_NAME` like 'wait/io/file/%') group by if((`performance_schema`.`events_waits_summary_by_host_by_event_name`.`HOST` is null),'background',`performance_schema`.`events_waits_summary_by_host_by_event_name`.`HOST`) order by sum(`performance_schema`.`events_waits_summary_by_host_by_event_name`.`SUM_TIMER_WAIT`) desc */;
/*!50001 SET character_set_client      = @saved_cs_client */;
/*!50001 SET character_set_results     = @saved_cs_results */;
/*!50001 SET collation_connection      = @saved_col_connection */;

--
-- Final view structure for view `host_summary_by_file_io_type`
--

/*!50001 DROP VIEW IF EXISTS `host_summary_by_file_io_type`*/;
/*!50001 SET @saved_cs_client          = @@character_set_client */;
/*!50001 SET @saved_cs_results         = @@character_set_results */;
/*!50001 SET @saved_col_connection     = @@collation_connection */;
/*!50001 SET character_set_client      = utf8mb4 */;
/*!50001 SET character_set_results     = utf8mb4 */;
/*!50001 SET collation_connection      = utf8mb4_0900_ai_ci */;
/*!50001 CREATE ALGORITHM=MERGE */
/*!50013 DEFINER=`mysql.sys`@`localhost` SQL SECURITY INVOKER */
/*!50001 VIEW `host_summary_by_file_io_type` (`host`,`event_name`,`total`,`total_latency`,`max_latency`) AS select if((`performance_schema`.`events_waits_summary_by_host_by_event_name`.`HOST` is null),'background',`performance_schema`.`events_waits_summary_by_host_by_event_name`.`HOST`) AS `host`,`performance_schema`.`events_waits_summary_by_host_by_event_name`.`EVENT_NAME` AS `event_name`,`performance_schema`.`events_waits_summary_by_host_by_event_name`.`COUNT_STAR` AS `total`,`sys`.`format_time`(`performance_schema`.`events_waits_summary_by_host_by_event_name`.`SUM_TIMER_WAIT`) AS `total_latency`,`sys`.`format_time`(`performance_schema`.`events_waits_summary_by_host_by_event_name`.`MAX_TIMER_WAIT`) AS `max_latency` from `performance_schema`.`events_waits_summary_by_host_by_event_name` where ((`performance_schema`.`events_waits_summary_by_host_by_event_name`.`EVENT_NAME` like 'wait/io/file%') and (`performance_schema`.`events_waits_summary_by_host_by_event_name`.`COUNT_STAR` > 0)) order by if((`performance_schema`.`events_waits_summary_by_host_by_event_name`.`HOST` is null),'background',`performance_schema`.`events_waits_summary_by_host_by_event_name`.`HOST`),`performance_schema`.`events_waits_summary_by_host_by_event_name`.`SUM_TIMER_WAIT` desc */;
/*!50001 SET character_set_client      = @saved_cs_client */;
/*!50001 SET character_set_results     = @saved_cs_results */;
/*!50001 SET collation_connection      = @saved_col_connection */;

--
-- Final view structure for view `host_summary_by_stages`
--

/*!50001 DROP VIEW IF EXISTS `host_summary_by_stages`*/;
/*!50001 SET @saved_cs_client          = @@character_set_client */;
/*!50001 SET @saved_cs_results         = @@character_set_results */;
/*!50001 SET @saved_col_connection     = @@collation_connection */;
/*!50001 SET character_set_client      = utf8mb4 */;
/*!50001 SET character_set_results     = utf8mb4 */;
/*!50001 SET collation_connection      = utf8mb4_0900_ai_ci */;
/*!50001 CREATE ALGORITHM=MERGE */
/*!50013 DEFINER=`mysql.sys`@`localhost` SQL SECURITY INVOKER */
/*!50001 VIEW `host_summary_by_stages` (`host`,`event_name`,`total`,`total_latency`,`avg_latency`) AS select if((`performance_schema`.`events_stages_summary_by_host_by_event_name`.`HOST` is null),'background',`performance_schema`.`events_stages_summary_by_host_by_event_name`.`HOST`) AS `host`,`performance_schema`.`events_stages_summary_by_host_by_event_name`.`EVENT_NAME` AS `event_name`,`performance_schema`.`events_stages_summary_by_host_by_event_name`.`COUNT_STAR` AS `total`,`sys`.`format_time`(`performance_schema`.`events_stages_summary_by_host_by_event_name`.`SUM_TIMER_WAIT`) AS `total_latency`,`sys`.`format_time`(`performance_schema`.`events_stages_summary_by_host_by_event_name`.`AVG_TIMER_WAIT`) AS `avg_latency` from `performance_schema`.`events_stages_summary_by_host_by_event_name` where (`performance_schema`.`events_stages_summary_by_host_by_event_name`.`SUM_TIMER_WAIT` <> 0) order by if((`performance_schema`.`events_stages_summary_by_host_by_event_name`.`HOST` is null),'background',`performance_schema`.`events_stages_summary_by_host_by_event_name`.`HOST`),`performance_schema`.`events_stages_summary_by_host_by_event_name`.`SUM_TIMER_WAIT` desc */;
/*!50001 SET character_set_client      = @saved_cs_client */;
/*!50001 SET character_set_results     = @saved_cs_results */;
/*!50001 SET collation_connection      = @saved_col_connection */;

--
-- Final view structure for view `host_summary_by_statement_latency`
--

/*!50001 DROP VIEW IF EXISTS `host_summary_by_statement_latency`*/;
/*!50001 SET @saved_cs_client          = @@character_set_client */;
/*!50001 SET @saved_cs_results         = @@character_set_results */;
/*!50001 SET @saved_col_connection     = @@collation_connection */;
/*!50001 SET character_set_client      = utf8mb4 */;
/*!50001 SET character_set_results     = utf8mb4 */;
/*!50001 SET collation_connection      = utf8mb4_0900_ai_ci */;
/*!50001 CREATE ALGORITHM=TEMPTABLE */
/*!50013 DEFINER=`mysql.sys`@`localhost` SQL SECURITY INVOKER */
/*!50001 VIEW `host_summary_by_statement_latency` (`host`,`total`,`total_latency`,`max_latency`,`lock_latency`,`rows_sent`,`rows_examined`,`rows_affected`,`full_scans`) AS select if((`performance_schema`.`events_statements_summary_by_host_by_event_name`.`HOST` is null),'background',`performance_schema`.`events_statements_summary_by_host_by_event_name`.`HOST`) AS `host`,sum(`performance_schema`.`events_statements_summary_by_host_by_event_name`.`COUNT_STAR`) AS `total`,`sys`.`format_time`(sum(`performance_schema`.`events_statements_summary_by_host_by_event_name`.`SUM_TIMER_WAIT`)) AS `total_latency`,`sys`.`format_time`(max(`performance_schema`.`events_statements_summary_by_host_by_event_name`.`MAX_TIMER_WAIT`)) AS `max_latency`,`sys`.`format_time`(sum(`performance_schema`.`events_statements_summary_by_host_by_event_name`.`SUM_LOCK_TIME`)) AS `lock_latency`,sum(`performance_schema`.`events_statements_summary_by_host_by_event_name`.`SUM_ROWS_SENT`) AS `rows_sent`,sum(`performance_schema`.`events_statements_summary_by_host_by_event_name`.`SUM_ROWS_EXAMINED`) AS `rows_examined`,sum(`performance_schema`.`events_statements_summary_by_host_by_event_name`.`SUM_ROWS_AFFECTED`) AS `rows_affected`,(sum(`performance_schema`.`events_statements_summary_by_host_by_event_name`.`SUM_NO_INDEX_USED`) + sum(`performance_schema`.`events_statements_summary_by_host_by_event_name`.`SUM_NO_GOOD_INDEX_USED`)) AS `full_scans` from `performance_schema`.`events_statements_summary_by_host_by_event_name` group by if((`performance_schema`.`events_statements_summary_by_host_by_event_name`.`HOST` is null),'background',`performance_schema`.`events_statements_summary_by_host_by_event_name`.`HOST`) order by sum(`performance_schema`.`events_statements_summary_by_host_by_event_name`.`SUM_TIMER_WAIT`) desc */;
/*!50001 SET character_set_client      = @saved_cs_client */;
/*!50001 SET character_set_results     = @saved_cs_results */;
/*!50001 SET collation_connection      = @saved_col_connection */;

--
-- Final view structure for view `host_summary_by_statement_type`
--

/*!50001 DROP VIEW IF EXISTS `host_summary_by_statement_type`*/;
/*!50001 SET @saved_cs_client          = @@character_set_client */;
/*!50001 SET @saved_cs_results         = @@character_set_results */;
/*!50001 SET @saved_col_connection     = @@collation_connection */;
/*!50001 SET character_set_client      = utf8mb4 */;
/*!50001 SET character_set_results     = utf8mb4 */;
/*!50001 SET collation_connection      = utf8mb4_0900_ai_ci */;
/*!50001 CREATE ALGORITHM=MERGE */
/*!50013 DEFINER=`mysql.sys`@`localhost` SQL SECURITY INVOKER */
/*!50001 VIEW `host_summary_by_statement_type` (`host`,`statement`,`total`,`total_latency`,`max_latency`,`lock_latency`,`rows_sent`,`rows_examined`,`rows_affected`,`full_scans`) AS select if((`performance_schema`.`events_statements_summary_by_host_by_event_name`.`HOST` is null),'background',`performance_schema`.`events_statements_summary_by_host_by_event_name`.`HOST`) AS `host`,substring_index(`performance_schema`.`events_statements_summary_by_host_by_event_name`.`EVENT_NAME`,'/',-(1)) AS `statement`,`performance_schema`.`events_statements_summary_by_host_by_event_name`.`COUNT_STAR` AS `total`,`sys`.`format_time`(`performance_schema`.`events_statements_summary_by_host_by_event_name`.`SUM_TIMER_WAIT`) AS `total_latency`,`sys`.`format_time`(`performance_schema`.`events_statements_summary_by_host_by_event_name`.`MAX_TIMER_WAIT`) AS `max_latency`,`sys`.`format_time`(`performance_schema`.`events_statements_summary_by_host_by_event_name`.`SUM_LOCK_TIME`) AS `lock_latency`,`performance_schema`.`events_statements_summary_by_host_by_event_name`.`SUM_ROWS_SENT` AS `rows_sent`,`performance_schema`.`events_statements_summary_by_host_by_event_name`.`SUM_ROWS_EXAMINED` AS `rows_examined`,`performance_schema`.`events_statements_summary_by_host_by_event_name`.`SUM_ROWS_AFFECTED` AS `rows_affected`,(`performance_schema`.`events_statements_summary_by_host_by_event_name`.`SUM_NO_INDEX_USED` + `performance_schema`.`events_statements_summary_by_host_by_event_name`.`SUM_NO_GOOD_INDEX_USED`) AS `full_scans` from `performance_schema`.`events_statements_summary_by_host_by_event_name` where (`performance_schema`.`events_statements_summary_by_host_by_event_name`.`SUM_TIMER_WAIT` <> 0) order by if((`performance_schema`.`events_statements_summary_by_host_by_event_name`.`HOST` is null),'background',`performance_schema`.`events_statements_summary_by_host_by_event_name`.`HOST`),`performance_schema`.`events_statements_summary_by_host_by_event_name`.`SUM_TIMER_WAIT` desc */;
/*!50001 SET character_set_client      = @saved_cs_client */;
/*!50001 SET character_set_results     = @saved_cs_results */;
/*!50001 SET collation_connection      = @saved_col_connection */;

--
-- Final view structure for view `innodb_buffer_stats_by_schema`
--

/*!50001 DROP VIEW IF EXISTS `innodb_buffer_stats_by_schema`*/;
/*!50001 SET @saved_cs_client          = @@character_set_client */;
/*!50001 SET @saved_cs_results         = @@character_set_results */;
/*!50001 SET @saved_col_connection     = @@collation_connection */;
/*!50001 SET character_set_client      = utf8mb4 */;
/*!50001 SET character_set_results     = utf8mb4 */;
/*!50001 SET collation_connection      = utf8mb4_0900_ai_ci */;
/*!50001 CREATE ALGORITHM=TEMPTABLE */
/*!50013 DEFINER=`mysql.sys`@`localhost` SQL SECURITY INVOKER */
/*!50001 VIEW `innodb_buffer_stats_by_schema` (`object_schema`,`allocated`,`data`,`pages`,`pages_hashed`,`pages_old`,`rows_cached`) AS select if((locate('.',`ibp`.`TABLE_NAME`) = 0),'InnoDB System',replace(substring_index(`ibp`.`TABLE_NAME`,'.',1),'`','')) AS `object_schema`,`sys`.`format_bytes`(sum(if((`ibp`.`COMPRESSED_SIZE` = 0),16384,`ibp`.`COMPRESSED_SIZE`))) AS `allocated`,`sys`.`format_bytes`(sum(`ibp`.`DATA_SIZE`)) AS `data`,count(`ibp`.`PAGE_NUMBER`) AS `pages`,count(if((`ibp`.`IS_HASHED` = 'YES'),1,NULL)) AS `pages_hashed`,count(if((`ibp`.`IS_OLD` = 'YES'),1,NULL)) AS `pages_old`,round((sum(`ibp`.`NUMBER_RECORDS`) / count(distinct `ibp`.`INDEX_NAME`)),0) AS `rows_cached` from `information_schema`.`INNODB_BUFFER_PAGE` `ibp` where (`ibp`.`TABLE_NAME` is not null) group by `object_schema` order by sum(if((`ibp`.`COMPRESSED_SIZE` = 0),16384,`ibp`.`COMPRESSED_SIZE`)) desc */;
/*!50001 SET character_set_client      = @saved_cs_client */;
/*!50001 SET character_set_results     = @saved_cs_results */;
/*!50001 SET collation_connection      = @saved_col_connection */;

--
-- Final view structure for view `innodb_buffer_stats_by_table`
--

/*!50001 DROP VIEW IF EXISTS `innodb_buffer_stats_by_table`*/;
/*!50001 SET @saved_cs_client          = @@character_set_client */;
/*!50001 SET @saved_cs_results         = @@character_set_results */;
/*!50001 SET @saved_col_connection     = @@collation_connection */;
/*!50001 SET character_set_client      = utf8mb4 */;
/*!50001 SET character_set_results     = utf8mb4 */;
/*!50001 SET collation_connection      = utf8mb4_0900_ai_ci */;
/*!50001 CREATE ALGORITHM=TEMPTABLE */
/*!50013 DEFINER=`mysql.sys`@`localhost` SQL SECURITY INVOKER */
/*!50001 VIEW `innodb_buffer_stats_by_table` (`object_schema`,`object_name`,`allocated`,`data`,`pages`,`pages_hashed`,`pages_old`,`rows_cached`) AS select if((locate('.',`ibp`.`TABLE_NAME`) = 0),'InnoDB System',replace(substring_index(`ibp`.`TABLE_NAME`,'.',1),'`','')) AS `object_schema`,replace(substring_index(`ibp`.`TABLE_NAME`,'.',-(1)),'`','') AS `object_name`,`sys`.`format_bytes`(sum(if((`ibp`.`COMPRESSED_SIZE` = 0),16384,`ibp`.`COMPRESSED_SIZE`))) AS `allocated`,`sys`.`format_bytes`(sum(`ibp`.`DATA_SIZE`)) AS `data`,count(`ibp`.`PAGE_NUMBER`) AS `pages`,count(if((`ibp`.`IS_HASHED` = 'YES'),1,NULL)) AS `pages_hashed`,count(if((`ibp`.`IS_OLD` = 'YES'),1,NULL)) AS `pages_old`,round((sum(`ibp`.`NUMBER_RECORDS`) / count(distinct `ibp`.`INDEX_NAME`)),0) AS `rows_cached` from `information_schema`.`INNODB_BUFFER_PAGE` `ibp` where (`ibp`.`TABLE_NAME` is not null) group by `object_schema`,`object_name` order by sum(if((`ibp`.`COMPRESSED_SIZE` = 0),16384,`ibp`.`COMPRESSED_SIZE`)) desc */;
/*!50001 SET character_set_client      = @saved_cs_client */;
/*!50001 SET character_set_results     = @saved_cs_results */;
/*!50001 SET collation_connection      = @saved_col_connection */;

--
-- Final view structure for view `innodb_lock_waits`
--

/*!50001 DROP VIEW IF EXISTS `innodb_lock_waits`*/;
/*!50001 SET @saved_cs_client          = @@character_set_client */;
/*!50001 SET @saved_cs_results         = @@character_set_results */;
/*!50001 SET @saved_col_connection     = @@collation_connection */;
/*!50001 SET character_set_client      = utf8mb4 */;
/*!50001 SET character_set_results     = utf8mb4 */;
/*!50001 SET collation_connection      = utf8mb4_0900_ai_ci */;
/*!50001 CREATE ALGORITHM=TEMPTABLE */
/*!50013 DEFINER=`mysql.sys`@`localhost` SQL SECURITY INVOKER */
/*!50001 VIEW `innodb_lock_waits` (`wait_started`,`wait_age`,`wait_age_secs`,`locked_table`,`locked_table_schema`,`locked_table_name`,`locked_table_partition`,`locked_table_subpartition`,`locked_index`,`locked_type`,`waiting_trx_id`,`waiting_trx_started`,`waiting_trx_age`,`waiting_trx_rows_locked`,`waiting_trx_rows_modified`,`waiting_pid`,`waiting_query`,`waiting_lock_id`,`waiting_lock_mode`,`blocking_trx_id`,`blocking_pid`,`blocking_query`,`blocking_lock_id`,`blocking_lock_mode`,`blocking_trx_started`,`blocking_trx_age`,`blocking_trx_rows_locked`,`blocking_trx_rows_modified`,`sql_kill_blocking_query`,`sql_kill_blocking_connection`) AS select `r`.`trx_wait_started` AS `wait_started`,timediff(now(),`r`.`trx_wait_started`) AS `wait_age`,timestampdiff(SECOND,`r`.`trx_wait_started`,now()) AS `wait_age_secs`,concat(`sys`.`quote_identifier`(`rl`.`OBJECT_SCHEMA`),'.',`sys`.`quote_identifier`(`rl`.`OBJECT_NAME`)) AS `locked_table`,`rl`.`OBJECT_SCHEMA` AS `locked_table_schema`,`rl`.`OBJECT_NAME` AS `locked_table_name`,`rl`.`PARTITION_NAME` AS `locked_table_partition`,`rl`.`SUBPARTITION_NAME` AS `locked_table_subpartition`,`rl`.`INDEX_NAME` AS `locked_index`,`rl`.`LOCK_TYPE` AS `locked_type`,`r`.`trx_id` AS `waiting_trx_id`,`r`.`trx_started` AS `waiting_trx_started`,timediff(now(),`r`.`trx_started`) AS `waiting_trx_age`,`r`.`trx_rows_locked` AS `waiting_trx_rows_locked`,`r`.`trx_rows_modified` AS `waiting_trx_rows_modified`,`r`.`trx_mysql_thread_id` AS `waiting_pid`,`sys`.`format_statement`(`r`.`trx_query`) AS `waiting_query`,`rl`.`ENGINE_LOCK_ID` AS `waiting_lock_id`,`rl`.`LOCK_MODE` AS `waiting_lock_mode`,`b`.`trx_id` AS `blocking_trx_id`,`b`.`trx_mysql_thread_id` AS `blocking_pid`,`sys`.`format_statement`(`b`.`trx_query`) AS `blocking_query`,`bl`.`ENGINE_LOCK_ID` AS `blocking_lock_id`,`bl`.`LOCK_MODE` AS `blocking_lock_mode`,`b`.`trx_started` AS `blocking_trx_started`,timediff(now(),`b`.`trx_started`) AS `blocking_trx_age`,`b`.`trx_rows_locked` AS `blocking_trx_rows_locked`,`b`.`trx_rows_modified` AS `blocking_trx_rows_modified`,concat('KILL QUERY ',`b`.`trx_mysql_thread_id`) AS `sql_kill_blocking_query`,concat('KILL ',`b`.`trx_mysql_thread_id`) AS `sql_kill_blocking_connection` from ((((`performance_schema`.`data_lock_waits` `w` join `information_schema`.`INNODB_TRX` `b` on((convert(`b`.`trx_id` using utf8mb4) = cast(`w`.`BLOCKING_ENGINE_TRANSACTION_ID` as char charset utf8mb4)))) join `information_schema`.`INNODB_TRX` `r` on((convert(`r`.`trx_id` using utf8mb4) = cast(`w`.`REQUESTING_ENGINE_TRANSACTION_ID` as char charset utf8mb4)))) join `performance_schema`.`data_locks` `bl` on((`bl`.`ENGINE_LOCK_ID` = `w`.`BLOCKING_ENGINE_LOCK_ID`))) join `performance_schema`.`data_locks` `rl` on((`rl`.`ENGINE_LOCK_ID` = `w`.`REQUESTING_ENGINE_LOCK_ID`))) order by `r`.`trx_wait_started` */;
/*!50001 SET character_set_client      = @saved_cs_client */;
/*!50001 SET character_set_results     = @saved_cs_results */;
/*!50001 SET collation_connection      = @saved_col_connection */;

--
-- Final view structure for view `io_by_thread_by_latency`
--

/*!50001 DROP VIEW IF EXISTS `io_by_thread_by_latency`*/;
/*!50001 SET @saved_cs_client          = @@character_set_client */;
/*!50001 SET @saved_cs_results         = @@character_set_results */;
/*!50001 SET @saved_col_connection     = @@collation_connection */;
/*!50001 SET character_set_client      = utf8mb4 */;
/*!50001 SET character_set_results     = utf8mb4 */;
/*!50001 SET collation_connection      = utf8mb4_0900_ai_ci */;
/*!50001 CREATE ALGORITHM=TEMPTABLE */
/*!50013 DEFINER=`mysql.sys`@`localhost` SQL SECURITY INVOKER */
/*!50001 VIEW `io_by_thread_by_latency` (`user`,`total`,`total_latency`,`min_latency`,`avg_latency`,`max_latency`,`thread_id`,`processlist_id`) AS select if((`performance_schema`.`threads`.`PROCESSLIST_ID` is null),substring_index(`performance_schema`.`threads`.`NAME`,'/',-(1)),concat(`performance_schema`.`threads`.`PROCESSLIST_USER`,'@',convert(`performance_schema`.`threads`.`PROCESSLIST_HOST` using utf8mb4))) AS `user`,sum(`performance_schema`.`events_waits_summary_by_thread_by_event_name`.`COUNT_STAR`) AS `total`,`sys`.`format_time`(sum(`performance_schema`.`events_waits_summary_by_thread_by_event_name`.`SUM_TIMER_WAIT`)) AS `total_latency`,`sys`.`format_time`(min(`performance_schema`.`events_waits_summary_by_thread_by_event_name`.`MIN_TIMER_WAIT`)) AS `min_latency`,`sys`.`format_time`(avg(`performance_schema`.`events_waits_summary_by_thread_by_event_name`.`AVG_TIMER_WAIT`)) AS `avg_latency`,`sys`.`format_time`(max(`performance_schema`.`events_waits_summary_by_thread_by_event_name`.`MAX_TIMER_WAIT`)) AS `max_latency`,`performance_schema`.`events_waits_summary_by_thread_by_event_name`.`THREAD_ID` AS `thread_id`,`performance_schema`.`threads`.`PROCESSLIST_ID` AS `processlist_id` from (`performance_schema`.`events_waits_summary_by_thread_by_event_name` left join `performance_schema`.`threads` on((`performance_schema`.`events_waits_summary_by_thread_by_event_name`.`THREAD_ID` = `performance_schema`.`threads`.`THREAD_ID`))) where ((`performance_schema`.`events_waits_summary_by_thread_by_event_name`.`EVENT_NAME` like 'wait/io/file/%') and (`performance_schema`.`events_waits_summary_by_thread_by_event_name`.`SUM_TIMER_WAIT` > 0)) group by `performance_schema`.`events_waits_summary_by_thread_by_event_name`.`THREAD_ID`,`performance_schema`.`threads`.`PROCESSLIST_ID`,`user` order by sum(`performance_schema`.`events_waits_summary_by_thread_by_event_name`.`SUM_TIMER_WAIT`) desc */;
/*!50001 SET character_set_client      = @saved_cs_client */;
/*!50001 SET character_set_results     = @saved_cs_results */;
/*!50001 SET collation_connection      = @saved_col_connection */;

--
-- Final view structure for view `io_global_by_file_by_bytes`
--

/*!50001 DROP VIEW IF EXISTS `io_global_by_file_by_bytes`*/;
/*!50001 SET @saved_cs_client          = @@character_set_client */;
/*!50001 SET @saved_cs_results         = @@character_set_results */;
/*!50001 SET @saved_col_connection     = @@collation_connection */;
/*!50001 SET character_set_client      = utf8mb4 */;
/*!50001 SET character_set_results     = utf8mb4 */;
/*!50001 SET collation_connection      = utf8mb4_0900_ai_ci */;
/*!50001 CREATE ALGORITHM=MERGE */
/*!50013 DEFINER=`mysql.sys`@`localhost` SQL SECURITY INVOKER */
/*!50001 VIEW `io_global_by_file_by_bytes` (`file`,`count_read`,`total_read`,`avg_read`,`count_write`,`total_written`,`avg_write`,`total`,`write_pct`) AS select `sys`.`format_path`(`performance_schema`.`file_summary_by_instance`.`FILE_NAME`) AS `file`,`performance_schema`.`file_summary_by_instance`.`COUNT_READ` AS `count_read`,`sys`.`format_bytes`(`performance_schema`.`file_summary_by_instance`.`SUM_NUMBER_OF_BYTES_READ`) AS `total_read`,`sys`.`format_bytes`(ifnull((`performance_schema`.`file_summary_by_instance`.`SUM_NUMBER_OF_BYTES_READ` / nullif(`performance_schema`.`file_summary_by_instance`.`COUNT_READ`,0)),0)) AS `avg_read`,`performance_schema`.`file_summary_by_instance`.`COUNT_WRITE` AS `count_write`,`sys`.`format_bytes`(`performance_schema`.`file_summary_by_instance`.`SUM_NUMBER_OF_BYTES_WRITE`) AS `total_written`,`sys`.`format_bytes`(ifnull((`performance_schema`.`file_summary_by_instance`.`SUM_NUMBER_OF_BYTES_WRITE` / nullif(`performance_schema`.`file_summary_by_instance`.`COUNT_WRITE`,0)),0.00)) AS `avg_write`,`sys`.`format_bytes`((`performance_schema`.`file_summary_by_instance`.`SUM_NUMBER_OF_BYTES_READ` + `performance_schema`.`file_summary_by_instance`.`SUM_NUMBER_OF_BYTES_WRITE`)) AS `total`,ifnull(round((100 - ((`performance_schema`.`file_summary_by_instance`.`SUM_NUMBER_OF_BYTES_READ` / nullif((`performance_schema`.`file_summary_by_instance`.`SUM_NUMBER_OF_BYTES_READ` + `performance_schema`.`file_summary_by_instance`.`SUM_NUMBER_OF_BYTES_WRITE`),0)) * 100)),2),0.00) AS `write_pct` from `performance_schema`.`file_summary_by_instance` order by (`performance_schema`.`file_summary_by_instance`.`SUM_NUMBER_OF_BYTES_READ` + `performance_schema`.`file_summary_by_instance`.`SUM_NUMBER_OF_BYTES_WRITE`) desc */;
/*!50001 SET character_set_client      = @saved_cs_client */;
/*!50001 SET character_set_results     = @saved_cs_results */;
/*!50001 SET collation_connection      = @saved_col_connection */;

--
-- Final view structure for view `io_global_by_file_by_latency`
--

/*!50001 DROP VIEW IF EXISTS `io_global_by_file_by_latency`*/;
/*!50001 SET @saved_cs_client          = @@character_set_client */;
/*!50001 SET @saved_cs_results         = @@character_set_results */;
/*!50001 SET @saved_col_connection     = @@collation_connection */;
/*!50001 SET character_set_client      = utf8mb4 */;
/*!50001 SET character_set_results     = utf8mb4 */;
/*!50001 SET collation_connection      = utf8mb4_0900_ai_ci */;
/*!50001 CREATE ALGORITHM=MERGE */
/*!50013 DEFINER=`mysql.sys`@`localhost` SQL SECURITY INVOKER */
/*!50001 VIEW `io_global_by_file_by_latency` (`file`,`total`,`total_latency`,`count_read`,`read_latency`,`count_write`,`write_latency`,`count_misc`,`misc_latency`) AS select `sys`.`format_path`(`performance_schema`.`file_summary_by_instance`.`FILE_NAME`) AS `file`,`performance_schema`.`file_summary_by_instance`.`COUNT_STAR` AS `total`,`sys`.`format_time`(`performance_schema`.`file_summary_by_instance`.`SUM_TIMER_WAIT`) AS `total_latency`,`performance_schema`.`file_summary_by_instance`.`COUNT_READ` AS `count_read`,`sys`.`format_time`(`performance_schema`.`file_summary_by_instance`.`SUM_TIMER_READ`) AS `read_latency`,`performance_schema`.`file_summary_by_instance`.`COUNT_WRITE` AS `count_write`,`sys`.`format_time`(`performance_schema`.`file_summary_by_instance`.`SUM_TIMER_WRITE`) AS `write_latency`,`performance_schema`.`file_summary_by_instance`.`COUNT_MISC` AS `count_misc`,`sys`.`format_time`(`performance_schema`.`file_summary_by_instance`.`SUM_TIMER_MISC`) AS `misc_latency` from `performance_schema`.`file_summary_by_instance` order by `performance_schema`.`file_summary_by_instance`.`SUM_TIMER_WAIT` desc */;
/*!50001 SET character_set_client      = @saved_cs_client */;
/*!50001 SET character_set_results     = @saved_cs_results */;
/*!50001 SET collation_connection      = @saved_col_connection */;

--
-- Final view structure for view `io_global_by_wait_by_bytes`
--

/*!50001 DROP VIEW IF EXISTS `io_global_by_wait_by_bytes`*/;
/*!50001 SET @saved_cs_client          = @@character_set_client */;
/*!50001 SET @saved_cs_results         = @@character_set_results */;
/*!50001 SET @saved_col_connection     = @@collation_connection */;
/*!50001 SET character_set_client      = utf8mb4 */;
/*!50001 SET character_set_results     = utf8mb4 */;
/*!50001 SET collation_connection      = utf8mb4_0900_ai_ci */;
/*!50001 CREATE ALGORITHM=MERGE */
/*!50013 DEFINER=`mysql.sys`@`localhost` SQL SECURITY INVOKER */
/*!50001 VIEW `io_global_by_wait_by_bytes` (`event_name`,`total`,`total_latency`,`min_latency`,`avg_latency`,`max_latency`,`count_read`,`total_read`,`avg_read`,`count_write`,`total_written`,`avg_written`,`total_requested`) AS select substring_index(`performance_schema`.`file_summary_by_event_name`.`EVENT_NAME`,'/',-(2)) AS `event_name`,`performance_schema`.`file_summary_by_event_name`.`COUNT_STAR` AS `total`,`sys`.`format_time`(`performance_schema`.`file_summary_by_event_name`.`SUM_TIMER_WAIT`) AS `total_latency`,`sys`.`format_time`(`performance_schema`.`file_summary_by_event_name`.`MIN_TIMER_WAIT`) AS `min_latency`,`sys`.`format_time`(`performance_schema`.`file_summary_by_event_name`.`AVG_TIMER_WAIT`) AS `avg_latency`,`sys`.`format_time`(`performance_schema`.`file_summary_by_event_name`.`MAX_TIMER_WAIT`) AS `max_latency`,`performance_schema`.`file_summary_by_event_name`.`COUNT_READ` AS `count_read`,`sys`.`format_bytes`(`performance_schema`.`file_summary_by_event_name`.`SUM_NUMBER_OF_BYTES_READ`) AS `total_read`,`sys`.`format_bytes`(ifnull((`performance_schema`.`file_summary_by_event_name`.`SUM_NUMBER_OF_BYTES_READ` / nullif(`performance_schema`.`file_summary_by_event_name`.`COUNT_READ`,0)),0)) AS `avg_read`,`performance_schema`.`file_summary_by_event_name`.`COUNT_WRITE` AS `count_write`,`sys`.`format_bytes`(`performance_schema`.`file_summary_by_event_name`.`SUM_NUMBER_OF_BYTES_WRITE`) AS `total_written`,`sys`.`format_bytes`(ifnull((`performance_schema`.`file_summary_by_event_name`.`SUM_NUMBER_OF_BYTES_WRITE` / nullif(`performance_schema`.`file_summary_by_event_name`.`COUNT_WRITE`,0)),0)) AS `avg_written`,`sys`.`format_bytes`((`performance_schema`.`file_summary_by_event_name`.`SUM_NUMBER_OF_BYTES_WRITE` + `performance_schema`.`file_summary_by_event_name`.`SUM_NUMBER_OF_BYTES_READ`)) AS `total_requested` from `performance_schema`.`file_summary_by_event_name` where ((`performance_schema`.`file_summary_by_event_name`.`EVENT_NAME` like 'wait/io/file/%') and (`performance_schema`.`file_summary_by_event_name`.`COUNT_STAR` > 0)) order by (`performance_schema`.`file_summary_by_event_name`.`SUM_NUMBER_OF_BYTES_WRITE` + `performance_schema`.`file_summary_by_event_name`.`SUM_NUMBER_OF_BYTES_READ`) desc */;
/*!50001 SET character_set_client      = @saved_cs_client */;
/*!50001 SET character_set_results     = @saved_cs_results */;
/*!50001 SET collation_connection      = @saved_col_connection */;

--
-- Final view structure for view `io_global_by_wait_by_latency`
--

/*!50001 DROP VIEW IF EXISTS `io_global_by_wait_by_latency`*/;
/*!50001 SET @saved_cs_client          = @@character_set_client */;
/*!50001 SET @saved_cs_results         = @@character_set_results */;
/*!50001 SET @saved_col_connection     = @@collation_connection */;
/*!50001 SET character_set_client      = utf8mb4 */;
/*!50001 SET character_set_results     = utf8mb4 */;
/*!50001 SET collation_connection      = utf8mb4_0900_ai_ci */;
/*!50001 CREATE ALGORITHM=MERGE */
/*!50013 DEFINER=`mysql.sys`@`localhost` SQL SECURITY INVOKER */
/*!50001 VIEW `io_global_by_wait_by_latency` (`event_name`,`total`,`total_latency`,`avg_latency`,`max_latency`,`read_latency`,`write_latency`,`misc_latency`,`count_read`,`total_read`,`avg_read`,`count_write`,`total_written`,`avg_written`) AS select substring_index(`performance_schema`.`file_summary_by_event_name`.`EVENT_NAME`,'/',-(2)) AS `event_name`,`performance_schema`.`file_summary_by_event_name`.`COUNT_STAR` AS `total`,`sys`.`format_time`(`performance_schema`.`file_summary_by_event_name`.`SUM_TIMER_WAIT`) AS `total_latency`,`sys`.`format_time`(`performance_schema`.`file_summary_by_event_name`.`AVG_TIMER_WAIT`) AS `avg_latency`,`sys`.`format_time`(`performance_schema`.`file_summary_by_event_name`.`MAX_TIMER_WAIT`) AS `max_latency`,`sys`.`format_time`(`performance_schema`.`file_summary_by_event_name`.`SUM_TIMER_READ`) AS `read_latency`,`sys`.`format_time`(`performance_schema`.`file_summary_by_event_name`.`SUM_TIMER_WRITE`) AS `write_latency`,`sys`.`format_time`(`performance_schema`.`file_summary_by_event_name`.`SUM_TIMER_MISC`) AS `misc_latency`,`performance_schema`.`file_summary_by_event_name`.`COUNT_READ` AS `count_read`,`sys`.`format_bytes`(`performance_schema`.`file_summary_by_event_name`.`SUM_NUMBER_OF_BYTES_READ`) AS `total_read`,`sys`.`format_bytes`(ifnull((`performance_schema`.`file_summary_by_event_name`.`SUM_NUMBER_OF_BYTES_READ` / nullif(`performance_schema`.`file_summary_by_event_name`.`COUNT_READ`,0)),0)) AS `avg_read`,`performance_schema`.`file_summary_by_event_name`.`COUNT_WRITE` AS `count_write`,`sys`.`format_bytes`(`performance_schema`.`file_summary_by_event_name`.`SUM_NUMBER_OF_BYTES_WRITE`) AS `total_written`,`sys`.`format_bytes`(ifnull((`performance_schema`.`file_summary_by_event_name`.`SUM_NUMBER_OF_BYTES_WRITE` / nullif(`performance_schema`.`file_summary_by_event_name`.`COUNT_WRITE`,0)),0)) AS `avg_written` from `performance_schema`.`file_summary_by_event_name` where ((`performance_schema`.`file_summary_by_event_name`.`EVENT_NAME` like 'wait/io/file/%') and (`performance_schema`.`file_summary_by_event_name`.`COUNT_STAR` > 0)) order by `performance_schema`.`file_summary_by_event_name`.`SUM_TIMER_WAIT` desc */;
/*!50001 SET character_set_client      = @saved_cs_client */;
/*!50001 SET character_set_results     = @saved_cs_results */;
/*!50001 SET collation_connection      = @saved_col_connection */;

--
-- Final view structure for view `latest_file_io`
--

/*!50001 DROP VIEW IF EXISTS `latest_file_io`*/;
/*!50001 SET @saved_cs_client          = @@character_set_client */;
/*!50001 SET @saved_cs_results         = @@character_set_results */;
/*!50001 SET @saved_col_connection     = @@collation_connection */;
/*!50001 SET character_set_client      = utf8mb4 */;
/*!50001 SET character_set_results     = utf8mb4 */;
/*!50001 SET collation_connection      = utf8mb4_0900_ai_ci */;
/*!50001 CREATE ALGORITHM=MERGE */
/*!50013 DEFINER=`mysql.sys`@`localhost` SQL SECURITY INVOKER */
/*!50001 VIEW `latest_file_io` (`thread`,`file`,`latency`,`operation`,`requested`) AS select if((`information_schema`.`processlist`.`ID` is null),concat(substring_index(`performance_schema`.`threads`.`NAME`,'/',-(1)),':',`performance_schema`.`events_waits_history_long`.`THREAD_ID`),convert(concat(`information_schema`.`processlist`.`USER`,'@',`information_schema`.`processlist`.`HOST`,':',`information_schema`.`processlist`.`ID`) using utf8mb4)) AS `thread`,`sys`.`format_path`(`performance_schema`.`events_waits_history_long`.`OBJECT_NAME`) AS `file`,`sys`.`format_time`(`performance_schema`.`events_waits_history_long`.`TIMER_WAIT`) AS `latency`,`performance_schema`.`events_waits_history_long`.`OPERATION` AS `operation`,`sys`.`format_bytes`(`performance_schema`.`events_waits_history_long`.`NUMBER_OF_BYTES`) AS `requested` from ((`performance_schema`.`events_waits_history_long` join `performance_schema`.`threads` on((`performance_schema`.`events_waits_history_long`.`THREAD_ID` = `performance_schema`.`threads`.`THREAD_ID`))) left join `information_schema`.`PROCESSLIST` on((`performance_schema`.`threads`.`PROCESSLIST_ID` = `information_schema`.`processlist`.`ID`))) where ((`performance_schema`.`events_waits_history_long`.`OBJECT_NAME` is not null) and (`performance_schema`.`events_waits_history_long`.`EVENT_NAME` like 'wait/io/file/%')) order by `performance_schema`.`events_waits_history_long`.`TIMER_START` */;
/*!50001 SET character_set_client      = @saved_cs_client */;
/*!50001 SET character_set_results     = @saved_cs_results */;
/*!50001 SET collation_connection      = @saved_col_connection */;

--
-- Final view structure for view `memory_by_host_by_current_bytes`
--

/*!50001 DROP VIEW IF EXISTS `memory_by_host_by_current_bytes`*/;
/*!50001 SET @saved_cs_client          = @@character_set_client */;
/*!50001 SET @saved_cs_results         = @@character_set_results */;
/*!50001 SET @saved_col_connection     = @@collation_connection */;
/*!50001 SET character_set_client      = utf8mb4 */;
/*!50001 SET character_set_results     = utf8mb4 */;
/*!50001 SET collation_connection      = utf8mb4_0900_ai_ci */;
/*!50001 CREATE ALGORITHM=TEMPTABLE */
/*!50013 DEFINER=`mysql.sys`@`localhost` SQL SECURITY INVOKER */
/*!50001 VIEW `memory_by_host_by_current_bytes` (`host`,`current_count_used`,`current_allocated`,`current_avg_alloc`,`current_max_alloc`,`total_allocated`) AS select if((`performance_schema`.`memory_summary_by_host_by_event_name`.`HOST` is null),'background',`performance_schema`.`memory_summary_by_host_by_event_name`.`HOST`) AS `host`,sum(`performance_schema`.`memory_summary_by_host_by_event_name`.`CURRENT_COUNT_USED`) AS `current_count_used`,`sys`.`format_bytes`(sum(`performance_schema`.`memory_summary_by_host_by_event_name`.`CURRENT_NUMBER_OF_BYTES_USED`)) AS `current_allocated`,`sys`.`format_bytes`(ifnull((sum(`performance_schema`.`memory_summary_by_host_by_event_name`.`CURRENT_NUMBER_OF_BYTES_USED`) / nullif(sum(`performance_schema`.`memory_summary_by_host_by_event_name`.`CURRENT_COUNT_USED`),0)),0)) AS `current_avg_alloc`,`sys`.`format_bytes`(max(`performance_schema`.`memory_summary_by_host_by_event_name`.`CURRENT_NUMBER_OF_BYTES_USED`)) AS `current_max_alloc`,`sys`.`format_bytes`(sum(`performance_schema`.`memory_summary_by_host_by_event_name`.`SUM_NUMBER_OF_BYTES_ALLOC`)) AS `total_allocated` from `performance_schema`.`memory_summary_by_host_by_event_name` group by if((`performance_schema`.`memory_summary_by_host_by_event_name`.`HOST` is null),'background',`performance_schema`.`memory_summary_by_host_by_event_name`.`HOST`) order by sum(`performance_schema`.`memory_summary_by_host_by_event_name`.`CURRENT_NUMBER_OF_BYTES_USED`) desc */;
/*!50001 SET character_set_client      = @saved_cs_client */;
/*!50001 SET character_set_results     = @saved_cs_results */;
/*!50001 SET collation_connection      = @saved_col_connection */;

--
-- Final view structure for view `memory_by_thread_by_current_bytes`
--

/*!50001 DROP VIEW IF EXISTS `memory_by_thread_by_current_bytes`*/;
/*!50001 SET @saved_cs_client          = @@character_set_client */;
/*!50001 SET @saved_cs_results         = @@character_set_results */;
/*!50001 SET @saved_col_connection     = @@collation_connection */;
/*!50001 SET character_set_client      = utf8mb4 */;
/*!50001 SET character_set_results     = utf8mb4 */;
/*!50001 SET collation_connection      = utf8mb4_0900_ai_ci */;
/*!50001 CREATE ALGORITHM=TEMPTABLE */
/*!50013 DEFINER=`mysql.sys`@`localhost` SQL SECURITY INVOKER */
/*!50001 VIEW `memory_by_thread_by_current_bytes` (`thread_id`,`user`,`current_count_used`,`current_allocated`,`current_avg_alloc`,`current_max_alloc`,`total_allocated`) AS select `mt`.`THREAD_ID` AS `thread_id`,if((`t`.`NAME` = 'thread/sql/one_connection'),concat(`t`.`PROCESSLIST_USER`,'@',convert(`t`.`PROCESSLIST_HOST` using utf8mb4)),replace(`t`.`NAME`,'thread/','')) AS `user`,sum(`mt`.`CURRENT_COUNT_USED`) AS `current_count_used`,`sys`.`format_bytes`(sum(`mt`.`CURRENT_NUMBER_OF_BYTES_USED`)) AS `current_allocated`,`sys`.`format_bytes`(ifnull((sum(`mt`.`CURRENT_NUMBER_OF_BYTES_USED`) / nullif(sum(`mt`.`CURRENT_COUNT_USED`),0)),0)) AS `current_avg_alloc`,`sys`.`format_bytes`(max(`mt`.`CURRENT_NUMBER_OF_BYTES_USED`)) AS `current_max_alloc`,`sys`.`format_bytes`(sum(`mt`.`SUM_NUMBER_OF_BYTES_ALLOC`)) AS `total_allocated` from (`performance_schema`.`memory_summary_by_thread_by_event_name` `mt` join `performance_schema`.`threads` `t` on((`mt`.`THREAD_ID` = `t`.`THREAD_ID`))) group by `mt`.`THREAD_ID`,if((`t`.`NAME` = 'thread/sql/one_connection'),concat(`t`.`PROCESSLIST_USER`,'@',convert(`t`.`PROCESSLIST_HOST` using utf8mb4)),replace(`t`.`NAME`,'thread/','')) order by sum(`mt`.`CURRENT_NUMBER_OF_BYTES_USED`) desc */;
/*!50001 SET character_set_client      = @saved_cs_client */;
/*!50001 SET character_set_results     = @saved_cs_results */;
/*!50001 SET collation_connection      = @saved_col_connection */;

--
-- Final view structure for view `memory_by_user_by_current_bytes`
--

/*!50001 DROP VIEW IF EXISTS `memory_by_user_by_current_bytes`*/;
/*!50001 SET @saved_cs_client          = @@character_set_client */;
/*!50001 SET @saved_cs_results         = @@character_set_results */;
/*!50001 SET @saved_col_connection     = @@collation_connection */;
/*!50001 SET character_set_client      = utf8mb4 */;
/*!50001 SET character_set_results     = utf8mb4 */;
/*!50001 SET collation_connection      = utf8mb4_0900_ai_ci */;
/*!50001 CREATE ALGORITHM=TEMPTABLE */
/*!50013 DEFINER=`mysql.sys`@`localhost` SQL SECURITY INVOKER */
/*!50001 VIEW `memory_by_user_by_current_bytes` (`user`,`current_count_used`,`current_allocated`,`current_avg_alloc`,`current_max_alloc`,`total_allocated`) AS select if((`performance_schema`.`memory_summary_by_user_by_event_name`.`USER` is null),'background',`performance_schema`.`memory_summary_by_user_by_event_name`.`USER`) AS `user`,sum(`performance_schema`.`memory_summary_by_user_by_event_name`.`CURRENT_COUNT_USED`) AS `current_count_used`,`sys`.`format_bytes`(sum(`performance_schema`.`memory_summary_by_user_by_event_name`.`CURRENT_NUMBER_OF_BYTES_USED`)) AS `current_allocated`,`sys`.`format_bytes`(ifnull((sum(`performance_schema`.`memory_summary_by_user_by_event_name`.`CURRENT_NUMBER_OF_BYTES_USED`) / nullif(sum(`performance_schema`.`memory_summary_by_user_by_event_name`.`CURRENT_COUNT_USED`),0)),0)) AS `current_avg_alloc`,`sys`.`format_bytes`(max(`performance_schema`.`memory_summary_by_user_by_event_name`.`CURRENT_NUMBER_OF_BYTES_USED`)) AS `current_max_alloc`,`sys`.`format_bytes`(sum(`performance_schema`.`memory_summary_by_user_by_event_name`.`SUM_NUMBER_OF_BYTES_ALLOC`)) AS `total_allocated` from `performance_schema`.`memory_summary_by_user_by_event_name` group by if((`performance_schema`.`memory_summary_by_user_by_event_name`.`USER` is null),'background',`performance_schema`.`memory_summary_by_user_by_event_name`.`USER`) order by sum(`performance_schema`.`memory_summary_by_user_by_event_name`.`CURRENT_NUMBER_OF_BYTES_USED`) desc */;
/*!50001 SET character_set_client      = @saved_cs_client */;
/*!50001 SET character_set_results     = @saved_cs_results */;
/*!50001 SET collation_connection      = @saved_col_connection */;

--
-- Final view structure for view `memory_global_by_current_bytes`
--

/*!50001 DROP VIEW IF EXISTS `memory_global_by_current_bytes`*/;
/*!50001 SET @saved_cs_client          = @@character_set_client */;
/*!50001 SET @saved_cs_results         = @@character_set_results */;
/*!50001 SET @saved_col_connection     = @@collation_connection */;
/*!50001 SET character_set_client      = utf8mb4 */;
/*!50001 SET character_set_results     = utf8mb4 */;
/*!50001 SET collation_connection      = utf8mb4_0900_ai_ci */;
/*!50001 CREATE ALGORITHM=MERGE */
/*!50013 DEFINER=`mysql.sys`@`localhost` SQL SECURITY INVOKER */
/*!50001 VIEW `memory_global_by_current_bytes` (`event_name`,`current_count`,`current_alloc`,`current_avg_alloc`,`high_count`,`high_alloc`,`high_avg_alloc`) AS select `performance_schema`.`memory_summary_global_by_event_name`.`EVENT_NAME` AS `event_name`,`performance_schema`.`memory_summary_global_by_event_name`.`CURRENT_COUNT_USED` AS `current_count`,`sys`.`format_bytes`(`performance_schema`.`memory_summary_global_by_event_name`.`CURRENT_NUMBER_OF_BYTES_USED`) AS `current_alloc`,`sys`.`format_bytes`(ifnull((`performance_schema`.`memory_summary_global_by_event_name`.`CURRENT_NUMBER_OF_BYTES_USED` / nullif(`performance_schema`.`memory_summary_global_by_event_name`.`CURRENT_COUNT_USED`,0)),0)) AS `current_avg_alloc`,`performance_schema`.`memory_summary_global_by_event_name`.`HIGH_COUNT_USED` AS `high_count`,`sys`.`format_bytes`(`performance_schema`.`memory_summary_global_by_event_name`.`HIGH_NUMBER_OF_BYTES_USED`) AS `high_alloc`,`sys`.`format_bytes`(ifnull((`performance_schema`.`memory_summary_global_by_event_name`.`HIGH_NUMBER_OF_BYTES_USED` / nullif(`performance_schema`.`memory_summary_global_by_event_name`.`HIGH_COUNT_USED`,0)),0)) AS `high_avg_alloc` from `performance_schema`.`memory_summary_global_by_event_name` where (`performance_schema`.`memory_summary_global_by_event_name`.`CURRENT_NUMBER_OF_BYTES_USED` > 0) order by `performance_schema`.`memory_summary_global_by_event_name`.`CURRENT_NUMBER_OF_BYTES_USED` desc */;
/*!50001 SET character_set_client      = @saved_cs_client */;
/*!50001 SET character_set_results     = @saved_cs_results */;
/*!50001 SET collation_connection      = @saved_col_connection */;

--
-- Final view structure for view `memory_global_total`
--

/*!50001 DROP VIEW IF EXISTS `memory_global_total`*/;
/*!50001 SET @saved_cs_client          = @@character_set_client */;
/*!50001 SET @saved_cs_results         = @@character_set_results */;
/*!50001 SET @saved_col_connection     = @@collation_connection */;
/*!50001 SET character_set_client      = utf8mb4 */;
/*!50001 SET character_set_results     = utf8mb4 */;
/*!50001 SET collation_connection      = utf8mb4_0900_ai_ci */;
/*!50001 CREATE ALGORITHM=TEMPTABLE */
/*!50013 DEFINER=`mysql.sys`@`localhost` SQL SECURITY INVOKER */
/*!50001 VIEW `memory_global_total` (`total_allocated`) AS select `sys`.`format_bytes`(sum(`performance_schema`.`memory_summary_global_by_event_name`.`CURRENT_NUMBER_OF_BYTES_USED`)) AS `total_allocated` from `performance_schema`.`memory_summary_global_by_event_name` */;
/*!50001 SET character_set_client      = @saved_cs_client */;
/*!50001 SET character_set_results     = @saved_cs_results */;
/*!50001 SET collation_connection      = @saved_col_connection */;

--
-- Final view structure for view `metrics`
--

/*!50001 DROP VIEW IF EXISTS `metrics`*/;
/*!50001 SET @saved_cs_client          = @@character_set_client */;
/*!50001 SET @saved_cs_results         = @@character_set_results */;
/*!50001 SET @saved_col_connection     = @@collation_connection */;
/*!50001 SET character_set_client      = utf8mb4 */;
/*!50001 SET character_set_results     = utf8mb4 */;
/*!50001 SET collation_connection      = utf8mb4_0900_ai_ci */;
/*!50001 CREATE ALGORITHM=TEMPTABLE */
/*!50013 DEFINER=`mysql.sys`@`localhost` SQL SECURITY INVOKER */
/*!50001 VIEW `metrics` (`Variable_name`,`Variable_value`,`Type`,`Enabled`) AS (select lower(`performance_schema`.`global_status`.`VARIABLE_NAME`) AS `Variable_name`,`performance_schema`.`global_status`.`VARIABLE_VALUE` AS `Variable_value`,'Global Status' AS `Type`,'YES' AS `Enabled` from `performance_schema`.`global_status`) union all (select `information_schema`.`innodb_metrics`.`NAME` AS `Variable_name`,`information_schema`.`innodb_metrics`.`COUNT` AS `Variable_value`,concat('InnoDB Metrics - ',`information_schema`.`innodb_metrics`.`SUBSYSTEM`) AS `Type`,if((`information_schema`.`innodb_metrics`.`STATUS` = 'enabled'),'YES','NO') AS `Enabled` from `information_schema`.`INNODB_METRICS` where (`information_schema`.`innodb_metrics`.`NAME` not in ('lock_row_lock_time','lock_row_lock_time_avg','lock_row_lock_time_max','lock_row_lock_waits','buffer_pool_reads','buffer_pool_read_requests','buffer_pool_write_requests','buffer_pool_wait_free','buffer_pool_read_ahead','buffer_pool_read_ahead_evicted','buffer_pool_pages_total','buffer_pool_pages_misc','buffer_pool_pages_data','buffer_pool_bytes_data','buffer_pool_pages_dirty','buffer_pool_bytes_dirty','buffer_pool_pages_free','buffer_pages_created','buffer_pages_written','buffer_pages_read','buffer_data_reads','buffer_data_written','file_num_open_files','os_log_bytes_written','os_log_fsyncs','os_log_pending_fsyncs','os_log_pending_writes','log_waits','log_write_requests','log_writes','innodb_dblwr_writes','innodb_dblwr_pages_written','innodb_page_size'))) union all (select 'memory_current_allocated' AS `Variable_name`,sum(`performance_schema`.`memory_summary_global_by_event_name`.`CURRENT_NUMBER_OF_BYTES_USED`) AS `Variable_value`,'Performance Schema' AS `Type`,if(((select count(0) from `performance_schema`.`setup_instruments` where ((`performance_schema`.`setup_instruments`.`NAME` like 'memory/%') and (`performance_schema`.`setup_instruments`.`ENABLED` = 'YES'))) = 0),'NO',if(((select count(0) from `performance_schema`.`setup_instruments` where ((`performance_schema`.`setup_instruments`.`NAME` like 'memory/%') and (`performance_schema`.`setup_instruments`.`ENABLED` = 'YES'))) = (select count(0) from `performance_schema`.`setup_instruments` where (`performance_schema`.`setup_instruments`.`NAME` like 'memory/%'))),'YES','PARTIAL')) AS `Enabled` from `performance_schema`.`memory_summary_global_by_event_name`) union all (select 'memory_total_allocated' AS `Variable_name`,sum(`performance_schema`.`memory_summary_global_by_event_name`.`SUM_NUMBER_OF_BYTES_ALLOC`) AS `Variable_value`,'Performance Schema' AS `Type`,if(((select count(0) from `performance_schema`.`setup_instruments` where ((`performance_schema`.`setup_instruments`.`NAME` like 'memory/%') and (`performance_schema`.`setup_instruments`.`ENABLED` = 'YES'))) = 0),'NO',if(((select count(0) from `performance_schema`.`setup_instruments` where ((`performance_schema`.`setup_instruments`.`NAME` like 'memory/%') and (`performance_schema`.`setup_instruments`.`ENABLED` = 'YES'))) = (select count(0) from `performance_schema`.`setup_instruments` where (`performance_schema`.`setup_instruments`.`NAME` like 'memory/%'))),'YES','PARTIAL')) AS `Enabled` from `performance_schema`.`memory_summary_global_by_event_name`) union all (select 'NOW()' AS `Variable_name`,now(3) AS `Variable_value`,'System Time' AS `Type`,'YES' AS `Enabled`) union all (select 'UNIX_TIMESTAMP()' AS `Variable_name`,round(unix_timestamp(now(3)),3) AS `Variable_value`,'System Time' AS `Type`,'YES' AS `Enabled`) order by `Type`,`Variable_name` */;
/*!50001 SET character_set_client      = @saved_cs_client */;
/*!50001 SET character_set_results     = @saved_cs_results */;
/*!50001 SET collation_connection      = @saved_col_connection */;

--
-- Final view structure for view `processlist`
--

/*!50001 DROP VIEW IF EXISTS `processlist`*/;
/*!50001 SET @saved_cs_client          = @@character_set_client */;
/*!50001 SET @saved_cs_results         = @@character_set_results */;
/*!50001 SET @saved_col_connection     = @@collation_connection */;
/*!50001 SET character_set_client      = utf8mb4 */;
/*!50001 SET character_set_results     = utf8mb4 */;
/*!50001 SET collation_connection      = utf8mb4_0900_ai_ci */;
/*!50001 CREATE ALGORITHM=TEMPTABLE */
/*!50013 DEFINER=`mysql.sys`@`localhost` SQL SECURITY INVOKER */
/*!50001 VIEW `processlist` (`thd_id`,`conn_id`,`user`,`db`,`command`,`state`,`time`,`current_statement`,`statement_latency`,`progress`,`lock_latency`,`rows_examined`,`rows_sent`,`rows_affected`,`tmp_tables`,`tmp_disk_tables`,`full_scan`,`last_statement`,`last_statement_latency`,`current_memory`,`last_wait`,`last_wait_latency`,`source`,`trx_latency`,`trx_state`,`trx_autocommit`,`pid`,`program_name`) AS select `pps`.`THREAD_ID` AS `thd_id`,`pps`.`PROCESSLIST_ID` AS `conn_id`,if((`pps`.`NAME` in ('thread/sql/one_connection','thread/thread_pool/tp_one_connection')),concat(`pps`.`PROCESSLIST_USER`,'@',convert(`pps`.`PROCESSLIST_HOST` using utf8mb4)),replace(`pps`.`NAME`,'thread/','')) AS `user`,`pps`.`PROCESSLIST_DB` AS `db`,`pps`.`PROCESSLIST_COMMAND` AS `command`,`pps`.`PROCESSLIST_STATE` AS `state`,`pps`.`PROCESSLIST_TIME` AS `time`,`sys`.`format_statement`(`pps`.`PROCESSLIST_INFO`) AS `current_statement`,if((`esc`.`END_EVENT_ID` is null),`sys`.`format_time`(`esc`.`TIMER_WAIT`),NULL) AS `statement_latency`,if((`esc`.`END_EVENT_ID` is null),round((100 * (`estc`.`WORK_COMPLETED` / `estc`.`WORK_ESTIMATED`)),2),NULL) AS `progress`,`sys`.`format_time`(`esc`.`LOCK_TIME`) AS `lock_latency`,`esc`.`ROWS_EXAMINED` AS `rows_examined`,`esc`.`ROWS_SENT` AS `rows_sent`,`esc`.`ROWS_AFFECTED` AS `rows_affected`,`esc`.`CREATED_TMP_TABLES` AS `tmp_tables`,`esc`.`CREATED_TMP_DISK_TABLES` AS `tmp_disk_tables`,if(((`esc`.`NO_GOOD_INDEX_USED` > 0) or (`esc`.`NO_INDEX_USED` > 0)),'YES','NO') AS `full_scan`,if((`esc`.`END_EVENT_ID` is not null),`sys`.`format_statement`(`esc`.`SQL_TEXT`),NULL) AS `last_statement`,if((`esc`.`END_EVENT_ID` is not null),`sys`.`format_time`(`esc`.`TIMER_WAIT`),NULL) AS `last_statement_latency`,`sys`.`format_bytes`(`mem`.`current_allocated`) AS `current_memory`,`ewc`.`EVENT_NAME` AS `last_wait`,if(((`ewc`.`END_EVENT_ID` is null) and (`ewc`.`EVENT_NAME` is not null)),'Still Waiting',`sys`.`format_time`(`ewc`.`TIMER_WAIT`)) AS `last_wait_latency`,`ewc`.`SOURCE` AS `source`,`sys`.`format_time`(`etc`.`TIMER_WAIT`) AS `trx_latency`,`etc`.`STATE` AS `trx_state`,`etc`.`AUTOCOMMIT` AS `trx_autocommit`,`conattr_pid`.`ATTR_VALUE` AS `pid`,`conattr_progname`.`ATTR_VALUE` AS `program_name` from (((((((`performance_schema`.`threads` `pps` left join `performance_schema`.`events_waits_current` `ewc` on((`pps`.`THREAD_ID` = `ewc`.`THREAD_ID`))) left join `performance_schema`.`events_stages_current` `estc` on((`pps`.`THREAD_ID` = `estc`.`THREAD_ID`))) left join `performance_schema`.`events_statements_current` `esc` on((`pps`.`THREAD_ID` = `esc`.`THREAD_ID`))) left join `performance_schema`.`events_transactions_current` `etc` on((`pps`.`THREAD_ID` = `etc`.`THREAD_ID`))) left join `x$memory_by_thread_by_current_bytes` `mem` on((`pps`.`THREAD_ID` = `mem`.`thread_id`))) left join `performance_schema`.`session_connect_attrs` `conattr_pid` on(((`conattr_pid`.`PROCESSLIST_ID` = `pps`.`PROCESSLIST_ID`) and (`conattr_pid`.`ATTR_NAME` = '_pid')))) left join `performance_schema`.`session_connect_attrs` `conattr_progname` on(((`conattr_progname`.`PROCESSLIST_ID` = `pps`.`PROCESSLIST_ID`) and (`conattr_progname`.`ATTR_NAME` = 'program_name')))) order by `pps`.`PROCESSLIST_TIME` desc,`last_wait_latency` desc */;
/*!50001 SET character_set_client      = @saved_cs_client */;
/*!50001 SET character_set_results     = @saved_cs_results */;
/*!50001 SET collation_connection      = @saved_col_connection */;

--
-- Final view structure for view `ps_check_lost_instrumentation`
--

/*!50001 DROP VIEW IF EXISTS `ps_check_lost_instrumentation`*/;
/*!50001 SET @saved_cs_client          = @@character_set_client */;
/*!50001 SET @saved_cs_results         = @@character_set_results */;
/*!50001 SET @saved_col_connection     = @@collation_connection */;
/*!50001 SET character_set_client      = utf8mb4 */;
/*!50001 SET character_set_results     = utf8mb4 */;
/*!50001 SET collation_connection      = utf8mb4_0900_ai_ci */;
/*!50001 CREATE ALGORITHM=MERGE */
/*!50013 DEFINER=`mysql.sys`@`localhost` SQL SECURITY INVOKER */
/*!50001 VIEW `ps_check_lost_instrumentation` (`variable_name`,`variable_value`) AS select `performance_schema`.`global_status`.`VARIABLE_NAME` AS `variable_name`,`performance_schema`.`global_status`.`VARIABLE_VALUE` AS `variable_value` from `performance_schema`.`global_status` where ((`performance_schema`.`global_status`.`VARIABLE_NAME` like 'perf%lost') and (`performance_schema`.`global_status`.`VARIABLE_VALUE` > 0)) */;
/*!50001 SET character_set_client      = @saved_cs_client */;
/*!50001 SET character_set_results     = @saved_cs_results */;
/*!50001 SET collation_connection      = @saved_col_connection */;

--
-- Final view structure for view `schema_auto_increment_columns`
--

/*!50001 DROP VIEW IF EXISTS `schema_auto_increment_columns`*/;
/*!50001 SET @saved_cs_client          = @@character_set_client */;
/*!50001 SET @saved_cs_results         = @@character_set_results */;
/*!50001 SET @saved_col_connection     = @@collation_connection */;
/*!50001 SET character_set_client      = utf8mb4 */;
/*!50001 SET character_set_results     = utf8mb4 */;
/*!50001 SET collation_connection      = utf8mb4_0900_ai_ci */;
/*!50001 CREATE ALGORITHM=MERGE */
/*!50013 DEFINER=`mysql.sys`@`localhost` SQL SECURITY INVOKER */
/*!50001 VIEW `schema_auto_increment_columns` (`table_schema`,`table_name`,`column_name`,`data_type`,`column_type`,`is_signed`,`is_unsigned`,`max_value`,`auto_increment`,`auto_increment_ratio`) AS select `columns`.`TABLE_SCHEMA` AS `TABLE_SCHEMA`,`columns`.`TABLE_NAME` AS `TABLE_NAME`,`columns`.`COLUMN_NAME` AS `COLUMN_NAME`,`columns`.`DATA_TYPE` AS `DATA_TYPE`,`columns`.`COLUMN_TYPE` AS `COLUMN_TYPE`,(locate('unsigned',`columns`.`COLUMN_TYPE`) = 0) AS `is_signed`,(locate('unsigned',`columns`.`COLUMN_TYPE`) > 0) AS `is_unsigned`,((case `columns`.`DATA_TYPE` when 'tinyint' then 255 when 'smallint' then 65535 when 'mediumint' then 16777215 when 'int' then 4294967295 when 'bigint' then 18446744073709551615 end) >> if((locate('unsigned',`columns`.`COLUMN_TYPE`) > 0),0,1)) AS `max_value`,`tables`.`AUTO_INCREMENT` AS `AUTO_INCREMENT`,(`tables`.`AUTO_INCREMENT` / ((case `columns`.`DATA_TYPE` when 'tinyint' then 255 when 'smallint' then 65535 when 'mediumint' then 16777215 when 'int' then 4294967295 when 'bigint' then 18446744073709551615 end) >> if((locate('unsigned',`columns`.`COLUMN_TYPE`) > 0),0,1))) AS `auto_increment_ratio` from (`information_schema`.`COLUMNS` join `information_schema`.`TABLES` on(((`columns`.`TABLE_SCHEMA` = `tables`.`TABLE_SCHEMA`) and (`columns`.`TABLE_NAME` = `tables`.`TABLE_NAME`)))) where ((`columns`.`TABLE_SCHEMA` not in ('mysql','sys','INFORMATION_SCHEMA','performance_schema')) and (`tables`.`TABLE_TYPE` = 'BASE TABLE') and (`columns`.`EXTRA` = 'auto_increment')) order by (`tables`.`AUTO_INCREMENT` / ((case `columns`.`DATA_TYPE` when 'tinyint' then 255 when 'smallint' then 65535 when 'mediumint' then 16777215 when 'int' then 4294967295 when 'bigint' then 18446744073709551615 end) >> if((locate('unsigned',`columns`.`COLUMN_TYPE`) > 0),0,1))) desc,((case `columns`.`DATA_TYPE` when 'tinyint' then 255 when 'smallint' then 65535 when 'mediumint' then 16777215 when 'int' then 4294967295 when 'bigint' then 18446744073709551615 end) >> if((locate('unsigned',`columns`.`COLUMN_TYPE`) > 0),0,1)) */;
/*!50001 SET character_set_client      = @saved_cs_client */;
/*!50001 SET character_set_results     = @saved_cs_results */;
/*!50001 SET collation_connection      = @saved_col_connection */;

--
-- Final view structure for view `schema_index_statistics`
--

/*!50001 DROP VIEW IF EXISTS `schema_index_statistics`*/;
/*!50001 SET @saved_cs_client          = @@character_set_client */;
/*!50001 SET @saved_cs_results         = @@character_set_results */;
/*!50001 SET @saved_col_connection     = @@collation_connection */;
/*!50001 SET character_set_client      = utf8mb4 */;
/*!50001 SET character_set_results     = utf8mb4 */;
/*!50001 SET collation_connection      = utf8mb4_0900_ai_ci */;
/*!50001 CREATE ALGORITHM=MERGE */
/*!50013 DEFINER=`mysql.sys`@`localhost` SQL SECURITY INVOKER */
/*!50001 VIEW `schema_index_statistics` (`table_schema`,`table_name`,`index_name`,`rows_selected`,`select_latency`,`rows_inserted`,`insert_latency`,`rows_updated`,`update_latency`,`rows_deleted`,`delete_latency`) AS select `performance_schema`.`table_io_waits_summary_by_index_usage`.`OBJECT_SCHEMA` AS `table_schema`,`performance_schema`.`table_io_waits_summary_by_index_usage`.`OBJECT_NAME` AS `table_name`,`performance_schema`.`table_io_waits_summary_by_index_usage`.`INDEX_NAME` AS `index_name`,`performance_schema`.`table_io_waits_summary_by_index_usage`.`COUNT_FETCH` AS `rows_selected`,`sys`.`format_time`(`performance_schema`.`table_io_waits_summary_by_index_usage`.`SUM_TIMER_FETCH`) AS `select_latency`,`performance_schema`.`table_io_waits_summary_by_index_usage`.`COUNT_INSERT` AS `rows_inserted`,`sys`.`format_time`(`performance_schema`.`table_io_waits_summary_by_index_usage`.`SUM_TIMER_INSERT`) AS `insert_latency`,`performance_schema`.`table_io_waits_summary_by_index_usage`.`COUNT_UPDATE` AS `rows_updated`,`sys`.`format_time`(`performance_schema`.`table_io_waits_summary_by_index_usage`.`SUM_TIMER_UPDATE`) AS `update_latency`,`performance_schema`.`table_io_waits_summary_by_index_usage`.`COUNT_DELETE` AS `rows_deleted`,`sys`.`format_time`(`performance_schema`.`table_io_waits_summary_by_index_usage`.`SUM_TIMER_DELETE`) AS `delete_latency` from `performance_schema`.`table_io_waits_summary_by_index_usage` where (`performance_schema`.`table_io_waits_summary_by_index_usage`.`INDEX_NAME` is not null) order by `performance_schema`.`table_io_waits_summary_by_index_usage`.`SUM_TIMER_WAIT` desc */;
/*!50001 SET character_set_client      = @saved_cs_client */;
/*!50001 SET character_set_results     = @saved_cs_results */;
/*!50001 SET collation_connection      = @saved_col_connection */;

--
-- Final view structure for view `schema_object_overview`
--

/*!50001 DROP VIEW IF EXISTS `schema_object_overview`*/;
/*!50001 SET @saved_cs_client          = @@character_set_client */;
/*!50001 SET @saved_cs_results         = @@character_set_results */;
/*!50001 SET @saved_col_connection     = @@collation_connection */;
/*!50001 SET character_set_client      = utf8mb4 */;
/*!50001 SET character_set_results     = utf8mb4 */;
/*!50001 SET collation_connection      = utf8mb4_0900_ai_ci */;
/*!50001 CREATE ALGORITHM=TEMPTABLE */
/*!50013 DEFINER=`mysql.sys`@`localhost` SQL SECURITY INVOKER */
/*!50001 VIEW `schema_object_overview` (`db`,`object_type`,`count`) AS select `routines`.`ROUTINE_SCHEMA` AS `db`,`routines`.`ROUTINE_TYPE` AS `object_type`,count(0) AS `count` from `information_schema`.`ROUTINES` group by `routines`.`ROUTINE_SCHEMA`,`routines`.`ROUTINE_TYPE` union select `tables`.`TABLE_SCHEMA` AS `TABLE_SCHEMA`,`tables`.`TABLE_TYPE` AS `TABLE_TYPE`,count(0) AS `COUNT(*)` from `information_schema`.`TABLES` group by `tables`.`TABLE_SCHEMA`,`tables`.`TABLE_TYPE` union select `statistics`.`TABLE_SCHEMA` AS `TABLE_SCHEMA`,concat('INDEX (',`statistics`.`INDEX_TYPE`,')') AS `CONCAT('INDEX (', INDEX_TYPE, ')')`,count(0) AS `COUNT(*)` from `information_schema`.`STATISTICS` group by `statistics`.`TABLE_SCHEMA`,`statistics`.`INDEX_TYPE` union select `triggers`.`TRIGGER_SCHEMA` AS `TRIGGER_SCHEMA`,'TRIGGER' AS `TRIGGER`,count(0) AS `COUNT(*)` from `information_schema`.`TRIGGERS` group by `triggers`.`TRIGGER_SCHEMA` union select `events`.`EVENT_SCHEMA` AS `EVENT_SCHEMA`,'EVENT' AS `EVENT`,count(0) AS `COUNT(*)` from `information_schema`.`EVENTS` group by `events`.`EVENT_SCHEMA` order by `db`,`object_type` */;
/*!50001 SET character_set_client      = @saved_cs_client */;
/*!50001 SET character_set_results     = @saved_cs_results */;
/*!50001 SET collation_connection      = @saved_col_connection */;

--
-- Final view structure for view `schema_redundant_indexes`
--

/*!50001 DROP VIEW IF EXISTS `schema_redundant_indexes`*/;
/*!50001 SET @saved_cs_client          = @@character_set_client */;
/*!50001 SET @saved_cs_results         = @@character_set_results */;
/*!50001 SET @saved_col_connection     = @@collation_connection */;
/*!50001 SET character_set_client      = utf8mb4 */;
/*!50001 SET character_set_results     = utf8mb4 */;
/*!50001 SET collation_connection      = utf8mb4_0900_ai_ci */;
/*!50001 CREATE ALGORITHM=TEMPTABLE */
/*!50013 DEFINER=`mysql.sys`@`localhost` SQL SECURITY INVOKER */
/*!50001 VIEW `schema_redundant_indexes` (`table_schema`,`table_name`,`redundant_index_name`,`redundant_index_columns`,`redundant_index_non_unique`,`dominant_index_name`,`dominant_index_columns`,`dominant_index_non_unique`,`subpart_exists`,`sql_drop_index`) AS select `redundant_keys`.`table_schema` AS `table_schema`,`redundant_keys`.`table_name` AS `table_name`,`redundant_keys`.`index_name` AS `redundant_index_name`,`redundant_keys`.`index_columns` AS `redundant_index_columns`,`redundant_keys`.`non_unique` AS `redundant_index_non_unique`,`dominant_keys`.`index_name` AS `dominant_index_name`,`dominant_keys`.`index_columns` AS `dominant_index_columns`,`dominant_keys`.`non_unique` AS `dominant_index_non_unique`,if(((0 <> `redundant_keys`.`subpart_exists`) or (0 <> `dominant_keys`.`subpart_exists`)),1,0) AS `subpart_exists`,concat('ALTER TABLE `',`redundant_keys`.`table_schema`,'`.`',`redundant_keys`.`table_name`,'` DROP INDEX `',`redundant_keys`.`index_name`,'`') AS `sql_drop_index` from (`x$schema_flattened_keys` `redundant_keys` join `x$schema_flattened_keys` `dominant_keys` on(((`redundant_keys`.`table_schema` = `dominant_keys`.`table_schema`) and (`redundant_keys`.`table_name` = `dominant_keys`.`table_name`)))) where ((`redundant_keys`.`index_name` <> `dominant_keys`.`index_name`) and (((`redundant_keys`.`index_columns` = `dominant_keys`.`index_columns`) and ((`redundant_keys`.`non_unique` > `dominant_keys`.`non_unique`) or ((`redundant_keys`.`non_unique` = `dominant_keys`.`non_unique`) and (if((`redundant_keys`.`index_name` = 'PRIMARY'),'',`redundant_keys`.`index_name`) > if((`dominant_keys`.`index_name` = 'PRIMARY'),'',`dominant_keys`.`index_name`))))) or ((locate(concat(`redundant_keys`.`index_columns`,','),`dominant_keys`.`index_columns`) = 1) and (`redundant_keys`.`non_unique` = 1)) or ((locate(concat(`dominant_keys`.`index_columns`,','),`redundant_keys`.`index_columns`) = 1) and (`dominant_keys`.`non_unique` = 0)))) */;
/*!50001 SET character_set_client      = @saved_cs_client */;
/*!50001 SET character_set_results     = @saved_cs_results */;
/*!50001 SET collation_connection      = @saved_col_connection */;

--
-- Final view structure for view `schema_table_lock_waits`
--

/*!50001 DROP VIEW IF EXISTS `schema_table_lock_waits`*/;
/*!50001 SET @saved_cs_client          = @@character_set_client */;
/*!50001 SET @saved_cs_results         = @@character_set_results */;
/*!50001 SET @saved_col_connection     = @@collation_connection */;
/*!50001 SET character_set_client      = utf8mb4 */;
/*!50001 SET character_set_results     = utf8mb4 */;
/*!50001 SET collation_connection      = utf8mb4_0900_ai_ci */;
/*!50001 CREATE ALGORITHM=TEMPTABLE */
/*!50013 DEFINER=`mysql.sys`@`localhost` SQL SECURITY INVOKER */
/*!50001 VIEW `schema_table_lock_waits` (`object_schema`,`object_name`,`waiting_thread_id`,`waiting_pid`,`waiting_account`,`waiting_lock_type`,`waiting_lock_duration`,`waiting_query`,`waiting_query_secs`,`waiting_query_rows_affected`,`waiting_query_rows_examined`,`blocking_thread_id`,`blocking_pid`,`blocking_account`,`blocking_lock_type`,`blocking_lock_duration`,`sql_kill_blocking_query`,`sql_kill_blocking_connection`) AS select `g`.`OBJECT_SCHEMA` AS `object_schema`,`g`.`OBJECT_NAME` AS `object_name`,`pt`.`THREAD_ID` AS `waiting_thread_id`,`pt`.`PROCESSLIST_ID` AS `waiting_pid`,`sys`.`ps_thread_account`(`p`.`OWNER_THREAD_ID`) AS `waiting_account`,`p`.`LOCK_TYPE` AS `waiting_lock_type`,`p`.`LOCK_DURATION` AS `waiting_lock_duration`,`sys`.`format_statement`(`pt`.`PROCESSLIST_INFO`) AS `waiting_query`,`pt`.`PROCESSLIST_TIME` AS `waiting_query_secs`,`ps`.`ROWS_AFFECTED` AS `waiting_query_rows_affected`,`ps`.`ROWS_EXAMINED` AS `waiting_query_rows_examined`,`gt`.`THREAD_ID` AS `blocking_thread_id`,`gt`.`PROCESSLIST_ID` AS `blocking_pid`,`sys`.`ps_thread_account`(`g`.`OWNER_THREAD_ID`) AS `blocking_account`,`g`.`LOCK_TYPE` AS `blocking_lock_type`,`g`.`LOCK_DURATION` AS `blocking_lock_duration`,concat('KILL QUERY ',`gt`.`PROCESSLIST_ID`) AS `sql_kill_blocking_query`,concat('KILL ',`gt`.`PROCESSLIST_ID`) AS `sql_kill_blocking_connection` from (((((`performance_schema`.`metadata_locks` `g` join `performance_schema`.`metadata_locks` `p` on(((`g`.`OBJECT_TYPE` = `p`.`OBJECT_TYPE`) and (`g`.`OBJECT_SCHEMA` = `p`.`OBJECT_SCHEMA`) and (`g`.`OBJECT_NAME` = `p`.`OBJECT_NAME`) and (`g`.`LOCK_STATUS` = 'GRANTED') and (`p`.`LOCK_STATUS` = 'PENDING')))) join `performance_schema`.`threads` `gt` on((`g`.`OWNER_THREAD_ID` = `gt`.`THREAD_ID`))) join `performance_schema`.`threads` `pt` on((`p`.`OWNER_THREAD_ID` = `pt`.`THREAD_ID`))) left join `performance_schema`.`events_statements_current` `gs` on((`g`.`OWNER_THREAD_ID` = `gs`.`THREAD_ID`))) left join `performance_schema`.`events_statements_current` `ps` on((`p`.`OWNER_THREAD_ID` = `ps`.`THREAD_ID`))) where (`g`.`OBJECT_TYPE` = 'TABLE') */;
/*!50001 SET character_set_client      = @saved_cs_client */;
/*!50001 SET character_set_results     = @saved_cs_results */;
/*!50001 SET collation_connection      = @saved_col_connection */;

--
-- Final view structure for view `schema_table_statistics`
--

/*!50001 DROP VIEW IF EXISTS `schema_table_statistics`*/;
/*!50001 SET @saved_cs_client          = @@character_set_client */;
/*!50001 SET @saved_cs_results         = @@character_set_results */;
/*!50001 SET @saved_col_connection     = @@collation_connection */;
/*!50001 SET character_set_client      = utf8mb4 */;
/*!50001 SET character_set_results     = utf8mb4 */;
/*!50001 SET collation_connection      = utf8mb4_0900_ai_ci */;
/*!50001 CREATE ALGORITHM=TEMPTABLE */
/*!50013 DEFINER=`mysql.sys`@`localhost` SQL SECURITY INVOKER */
/*!50001 VIEW `schema_table_statistics` (`table_schema`,`table_name`,`total_latency`,`rows_fetched`,`fetch_latency`,`rows_inserted`,`insert_latency`,`rows_updated`,`update_latency`,`rows_deleted`,`delete_latency`,`io_read_requests`,`io_read`,`io_read_latency`,`io_write_requests`,`io_write`,`io_write_latency`,`io_misc_requests`,`io_misc_latency`) AS select `pst`.`OBJECT_SCHEMA` AS `table_schema`,`pst`.`OBJECT_NAME` AS `table_name`,`sys`.`format_time`(`pst`.`SUM_TIMER_WAIT`) AS `total_latency`,`pst`.`COUNT_FETCH` AS `rows_fetched`,`sys`.`format_time`(`pst`.`SUM_TIMER_FETCH`) AS `fetch_latency`,`pst`.`COUNT_INSERT` AS `rows_inserted`,`sys`.`format_time`(`pst`.`SUM_TIMER_INSERT`) AS `insert_latency`,`pst`.`COUNT_UPDATE` AS `rows_updated`,`sys`.`format_time`(`pst`.`SUM_TIMER_UPDATE`) AS `update_latency`,`pst`.`COUNT_DELETE` AS `rows_deleted`,`sys`.`format_time`(`pst`.`SUM_TIMER_DELETE`) AS `delete_latency`,`fsbi`.`count_read` AS `io_read_requests`,`sys`.`format_bytes`(`fsbi`.`sum_number_of_bytes_read`) AS `io_read`,`sys`.`format_time`(`fsbi`.`sum_timer_read`) AS `io_read_latency`,`fsbi`.`count_write` AS `io_write_requests`,`sys`.`format_bytes`(`fsbi`.`sum_number_of_bytes_write`) AS `io_write`,`sys`.`format_time`(`fsbi`.`sum_timer_write`) AS `io_write_latency`,`fsbi`.`count_misc` AS `io_misc_requests`,`sys`.`format_time`(`fsbi`.`sum_timer_misc`) AS `io_misc_latency` from (`performance_schema`.`table_io_waits_summary_by_table` `pst` left join `x$ps_schema_table_statistics_io` `fsbi` on(((`pst`.`OBJECT_SCHEMA` = `fsbi`.`table_schema`) and (`pst`.`OBJECT_NAME` = `fsbi`.`table_name`)))) order by `pst`.`SUM_TIMER_WAIT` desc */;
/*!50001 SET character_set_client      = @saved_cs_client */;
/*!50001 SET character_set_results     = @saved_cs_results */;
/*!50001 SET collation_connection      = @saved_col_connection */;

--
-- Final view structure for view `schema_table_statistics_with_buffer`
--

/*!50001 DROP VIEW IF EXISTS `schema_table_statistics_with_buffer`*/;
/*!50001 SET @saved_cs_client          = @@character_set_client */;
/*!50001 SET @saved_cs_results         = @@character_set_results */;
/*!50001 SET @saved_col_connection     = @@collation_connection */;
/*!50001 SET character_set_client      = utf8mb4 */;
/*!50001 SET character_set_results     = utf8mb4 */;
/*!50001 SET collation_connection      = utf8mb4_0900_ai_ci */;
/*!50001 CREATE ALGORITHM=TEMPTABLE */
/*!50013 DEFINER=`mysql.sys`@`localhost` SQL SECURITY INVOKER */
/*!50001 VIEW `schema_table_statistics_with_buffer` (`table_schema`,`table_name`,`rows_fetched`,`fetch_latency`,`rows_inserted`,`insert_latency`,`rows_updated`,`update_latency`,`rows_deleted`,`delete_latency`,`io_read_requests`,`io_read`,`io_read_latency`,`io_write_requests`,`io_write`,`io_write_latency`,`io_misc_requests`,`io_misc_latency`,`innodb_buffer_allocated`,`innodb_buffer_data`,`innodb_buffer_free`,`innodb_buffer_pages`,`innodb_buffer_pages_hashed`,`innodb_buffer_pages_old`,`innodb_buffer_rows_cached`) AS select `pst`.`OBJECT_SCHEMA` AS `table_schema`,`pst`.`OBJECT_NAME` AS `table_name`,`pst`.`COUNT_FETCH` AS `rows_fetched`,`sys`.`format_time`(`pst`.`SUM_TIMER_FETCH`) AS `fetch_latency`,`pst`.`COUNT_INSERT` AS `rows_inserted`,`sys`.`format_time`(`pst`.`SUM_TIMER_INSERT`) AS `insert_latency`,`pst`.`COUNT_UPDATE` AS `rows_updated`,`sys`.`format_time`(`pst`.`SUM_TIMER_UPDATE`) AS `update_latency`,`pst`.`COUNT_DELETE` AS `rows_deleted`,`sys`.`format_time`(`pst`.`SUM_TIMER_DELETE`) AS `delete_latency`,`fsbi`.`count_read` AS `io_read_requests`,`sys`.`format_bytes`(`fsbi`.`sum_number_of_bytes_read`) AS `io_read`,`sys`.`format_time`(`fsbi`.`sum_timer_read`) AS `io_read_latency`,`fsbi`.`count_write` AS `io_write_requests`,`sys`.`format_bytes`(`fsbi`.`sum_number_of_bytes_write`) AS `io_write`,`sys`.`format_time`(`fsbi`.`sum_timer_write`) AS `io_write_latency`,`fsbi`.`count_misc` AS `io_misc_requests`,`sys`.`format_time`(`fsbi`.`sum_timer_misc`) AS `io_misc_latency`,`sys`.`format_bytes`(`ibp`.`allocated`) AS `innodb_buffer_allocated`,`sys`.`format_bytes`(`ibp`.`data`) AS `innodb_buffer_data`,`sys`.`format_bytes`((`ibp`.`allocated` - `ibp`.`data`)) AS `innodb_buffer_free`,`ibp`.`pages` AS `innodb_buffer_pages`,`ibp`.`pages_hashed` AS `innodb_buffer_pages_hashed`,`ibp`.`pages_old` AS `innodb_buffer_pages_old`,`ibp`.`rows_cached` AS `innodb_buffer_rows_cached` from ((`performance_schema`.`table_io_waits_summary_by_table` `pst` left join `x$ps_schema_table_statistics_io` `fsbi` on(((`pst`.`OBJECT_SCHEMA` = `fsbi`.`table_schema`) and (`pst`.`OBJECT_NAME` = `fsbi`.`table_name`)))) left join `x$innodb_buffer_stats_by_table` `ibp` on(((`pst`.`OBJECT_SCHEMA` = convert(`ibp`.`object_schema` using utf8mb4)) and (`pst`.`OBJECT_NAME` = convert(`ibp`.`object_name` using utf8mb4))))) order by `pst`.`SUM_TIMER_WAIT` desc */;
/*!50001 SET character_set_client      = @saved_cs_client */;
/*!50001 SET character_set_results     = @saved_cs_results */;
/*!50001 SET collation_connection      = @saved_col_connection */;

--
-- Final view structure for view `schema_tables_with_full_table_scans`
--

/*!50001 DROP VIEW IF EXISTS `schema_tables_with_full_table_scans`*/;
/*!50001 SET @saved_cs_client          = @@character_set_client */;
/*!50001 SET @saved_cs_results         = @@character_set_results */;
/*!50001 SET @saved_col_connection     = @@collation_connection */;
/*!50001 SET character_set_client      = utf8mb4 */;
/*!50001 SET character_set_results     = utf8mb4 */;
/*!50001 SET collation_connection      = utf8mb4_0900_ai_ci */;
/*!50001 CREATE ALGORITHM=MERGE */
/*!50013 DEFINER=`mysql.sys`@`localhost` SQL SECURITY INVOKER */
/*!50001 VIEW `schema_tables_with_full_table_scans` (`object_schema`,`object_name`,`rows_full_scanned`,`latency`) AS select `performance_schema`.`table_io_waits_summary_by_index_usage`.`OBJECT_SCHEMA` AS `object_schema`,`performance_schema`.`table_io_waits_summary_by_index_usage`.`OBJECT_NAME` AS `object_name`,`performance_schema`.`table_io_waits_summary_by_index_usage`.`COUNT_READ` AS `rows_full_scanned`,`sys`.`format_time`(`performance_schema`.`table_io_waits_summary_by_index_usage`.`SUM_TIMER_WAIT`) AS `latency` from `performance_schema`.`table_io_waits_summary_by_index_usage` where ((`performance_schema`.`table_io_waits_summary_by_index_usage`.`INDEX_NAME` is null) and (`performance_schema`.`table_io_waits_summary_by_index_usage`.`COUNT_READ` > 0)) order by `performance_schema`.`table_io_waits_summary_by_index_usage`.`COUNT_READ` desc */;
/*!50001 SET character_set_client      = @saved_cs_client */;
/*!50001 SET character_set_results     = @saved_cs_results */;
/*!50001 SET collation_connection      = @saved_col_connection */;

--
-- Final view structure for view `schema_unused_indexes`
--

/*!50001 DROP VIEW IF EXISTS `schema_unused_indexes`*/;
/*!50001 SET @saved_cs_client          = @@character_set_client */;
/*!50001 SET @saved_cs_results         = @@character_set_results */;
/*!50001 SET @saved_col_connection     = @@collation_connection */;
/*!50001 SET character_set_client      = utf8mb4 */;
/*!50001 SET character_set_results     = utf8mb4 */;
/*!50001 SET collation_connection      = utf8mb4_0900_ai_ci */;
/*!50001 CREATE ALGORITHM=MERGE */
/*!50013 DEFINER=`mysql.sys`@`localhost` SQL SECURITY INVOKER */
/*!50001 VIEW `schema_unused_indexes` (`object_schema`,`object_name`,`index_name`) AS select `t`.`OBJECT_SCHEMA` AS `object_schema`,`t`.`OBJECT_NAME` AS `object_name`,`t`.`INDEX_NAME` AS `index_name` from (`performance_schema`.`table_io_waits_summary_by_index_usage` `t` join `information_schema`.`STATISTICS` `s` on(((convert(`t`.`OBJECT_SCHEMA` using utf8) = `s`.`TABLE_SCHEMA`) and (convert(`t`.`OBJECT_NAME` using utf8) = `s`.`TABLE_NAME`) and (convert(`t`.`INDEX_NAME` using utf8) = `s`.`INDEX_NAME`)))) where ((`t`.`INDEX_NAME` is not null) and (`t`.`COUNT_STAR` = 0) and (`t`.`OBJECT_SCHEMA` <> 'mysql') and (`t`.`INDEX_NAME` <> 'PRIMARY') and (`s`.`NON_UNIQUE` = 1) and (`s`.`SEQ_IN_INDEX` = 1)) order by `t`.`OBJECT_SCHEMA`,`t`.`OBJECT_NAME` */;
/*!50001 SET character_set_client      = @saved_cs_client */;
/*!50001 SET character_set_results     = @saved_cs_results */;
/*!50001 SET collation_connection      = @saved_col_connection */;

--
-- Final view structure for view `session`
--

/*!50001 DROP VIEW IF EXISTS `session`*/;
/*!50001 SET @saved_cs_client          = @@character_set_client */;
/*!50001 SET @saved_cs_results         = @@character_set_results */;
/*!50001 SET @saved_col_connection     = @@collation_connection */;
/*!50001 SET character_set_client      = utf8mb4 */;
/*!50001 SET character_set_results     = utf8mb4 */;
/*!50001 SET collation_connection      = utf8mb4_0900_ai_ci */;
/*!50001 CREATE ALGORITHM=UNDEFINED */
/*!50013 DEFINER=`mysql.sys`@`localhost` SQL SECURITY INVOKER */
/*!50001 VIEW `session` AS select `processlist`.`thd_id` AS `thd_id`,`processlist`.`conn_id` AS `conn_id`,`processlist`.`user` AS `user`,`processlist`.`db` AS `db`,`processlist`.`command` AS `command`,`processlist`.`state` AS `state`,`processlist`.`time` AS `time`,`processlist`.`current_statement` AS `current_statement`,`processlist`.`statement_latency` AS `statement_latency`,`processlist`.`progress` AS `progress`,`processlist`.`lock_latency` AS `lock_latency`,`processlist`.`rows_examined` AS `rows_examined`,`processlist`.`rows_sent` AS `rows_sent`,`processlist`.`rows_affected` AS `rows_affected`,`processlist`.`tmp_tables` AS `tmp_tables`,`processlist`.`tmp_disk_tables` AS `tmp_disk_tables`,`processlist`.`full_scan` AS `full_scan`,`processlist`.`last_statement` AS `last_statement`,`processlist`.`last_statement_latency` AS `last_statement_latency`,`processlist`.`current_memory` AS `current_memory`,`processlist`.`last_wait` AS `last_wait`,`processlist`.`last_wait_latency` AS `last_wait_latency`,`processlist`.`source` AS `source`,`processlist`.`trx_latency` AS `trx_latency`,`processlist`.`trx_state` AS `trx_state`,`processlist`.`trx_autocommit` AS `trx_autocommit`,`processlist`.`pid` AS `pid`,`processlist`.`program_name` AS `program_name` from `processlist` where ((`processlist`.`conn_id` is not null) and (`processlist`.`command` <> 'Daemon')) */;
/*!50001 SET character_set_client      = @saved_cs_client */;
/*!50001 SET character_set_results     = @saved_cs_results */;
/*!50001 SET collation_connection      = @saved_col_connection */;

--
-- Final view structure for view `session_ssl_status`
--

/*!50001 DROP VIEW IF EXISTS `session_ssl_status`*/;
/*!50001 SET @saved_cs_client          = @@character_set_client */;
/*!50001 SET @saved_cs_results         = @@character_set_results */;
/*!50001 SET @saved_col_connection     = @@collation_connection */;
/*!50001 SET character_set_client      = utf8mb4 */;
/*!50001 SET character_set_results     = utf8mb4 */;
/*!50001 SET collation_connection      = utf8mb4_0900_ai_ci */;
/*!50001 CREATE ALGORITHM=MERGE */
/*!50013 DEFINER=`mysql.sys`@`localhost` SQL SECURITY INVOKER */
/*!50001 VIEW `session_ssl_status` (`thread_id`,`ssl_version`,`ssl_cipher`,`ssl_sessions_reused`) AS select `sslver`.`THREAD_ID` AS `thread_id`,`sslver`.`VARIABLE_VALUE` AS `ssl_version`,`sslcip`.`VARIABLE_VALUE` AS `ssl_cipher`,`sslreuse`.`VARIABLE_VALUE` AS `ssl_sessions_reused` from ((`performance_schema`.`status_by_thread` `sslver` left join `performance_schema`.`status_by_thread` `sslcip` on(((`sslcip`.`THREAD_ID` = `sslver`.`THREAD_ID`) and (`sslcip`.`VARIABLE_NAME` = 'Ssl_cipher')))) left join `performance_schema`.`status_by_thread` `sslreuse` on(((`sslreuse`.`THREAD_ID` = `sslver`.`THREAD_ID`) and (`sslreuse`.`VARIABLE_NAME` = 'Ssl_sessions_reused')))) where (`sslver`.`VARIABLE_NAME` = 'Ssl_version') */;
/*!50001 SET character_set_client      = @saved_cs_client */;
/*!50001 SET character_set_results     = @saved_cs_results */;
/*!50001 SET collation_connection      = @saved_col_connection */;

--
-- Final view structure for view `statement_analysis`
--

/*!50001 DROP VIEW IF EXISTS `statement_analysis`*/;
/*!50001 SET @saved_cs_client          = @@character_set_client */;
/*!50001 SET @saved_cs_results         = @@character_set_results */;
/*!50001 SET @saved_col_connection     = @@collation_connection */;
/*!50001 SET character_set_client      = utf8mb4 */;
/*!50001 SET character_set_results     = utf8mb4 */;
/*!50001 SET collation_connection      = utf8mb4_0900_ai_ci */;
/*!50001 CREATE ALGORITHM=MERGE */
/*!50013 DEFINER=`mysql.sys`@`localhost` SQL SECURITY INVOKER */
/*!50001 VIEW `statement_analysis` (`query`,`db`,`full_scan`,`exec_count`,`err_count`,`warn_count`,`total_latency`,`max_latency`,`avg_latency`,`lock_latency`,`rows_sent`,`rows_sent_avg`,`rows_examined`,`rows_examined_avg`,`rows_affected`,`rows_affected_avg`,`tmp_tables`,`tmp_disk_tables`,`rows_sorted`,`sort_merge_passes`,`digest`,`first_seen`,`last_seen`) AS select `sys`.`format_statement`(`performance_schema`.`events_statements_summary_by_digest`.`DIGEST_TEXT`) AS `query`,`performance_schema`.`events_statements_summary_by_digest`.`SCHEMA_NAME` AS `db`,if(((`performance_schema`.`events_statements_summary_by_digest`.`SUM_NO_GOOD_INDEX_USED` > 0) or (`performance_schema`.`events_statements_summary_by_digest`.`SUM_NO_INDEX_USED` > 0)),'*','') AS `full_scan`,`performance_schema`.`events_statements_summary_by_digest`.`COUNT_STAR` AS `exec_count`,`performance_schema`.`events_statements_summary_by_digest`.`SUM_ERRORS` AS `err_count`,`performance_schema`.`events_statements_summary_by_digest`.`SUM_WARNINGS` AS `warn_count`,`sys`.`format_time`(`performance_schema`.`events_statements_summary_by_digest`.`SUM_TIMER_WAIT`) AS `total_latency`,`sys`.`format_time`(`performance_schema`.`events_statements_summary_by_digest`.`MAX_TIMER_WAIT`) AS `max_latency`,`sys`.`format_time`(`performance_schema`.`events_statements_summary_by_digest`.`AVG_TIMER_WAIT`) AS `avg_latency`,`sys`.`format_time`(`performance_schema`.`events_statements_summary_by_digest`.`SUM_LOCK_TIME`) AS `lock_latency`,`performance_schema`.`events_statements_summary_by_digest`.`SUM_ROWS_SENT` AS `rows_sent`,round(ifnull((`performance_schema`.`events_statements_summary_by_digest`.`SUM_ROWS_SENT` / nullif(`performance_schema`.`events_statements_summary_by_digest`.`COUNT_STAR`,0)),0),0) AS `rows_sent_avg`,`performance_schema`.`events_statements_summary_by_digest`.`SUM_ROWS_EXAMINED` AS `rows_examined`,round(ifnull((`performance_schema`.`events_statements_summary_by_digest`.`SUM_ROWS_EXAMINED` / nullif(`performance_schema`.`events_statements_summary_by_digest`.`COUNT_STAR`,0)),0),0) AS `rows_examined_avg`,`performance_schema`.`events_statements_summary_by_digest`.`SUM_ROWS_AFFECTED` AS `rows_affected`,round(ifnull((`performance_schema`.`events_statements_summary_by_digest`.`SUM_ROWS_AFFECTED` / nullif(`performance_schema`.`events_statements_summary_by_digest`.`COUNT_STAR`,0)),0),0) AS `rows_affected_avg`,`performance_schema`.`events_statements_summary_by_digest`.`SUM_CREATED_TMP_TABLES` AS `tmp_tables`,`performance_schema`.`events_statements_summary_by_digest`.`SUM_CREATED_TMP_DISK_TABLES` AS `tmp_disk_tables`,`performance_schema`.`events_statements_summary_by_digest`.`SUM_SORT_ROWS` AS `rows_sorted`,`performance_schema`.`events_statements_summary_by_digest`.`SUM_SORT_MERGE_PASSES` AS `sort_merge_passes`,`performance_schema`.`events_statements_summary_by_digest`.`DIGEST` AS `digest`,`performance_schema`.`events_statements_summary_by_digest`.`FIRST_SEEN` AS `first_seen`,`performance_schema`.`events_statements_summary_by_digest`.`LAST_SEEN` AS `last_seen` from `performance_schema`.`events_statements_summary_by_digest` order by `performance_schema`.`events_statements_summary_by_digest`.`SUM_TIMER_WAIT` desc */;
/*!50001 SET character_set_client      = @saved_cs_client */;
/*!50001 SET character_set_results     = @saved_cs_results */;
/*!50001 SET collation_connection      = @saved_col_connection */;

--
-- Final view structure for view `statements_with_errors_or_warnings`
--

/*!50001 DROP VIEW IF EXISTS `statements_with_errors_or_warnings`*/;
/*!50001 SET @saved_cs_client          = @@character_set_client */;
/*!50001 SET @saved_cs_results         = @@character_set_results */;
/*!50001 SET @saved_col_connection     = @@collation_connection */;
/*!50001 SET character_set_client      = utf8mb4 */;
/*!50001 SET character_set_results     = utf8mb4 */;
/*!50001 SET collation_connection      = utf8mb4_0900_ai_ci */;
/*!50001 CREATE ALGORITHM=MERGE */
/*!50013 DEFINER=`mysql.sys`@`localhost` SQL SECURITY INVOKER */
/*!50001 VIEW `statements_with_errors_or_warnings` (`query`,`db`,`exec_count`,`errors`,`error_pct`,`warnings`,`warning_pct`,`first_seen`,`last_seen`,`digest`) AS select `sys`.`format_statement`(`performance_schema`.`events_statements_summary_by_digest`.`DIGEST_TEXT`) AS `query`,`performance_schema`.`events_statements_summary_by_digest`.`SCHEMA_NAME` AS `db`,`performance_schema`.`events_statements_summary_by_digest`.`COUNT_STAR` AS `exec_count`,`performance_schema`.`events_statements_summary_by_digest`.`SUM_ERRORS` AS `errors`,(ifnull((`performance_schema`.`events_statements_summary_by_digest`.`SUM_ERRORS` / nullif(`performance_schema`.`events_statements_summary_by_digest`.`COUNT_STAR`,0)),0) * 100) AS `error_pct`,`performance_schema`.`events_statements_summary_by_digest`.`SUM_WARNINGS` AS `warnings`,(ifnull((`performance_schema`.`events_statements_summary_by_digest`.`SUM_WARNINGS` / nullif(`performance_schema`.`events_statements_summary_by_digest`.`COUNT_STAR`,0)),0) * 100) AS `warning_pct`,`performance_schema`.`events_statements_summary_by_digest`.`FIRST_SEEN` AS `first_seen`,`performance_schema`.`events_statements_summary_by_digest`.`LAST_SEEN` AS `last_seen`,`performance_schema`.`events_statements_summary_by_digest`.`DIGEST` AS `digest` from `performance_schema`.`events_statements_summary_by_digest` where ((`performance_schema`.`events_statements_summary_by_digest`.`SUM_ERRORS` > 0) or (`performance_schema`.`events_statements_summary_by_digest`.`SUM_WARNINGS` > 0)) order by `performance_schema`.`events_statements_summary_by_digest`.`SUM_ERRORS` desc,`performance_schema`.`events_statements_summary_by_digest`.`SUM_WARNINGS` desc */;
/*!50001 SET character_set_client      = @saved_cs_client */;
/*!50001 SET character_set_results     = @saved_cs_results */;
/*!50001 SET collation_connection      = @saved_col_connection */;

--
-- Final view structure for view `statements_with_full_table_scans`
--

/*!50001 DROP VIEW IF EXISTS `statements_with_full_table_scans`*/;
/*!50001 SET @saved_cs_client          = @@character_set_client */;
/*!50001 SET @saved_cs_results         = @@character_set_results */;
/*!50001 SET @saved_col_connection     = @@collation_connection */;
/*!50001 SET character_set_client      = utf8mb4 */;
/*!50001 SET character_set_results     = utf8mb4 */;
/*!50001 SET collation_connection      = utf8mb4_0900_ai_ci */;
/*!50001 CREATE ALGORITHM=MERGE */
/*!50013 DEFINER=`mysql.sys`@`localhost` SQL SECURITY INVOKER */
/*!50001 VIEW `statements_with_full_table_scans` (`query`,`db`,`exec_count`,`total_latency`,`no_index_used_count`,`no_good_index_used_count`,`no_index_used_pct`,`rows_sent`,`rows_examined`,`rows_sent_avg`,`rows_examined_avg`,`first_seen`,`last_seen`,`digest`) AS select `sys`.`format_statement`(`performance_schema`.`events_statements_summary_by_digest`.`DIGEST_TEXT`) AS `query`,`performance_schema`.`events_statements_summary_by_digest`.`SCHEMA_NAME` AS `db`,`performance_schema`.`events_statements_summary_by_digest`.`COUNT_STAR` AS `exec_count`,`sys`.`format_time`(`performance_schema`.`events_statements_summary_by_digest`.`SUM_TIMER_WAIT`) AS `total_latency`,`performance_schema`.`events_statements_summary_by_digest`.`SUM_NO_INDEX_USED` AS `no_index_used_count`,`performance_schema`.`events_statements_summary_by_digest`.`SUM_NO_GOOD_INDEX_USED` AS `no_good_index_used_count`,round((ifnull((`performance_schema`.`events_statements_summary_by_digest`.`SUM_NO_INDEX_USED` / nullif(`performance_schema`.`events_statements_summary_by_digest`.`COUNT_STAR`,0)),0) * 100),0) AS `no_index_used_pct`,`performance_schema`.`events_statements_summary_by_digest`.`SUM_ROWS_SENT` AS `rows_sent`,`performance_schema`.`events_statements_summary_by_digest`.`SUM_ROWS_EXAMINED` AS `rows_examined`,round((`performance_schema`.`events_statements_summary_by_digest`.`SUM_ROWS_SENT` / `performance_schema`.`events_statements_summary_by_digest`.`COUNT_STAR`),0) AS `rows_sent_avg`,round((`performance_schema`.`events_statements_summary_by_digest`.`SUM_ROWS_EXAMINED` / `performance_schema`.`events_statements_summary_by_digest`.`COUNT_STAR`),0) AS `rows_examined_avg`,`performance_schema`.`events_statements_summary_by_digest`.`FIRST_SEEN` AS `first_seen`,`performance_schema`.`events_statements_summary_by_digest`.`LAST_SEEN` AS `last_seen`,`performance_schema`.`events_statements_summary_by_digest`.`DIGEST` AS `digest` from `performance_schema`.`events_statements_summary_by_digest` where (((`performance_schema`.`events_statements_summary_by_digest`.`SUM_NO_INDEX_USED` > 0) or (`performance_schema`.`events_statements_summary_by_digest`.`SUM_NO_GOOD_INDEX_USED` > 0)) and (not((`performance_schema`.`events_statements_summary_by_digest`.`DIGEST_TEXT` like 'SHOW%')))) order by round((ifnull((`performance_schema`.`events_statements_summary_by_digest`.`SUM_NO_INDEX_USED` / nullif(`performance_schema`.`events_statements_summary_by_digest`.`COUNT_STAR`,0)),0) * 100),0) desc,`sys`.`format_time`(`performance_schema`.`events_statements_summary_by_digest`.`SUM_TIMER_WAIT`) desc */;
/*!50001 SET character_set_client      = @saved_cs_client */;
/*!50001 SET character_set_results     = @saved_cs_results */;
/*!50001 SET collation_connection      = @saved_col_connection */;

--
-- Final view structure for view `statements_with_runtimes_in_95th_percentile`
--

/*!50001 DROP VIEW IF EXISTS `statements_with_runtimes_in_95th_percentile`*/;
/*!50001 SET @saved_cs_client          = @@character_set_client */;
/*!50001 SET @saved_cs_results         = @@character_set_results */;
/*!50001 SET @saved_col_connection     = @@collation_connection */;
/*!50001 SET character_set_client      = utf8mb4 */;
/*!50001 SET character_set_results     = utf8mb4 */;
/*!50001 SET collation_connection      = utf8mb4_0900_ai_ci */;
/*!50001 CREATE ALGORITHM=MERGE */
/*!50013 DEFINER=`mysql.sys`@`localhost` SQL SECURITY INVOKER */
/*!50001 VIEW `statements_with_runtimes_in_95th_percentile` (`query`,`db`,`full_scan`,`exec_count`,`err_count`,`warn_count`,`total_latency`,`max_latency`,`avg_latency`,`rows_sent`,`rows_sent_avg`,`rows_examined`,`rows_examined_avg`,`first_seen`,`last_seen`,`digest`) AS select `sys`.`format_statement`(`stmts`.`DIGEST_TEXT`) AS `query`,`stmts`.`SCHEMA_NAME` AS `db`,if(((`stmts`.`SUM_NO_GOOD_INDEX_USED` > 0) or (`stmts`.`SUM_NO_INDEX_USED` > 0)),'*','') AS `full_scan`,`stmts`.`COUNT_STAR` AS `exec_count`,`stmts`.`SUM_ERRORS` AS `err_count`,`stmts`.`SUM_WARNINGS` AS `warn_count`,`sys`.`format_time`(`stmts`.`SUM_TIMER_WAIT`) AS `total_latency`,`sys`.`format_time`(`stmts`.`MAX_TIMER_WAIT`) AS `max_latency`,`sys`.`format_time`(`stmts`.`AVG_TIMER_WAIT`) AS `avg_latency`,`stmts`.`SUM_ROWS_SENT` AS `rows_sent`,round(ifnull((`stmts`.`SUM_ROWS_SENT` / nullif(`stmts`.`COUNT_STAR`,0)),0),0) AS `rows_sent_avg`,`stmts`.`SUM_ROWS_EXAMINED` AS `rows_examined`,round(ifnull((`stmts`.`SUM_ROWS_EXAMINED` / nullif(`stmts`.`COUNT_STAR`,0)),0),0) AS `rows_examined_avg`,`stmts`.`FIRST_SEEN` AS `first_seen`,`stmts`.`LAST_SEEN` AS `last_seen`,`stmts`.`DIGEST` AS `digest` from (`performance_schema`.`events_statements_summary_by_digest` `stmts` join `x$ps_digest_95th_percentile_by_avg_us` `top_percentile` on((round((`stmts`.`AVG_TIMER_WAIT` / 1000000),0) >= `top_percentile`.`avg_us`))) order by `stmts`.`AVG_TIMER_WAIT` desc */;
/*!50001 SET character_set_client      = @saved_cs_client */;
/*!50001 SET character_set_results     = @saved_cs_results */;
/*!50001 SET collation_connection      = @saved_col_connection */;

--
-- Final view structure for view `statements_with_sorting`
--

/*!50001 DROP VIEW IF EXISTS `statements_with_sorting`*/;
/*!50001 SET @saved_cs_client          = @@character_set_client */;
/*!50001 SET @saved_cs_results         = @@character_set_results */;
/*!50001 SET @saved_col_connection     = @@collation_connection */;
/*!50001 SET character_set_client      = utf8mb4 */;
/*!50001 SET character_set_results     = utf8mb4 */;
/*!50001 SET collation_connection      = utf8mb4_0900_ai_ci */;
/*!50001 CREATE ALGORITHM=MERGE */
/*!50013 DEFINER=`mysql.sys`@`localhost` SQL SECURITY INVOKER */
/*!50001 VIEW `statements_with_sorting` (`query`,`db`,`exec_count`,`total_latency`,`sort_merge_passes`,`avg_sort_merges`,`sorts_using_scans`,`sort_using_range`,`rows_sorted`,`avg_rows_sorted`,`first_seen`,`last_seen`,`digest`) AS select `sys`.`format_statement`(`performance_schema`.`events_statements_summary_by_digest`.`DIGEST_TEXT`) AS `query`,`performance_schema`.`events_statements_summary_by_digest`.`SCHEMA_NAME` AS `db`,`performance_schema`.`events_statements_summary_by_digest`.`COUNT_STAR` AS `exec_count`,`sys`.`format_time`(`performance_schema`.`events_statements_summary_by_digest`.`SUM_TIMER_WAIT`) AS `total_latency`,`performance_schema`.`events_statements_summary_by_digest`.`SUM_SORT_MERGE_PASSES` AS `sort_merge_passes`,round(ifnull((`performance_schema`.`events_statements_summary_by_digest`.`SUM_SORT_MERGE_PASSES` / nullif(`performance_schema`.`events_statements_summary_by_digest`.`COUNT_STAR`,0)),0),0) AS `avg_sort_merges`,`performance_schema`.`events_statements_summary_by_digest`.`SUM_SORT_SCAN` AS `sorts_using_scans`,`performance_schema`.`events_statements_summary_by_digest`.`SUM_SORT_RANGE` AS `sort_using_range`,`performance_schema`.`events_statements_summary_by_digest`.`SUM_SORT_ROWS` AS `rows_sorted`,round(ifnull((`performance_schema`.`events_statements_summary_by_digest`.`SUM_SORT_ROWS` / nullif(`performance_schema`.`events_statements_summary_by_digest`.`COUNT_STAR`,0)),0),0) AS `avg_rows_sorted`,`performance_schema`.`events_statements_summary_by_digest`.`FIRST_SEEN` AS `first_seen`,`performance_schema`.`events_statements_summary_by_digest`.`LAST_SEEN` AS `last_seen`,`performance_schema`.`events_statements_summary_by_digest`.`DIGEST` AS `digest` from `performance_schema`.`events_statements_summary_by_digest` where (`performance_schema`.`events_statements_summary_by_digest`.`SUM_SORT_ROWS` > 0) order by `performance_schema`.`events_statements_summary_by_digest`.`SUM_TIMER_WAIT` desc */;
/*!50001 SET character_set_client      = @saved_cs_client */;
/*!50001 SET character_set_results     = @saved_cs_results */;
/*!50001 SET collation_connection      = @saved_col_connection */;

--
-- Final view structure for view `statements_with_temp_tables`
--

/*!50001 DROP VIEW IF EXISTS `statements_with_temp_tables`*/;
/*!50001 SET @saved_cs_client          = @@character_set_client */;
/*!50001 SET @saved_cs_results         = @@character_set_results */;
/*!50001 SET @saved_col_connection     = @@collation_connection */;
/*!50001 SET character_set_client      = utf8mb4 */;
/*!50001 SET character_set_results     = utf8mb4 */;
/*!50001 SET collation_connection      = utf8mb4_0900_ai_ci */;
/*!50001 CREATE ALGORITHM=MERGE */
/*!50013 DEFINER=`mysql.sys`@`localhost` SQL SECURITY INVOKER */
/*!50001 VIEW `statements_with_temp_tables` (`query`,`db`,`exec_count`,`total_latency`,`memory_tmp_tables`,`disk_tmp_tables`,`avg_tmp_tables_per_query`,`tmp_tables_to_disk_pct`,`first_seen`,`last_seen`,`digest`) AS select `sys`.`format_statement`(`performance_schema`.`events_statements_summary_by_digest`.`DIGEST_TEXT`) AS `query`,`performance_schema`.`events_statements_summary_by_digest`.`SCHEMA_NAME` AS `db`,`performance_schema`.`events_statements_summary_by_digest`.`COUNT_STAR` AS `exec_count`,`sys`.`format_time`(`performance_schema`.`events_statements_summary_by_digest`.`SUM_TIMER_WAIT`) AS `total_latency`,`performance_schema`.`events_statements_summary_by_digest`.`SUM_CREATED_TMP_TABLES` AS `memory_tmp_tables`,`performance_schema`.`events_statements_summary_by_digest`.`SUM_CREATED_TMP_DISK_TABLES` AS `disk_tmp_tables`,round(ifnull((`performance_schema`.`events_statements_summary_by_digest`.`SUM_CREATED_TMP_TABLES` / nullif(`performance_schema`.`events_statements_summary_by_digest`.`COUNT_STAR`,0)),0),0) AS `avg_tmp_tables_per_query`,round((ifnull((`performance_schema`.`events_statements_summary_by_digest`.`SUM_CREATED_TMP_DISK_TABLES` / nullif(`performance_schema`.`events_statements_summary_by_digest`.`SUM_CREATED_TMP_TABLES`,0)),0) * 100),0) AS `tmp_tables_to_disk_pct`,`performance_schema`.`events_statements_summary_by_digest`.`FIRST_SEEN` AS `first_seen`,`performance_schema`.`events_statements_summary_by_digest`.`LAST_SEEN` AS `last_seen`,`performance_schema`.`events_statements_summary_by_digest`.`DIGEST` AS `digest` from `performance_schema`.`events_statements_summary_by_digest` where (`performance_schema`.`events_statements_summary_by_digest`.`SUM_CREATED_TMP_TABLES` > 0) order by `performance_schema`.`events_statements_summary_by_digest`.`SUM_CREATED_TMP_DISK_TABLES` desc,`performance_schema`.`events_statements_summary_by_digest`.`SUM_CREATED_TMP_TABLES` desc */;
/*!50001 SET character_set_client      = @saved_cs_client */;
/*!50001 SET character_set_results     = @saved_cs_results */;
/*!50001 SET collation_connection      = @saved_col_connection */;

--
-- Final view structure for view `user_summary`
--

/*!50001 DROP VIEW IF EXISTS `user_summary`*/;
/*!50001 SET @saved_cs_client          = @@character_set_client */;
/*!50001 SET @saved_cs_results         = @@character_set_results */;
/*!50001 SET @saved_col_connection     = @@collation_connection */;
/*!50001 SET character_set_client      = utf8mb4 */;
/*!50001 SET character_set_results     = utf8mb4 */;
/*!50001 SET collation_connection      = utf8mb4_0900_ai_ci */;
/*!50001 CREATE ALGORITHM=TEMPTABLE */
/*!50013 DEFINER=`mysql.sys`@`localhost` SQL SECURITY INVOKER */
/*!50001 VIEW `user_summary` (`user`,`statements`,`statement_latency`,`statement_avg_latency`,`table_scans`,`file_ios`,`file_io_latency`,`current_connections`,`total_connections`,`unique_hosts`,`current_memory`,`total_memory_allocated`) AS select if((`performance_schema`.`accounts`.`USER` is null),'background',`performance_schema`.`accounts`.`USER`) AS `user`,sum(`stmt`.`total`) AS `statements`,`sys`.`format_time`(sum(`stmt`.`total_latency`)) AS `statement_latency`,`sys`.`format_time`(ifnull((sum(`stmt`.`total_latency`) / nullif(sum(`stmt`.`total`),0)),0)) AS `statement_avg_latency`,sum(`stmt`.`full_scans`) AS `table_scans`,sum(`io`.`ios`) AS `file_ios`,`sys`.`format_time`(sum(`io`.`io_latency`)) AS `file_io_latency`,sum(`performance_schema`.`accounts`.`CURRENT_CONNECTIONS`) AS `current_connections`,sum(`performance_schema`.`accounts`.`TOTAL_CONNECTIONS`) AS `total_connections`,count(distinct `performance_schema`.`accounts`.`HOST`) AS `unique_hosts`,`sys`.`format_bytes`(sum(`mem`.`current_allocated`)) AS `current_memory`,`sys`.`format_bytes`(sum(`mem`.`total_allocated`)) AS `total_memory_allocated` from (((`performance_schema`.`accounts` left join `x$user_summary_by_statement_latency` `stmt` on((if((`performance_schema`.`accounts`.`USER` is null),'background',`performance_schema`.`accounts`.`USER`) = `stmt`.`user`))) left join `x$user_summary_by_file_io` `io` on((if((`performance_schema`.`accounts`.`USER` is null),'background',`performance_schema`.`accounts`.`USER`) = `io`.`user`))) left join `x$memory_by_user_by_current_bytes` `mem` on((if((`performance_schema`.`accounts`.`USER` is null),'background',`performance_schema`.`accounts`.`USER`) = `mem`.`user`))) group by if((`performance_schema`.`accounts`.`USER` is null),'background',`performance_schema`.`accounts`.`USER`) order by sum(`stmt`.`total_latency`) desc */;
/*!50001 SET character_set_client      = @saved_cs_client */;
/*!50001 SET character_set_results     = @saved_cs_results */;
/*!50001 SET collation_connection      = @saved_col_connection */;

--
-- Final view structure for view `user_summary_by_file_io`
--

/*!50001 DROP VIEW IF EXISTS `user_summary_by_file_io`*/;
/*!50001 SET @saved_cs_client          = @@character_set_client */;
/*!50001 SET @saved_cs_results         = @@character_set_results */;
/*!50001 SET @saved_col_connection     = @@collation_connection */;
/*!50001 SET character_set_client      = utf8mb4 */;
/*!50001 SET character_set_results     = utf8mb4 */;
/*!50001 SET collation_connection      = utf8mb4_0900_ai_ci */;
/*!50001 CREATE ALGORITHM=TEMPTABLE */
/*!50013 DEFINER=`mysql.sys`@`localhost` SQL SECURITY INVOKER */
/*!50001 VIEW `user_summary_by_file_io` (`user`,`ios`,`io_latency`) AS select if((`performance_schema`.`events_waits_summary_by_user_by_event_name`.`USER` is null),'background',`performance_schema`.`events_waits_summary_by_user_by_event_name`.`USER`) AS `user`,sum(`performance_schema`.`events_waits_summary_by_user_by_event_name`.`COUNT_STAR`) AS `ios`,`sys`.`format_time`(sum(`performance_schema`.`events_waits_summary_by_user_by_event_name`.`SUM_TIMER_WAIT`)) AS `io_latency` from `performance_schema`.`events_waits_summary_by_user_by_event_name` where (`performance_schema`.`events_waits_summary_by_user_by_event_name`.`EVENT_NAME` like 'wait/io/file/%') group by if((`performance_schema`.`events_waits_summary_by_user_by_event_name`.`USER` is null),'background',`performance_schema`.`events_waits_summary_by_user_by_event_name`.`USER`) order by sum(`performance_schema`.`events_waits_summary_by_user_by_event_name`.`SUM_TIMER_WAIT`) desc */;
/*!50001 SET character_set_client      = @saved_cs_client */;
/*!50001 SET character_set_results     = @saved_cs_results */;
/*!50001 SET collation_connection      = @saved_col_connection */;

--
-- Final view structure for view `user_summary_by_file_io_type`
--

/*!50001 DROP VIEW IF EXISTS `user_summary_by_file_io_type`*/;
/*!50001 SET @saved_cs_client          = @@character_set_client */;
/*!50001 SET @saved_cs_results         = @@character_set_results */;
/*!50001 SET @saved_col_connection     = @@collation_connection */;
/*!50001 SET character_set_client      = utf8mb4 */;
/*!50001 SET character_set_results     = utf8mb4 */;
/*!50001 SET collation_connection      = utf8mb4_0900_ai_ci */;
/*!50001 CREATE ALGORITHM=MERGE */
/*!50013 DEFINER=`mysql.sys`@`localhost` SQL SECURITY INVOKER */
/*!50001 VIEW `user_summary_by_file_io_type` (`user`,`event_name`,`total`,`latency`,`max_latency`) AS select if((`performance_schema`.`events_waits_summary_by_user_by_event_name`.`USER` is null),'background',`performance_schema`.`events_waits_summary_by_user_by_event_name`.`USER`) AS `user`,`performance_schema`.`events_waits_summary_by_user_by_event_name`.`EVENT_NAME` AS `event_name`,`performance_schema`.`events_waits_summary_by_user_by_event_name`.`COUNT_STAR` AS `total`,`sys`.`format_time`(`performance_schema`.`events_waits_summary_by_user_by_event_name`.`SUM_TIMER_WAIT`) AS `latency`,`sys`.`format_time`(`performance_schema`.`events_waits_summary_by_user_by_event_name`.`MAX_TIMER_WAIT`) AS `max_latency` from `performance_schema`.`events_waits_summary_by_user_by_event_name` where ((`performance_schema`.`events_waits_summary_by_user_by_event_name`.`EVENT_NAME` like 'wait/io/file%') and (`performance_schema`.`events_waits_summary_by_user_by_event_name`.`COUNT_STAR` > 0)) order by if((`performance_schema`.`events_waits_summary_by_user_by_event_name`.`USER` is null),'background',`performance_schema`.`events_waits_summary_by_user_by_event_name`.`USER`),`performance_schema`.`events_waits_summary_by_user_by_event_name`.`SUM_TIMER_WAIT` desc */;
/*!50001 SET character_set_client      = @saved_cs_client */;
/*!50001 SET character_set_results     = @saved_cs_results */;
/*!50001 SET collation_connection      = @saved_col_connection */;

--
-- Final view structure for view `user_summary_by_stages`
--

/*!50001 DROP VIEW IF EXISTS `user_summary_by_stages`*/;
/*!50001 SET @saved_cs_client          = @@character_set_client */;
/*!50001 SET @saved_cs_results         = @@character_set_results */;
/*!50001 SET @saved_col_connection     = @@collation_connection */;
/*!50001 SET character_set_client      = utf8mb4 */;
/*!50001 SET character_set_results     = utf8mb4 */;
/*!50001 SET collation_connection      = utf8mb4_0900_ai_ci */;
/*!50001 CREATE ALGORITHM=MERGE */
/*!50013 DEFINER=`mysql.sys`@`localhost` SQL SECURITY INVOKER */
/*!50001 VIEW `user_summary_by_stages` (`user`,`event_name`,`total`,`total_latency`,`avg_latency`) AS select if((`performance_schema`.`events_stages_summary_by_user_by_event_name`.`USER` is null),'background',`performance_schema`.`events_stages_summary_by_user_by_event_name`.`USER`) AS `user`,`performance_schema`.`events_stages_summary_by_user_by_event_name`.`EVENT_NAME` AS `event_name`,`performance_schema`.`events_stages_summary_by_user_by_event_name`.`COUNT_STAR` AS `total`,`sys`.`format_time`(`performance_schema`.`events_stages_summary_by_user_by_event_name`.`SUM_TIMER_WAIT`) AS `total_latency`,`sys`.`format_time`(`performance_schema`.`events_stages_summary_by_user_by_event_name`.`AVG_TIMER_WAIT`) AS `avg_latency` from `performance_schema`.`events_stages_summary_by_user_by_event_name` where (`performance_schema`.`events_stages_summary_by_user_by_event_name`.`SUM_TIMER_WAIT` <> 0) order by if((`performance_schema`.`events_stages_summary_by_user_by_event_name`.`USER` is null),'background',`performance_schema`.`events_stages_summary_by_user_by_event_name`.`USER`),`performance_schema`.`events_stages_summary_by_user_by_event_name`.`SUM_TIMER_WAIT` desc */;
/*!50001 SET character_set_client      = @saved_cs_client */;
/*!50001 SET character_set_results     = @saved_cs_results */;
/*!50001 SET collation_connection      = @saved_col_connection */;

--
-- Final view structure for view `user_summary_by_statement_latency`
--

/*!50001 DROP VIEW IF EXISTS `user_summary_by_statement_latency`*/;
/*!50001 SET @saved_cs_client          = @@character_set_client */;
/*!50001 SET @saved_cs_results         = @@character_set_results */;
/*!50001 SET @saved_col_connection     = @@collation_connection */;
/*!50001 SET character_set_client      = utf8mb4 */;
/*!50001 SET character_set_results     = utf8mb4 */;
/*!50001 SET collation_connection      = utf8mb4_0900_ai_ci */;
/*!50001 CREATE ALGORITHM=TEMPTABLE */
/*!50013 DEFINER=`mysql.sys`@`localhost` SQL SECURITY INVOKER */
/*!50001 VIEW `user_summary_by_statement_latency` (`user`,`total`,`total_latency`,`max_latency`,`lock_latency`,`rows_sent`,`rows_examined`,`rows_affected`,`full_scans`) AS select if((`performance_schema`.`events_statements_summary_by_user_by_event_name`.`USER` is null),'background',`performance_schema`.`events_statements_summary_by_user_by_event_name`.`USER`) AS `user`,sum(`performance_schema`.`events_statements_summary_by_user_by_event_name`.`COUNT_STAR`) AS `total`,`sys`.`format_time`(sum(`performance_schema`.`events_statements_summary_by_user_by_event_name`.`SUM_TIMER_WAIT`)) AS `total_latency`,`sys`.`format_time`(sum(`performance_schema`.`events_statements_summary_by_user_by_event_name`.`MAX_TIMER_WAIT`)) AS `max_latency`,`sys`.`format_time`(sum(`performance_schema`.`events_statements_summary_by_user_by_event_name`.`SUM_LOCK_TIME`)) AS `lock_latency`,sum(`performance_schema`.`events_statements_summary_by_user_by_event_name`.`SUM_ROWS_SENT`) AS `rows_sent`,sum(`performance_schema`.`events_statements_summary_by_user_by_event_name`.`SUM_ROWS_EXAMINED`) AS `rows_examined`,sum(`performance_schema`.`events_statements_summary_by_user_by_event_name`.`SUM_ROWS_AFFECTED`) AS `rows_affected`,(sum(`performance_schema`.`events_statements_summary_by_user_by_event_name`.`SUM_NO_INDEX_USED`) + sum(`performance_schema`.`events_statements_summary_by_user_by_event_name`.`SUM_NO_GOOD_INDEX_USED`)) AS `full_scans` from `performance_schema`.`events_statements_summary_by_user_by_event_name` group by if((`performance_schema`.`events_statements_summary_by_user_by_event_name`.`USER` is null),'background',`performance_schema`.`events_statements_summary_by_user_by_event_name`.`USER`) order by sum(`performance_schema`.`events_statements_summary_by_user_by_event_name`.`SUM_TIMER_WAIT`) desc */;
/*!50001 SET character_set_client      = @saved_cs_client */;
/*!50001 SET character_set_results     = @saved_cs_results */;
/*!50001 SET collation_connection      = @saved_col_connection */;

--
-- Final view structure for view `user_summary_by_statement_type`
--

/*!50001 DROP VIEW IF EXISTS `user_summary_by_statement_type`*/;
/*!50001 SET @saved_cs_client          = @@character_set_client */;
/*!50001 SET @saved_cs_results         = @@character_set_results */;
/*!50001 SET @saved_col_connection     = @@collation_connection */;
/*!50001 SET character_set_client      = utf8mb4 */;
/*!50001 SET character_set_results     = utf8mb4 */;
/*!50001 SET collation_connection      = utf8mb4_0900_ai_ci */;
/*!50001 CREATE ALGORITHM=MERGE */
/*!50013 DEFINER=`mysql.sys`@`localhost` SQL SECURITY INVOKER */
/*!50001 VIEW `user_summary_by_statement_type` (`user`,`statement`,`total`,`total_latency`,`max_latency`,`lock_latency`,`rows_sent`,`rows_examined`,`rows_affected`,`full_scans`) AS select if((`performance_schema`.`events_statements_summary_by_user_by_event_name`.`USER` is null),'background',`performance_schema`.`events_statements_summary_by_user_by_event_name`.`USER`) AS `user`,substring_index(`performance_schema`.`events_statements_summary_by_user_by_event_name`.`EVENT_NAME`,'/',-(1)) AS `statement`,`performance_schema`.`events_statements_summary_by_user_by_event_name`.`COUNT_STAR` AS `total`,`sys`.`format_time`(`performance_schema`.`events_statements_summary_by_user_by_event_name`.`SUM_TIMER_WAIT`) AS `total_latency`,`sys`.`format_time`(`performance_schema`.`events_statements_summary_by_user_by_event_name`.`MAX_TIMER_WAIT`) AS `max_latency`,`sys`.`format_time`(`performance_schema`.`events_statements_summary_by_user_by_event_name`.`SUM_LOCK_TIME`) AS `lock_latency`,`performance_schema`.`events_statements_summary_by_user_by_event_name`.`SUM_ROWS_SENT` AS `rows_sent`,`performance_schema`.`events_statements_summary_by_user_by_event_name`.`SUM_ROWS_EXAMINED` AS `rows_examined`,`performance_schema`.`events_statements_summary_by_user_by_event_name`.`SUM_ROWS_AFFECTED` AS `rows_affected`,(`performance_schema`.`events_statements_summary_by_user_by_event_name`.`SUM_NO_INDEX_USED` + `performance_schema`.`events_statements_summary_by_user_by_event_name`.`SUM_NO_GOOD_INDEX_USED`) AS `full_scans` from `performance_schema`.`events_statements_summary_by_user_by_event_name` where (`performance_schema`.`events_statements_summary_by_user_by_event_name`.`SUM_TIMER_WAIT` <> 0) order by if((`performance_schema`.`events_statements_summary_by_user_by_event_name`.`USER` is null),'background',`performance_schema`.`events_statements_summary_by_user_by_event_name`.`USER`),`performance_schema`.`events_statements_summary_by_user_by_event_name`.`SUM_TIMER_WAIT` desc */;
/*!50001 SET character_set_client      = @saved_cs_client */;
/*!50001 SET character_set_results     = @saved_cs_results */;
/*!50001 SET collation_connection      = @saved_col_connection */;

--
-- Final view structure for view `version`
--

/*!50001 DROP VIEW IF EXISTS `version`*/;
/*!50001 SET @saved_cs_client          = @@character_set_client */;
/*!50001 SET @saved_cs_results         = @@character_set_results */;
/*!50001 SET @saved_col_connection     = @@collation_connection */;
/*!50001 SET character_set_client      = utf8mb4 */;
/*!50001 SET character_set_results     = utf8mb4 */;
/*!50001 SET collation_connection      = utf8mb4_0900_ai_ci */;
/*!50001 CREATE ALGORITHM=UNDEFINED */
/*!50013 DEFINER=`mysql.sys`@`localhost` SQL SECURITY INVOKER */
/*!50001 VIEW `version` (`sys_version`,`mysql_version`) AS select '2.1.0' AS `sys_version`,version() AS `mysql_version` */;
/*!50001 SET character_set_client      = @saved_cs_client */;
/*!50001 SET character_set_results     = @saved_cs_results */;
/*!50001 SET collation_connection      = @saved_col_connection */;

--
-- Final view structure for view `wait_classes_global_by_avg_latency`
--

/*!50001 DROP VIEW IF EXISTS `wait_classes_global_by_avg_latency`*/;
/*!50001 SET @saved_cs_client          = @@character_set_client */;
/*!50001 SET @saved_cs_results         = @@character_set_results */;
/*!50001 SET @saved_col_connection     = @@collation_connection */;
/*!50001 SET character_set_client      = utf8mb4 */;
/*!50001 SET character_set_results     = utf8mb4 */;
/*!50001 SET collation_connection      = utf8mb4_0900_ai_ci */;
/*!50001 CREATE ALGORITHM=TEMPTABLE */
/*!50013 DEFINER=`mysql.sys`@`localhost` SQL SECURITY INVOKER */
/*!50001 VIEW `wait_classes_global_by_avg_latency` (`event_class`,`total`,`total_latency`,`min_latency`,`avg_latency`,`max_latency`) AS select substring_index(`performance_schema`.`events_waits_summary_global_by_event_name`.`EVENT_NAME`,'/',3) AS `event_class`,sum(`performance_schema`.`events_waits_summary_global_by_event_name`.`COUNT_STAR`) AS `total`,`sys`.`format_time`(cast(sum(`performance_schema`.`events_waits_summary_global_by_event_name`.`SUM_TIMER_WAIT`) as unsigned)) AS `total_latency`,`sys`.`format_time`(min(`performance_schema`.`events_waits_summary_global_by_event_name`.`MIN_TIMER_WAIT`)) AS `min_latency`,`sys`.`format_time`(ifnull((sum(`performance_schema`.`events_waits_summary_global_by_event_name`.`SUM_TIMER_WAIT`) / nullif(sum(`performance_schema`.`events_waits_summary_global_by_event_name`.`COUNT_STAR`),0)),0)) AS `avg_latency`,`sys`.`format_time`(cast(max(`performance_schema`.`events_waits_summary_global_by_event_name`.`MAX_TIMER_WAIT`) as unsigned)) AS `max_latency` from `performance_schema`.`events_waits_summary_global_by_event_name` where ((`performance_schema`.`events_waits_summary_global_by_event_name`.`SUM_TIMER_WAIT` > 0) and (`performance_schema`.`events_waits_summary_global_by_event_name`.`EVENT_NAME` <> 'idle')) group by `event_class` order by ifnull((sum(`performance_schema`.`events_waits_summary_global_by_event_name`.`SUM_TIMER_WAIT`) / nullif(sum(`performance_schema`.`events_waits_summary_global_by_event_name`.`COUNT_STAR`),0)),0) desc */;
/*!50001 SET character_set_client      = @saved_cs_client */;
/*!50001 SET character_set_results     = @saved_cs_results */;
/*!50001 SET collation_connection      = @saved_col_connection */;

--
-- Final view structure for view `wait_classes_global_by_latency`
--

/*!50001 DROP VIEW IF EXISTS `wait_classes_global_by_latency`*/;
/*!50001 SET @saved_cs_client          = @@character_set_client */;
/*!50001 SET @saved_cs_results         = @@character_set_results */;
/*!50001 SET @saved_col_connection     = @@collation_connection */;
/*!50001 SET character_set_client      = utf8mb4 */;
/*!50001 SET character_set_results     = utf8mb4 */;
/*!50001 SET collation_connection      = utf8mb4_0900_ai_ci */;
/*!50001 CREATE ALGORITHM=TEMPTABLE */
/*!50013 DEFINER=`mysql.sys`@`localhost` SQL SECURITY INVOKER */
/*!50001 VIEW `wait_classes_global_by_latency` (`event_class`,`total`,`total_latency`,`min_latency`,`avg_latency`,`max_latency`) AS select substring_index(`performance_schema`.`events_waits_summary_global_by_event_name`.`EVENT_NAME`,'/',3) AS `event_class`,sum(`performance_schema`.`events_waits_summary_global_by_event_name`.`COUNT_STAR`) AS `total`,`sys`.`format_time`(sum(`performance_schema`.`events_waits_summary_global_by_event_name`.`SUM_TIMER_WAIT`)) AS `total_latency`,`sys`.`format_time`(min(`performance_schema`.`events_waits_summary_global_by_event_name`.`MIN_TIMER_WAIT`)) AS `min_latency`,`sys`.`format_time`(ifnull((sum(`performance_schema`.`events_waits_summary_global_by_event_name`.`SUM_TIMER_WAIT`) / nullif(sum(`performance_schema`.`events_waits_summary_global_by_event_name`.`COUNT_STAR`),0)),0)) AS `avg_latency`,`sys`.`format_time`(max(`performance_schema`.`events_waits_summary_global_by_event_name`.`MAX_TIMER_WAIT`)) AS `max_latency` from `performance_schema`.`events_waits_summary_global_by_event_name` where ((`performance_schema`.`events_waits_summary_global_by_event_name`.`SUM_TIMER_WAIT` > 0) and (`performance_schema`.`events_waits_summary_global_by_event_name`.`EVENT_NAME` <> 'idle')) group by substring_index(`performance_schema`.`events_waits_summary_global_by_event_name`.`EVENT_NAME`,'/',3) order by sum(`performance_schema`.`events_waits_summary_global_by_event_name`.`SUM_TIMER_WAIT`) desc */;
/*!50001 SET character_set_client      = @saved_cs_client */;
/*!50001 SET character_set_results     = @saved_cs_results */;
/*!50001 SET collation_connection      = @saved_col_connection */;

--
-- Final view structure for view `waits_by_host_by_latency`
--

/*!50001 DROP VIEW IF EXISTS `waits_by_host_by_latency`*/;
/*!50001 SET @saved_cs_client          = @@character_set_client */;
/*!50001 SET @saved_cs_results         = @@character_set_results */;
/*!50001 SET @saved_col_connection     = @@collation_connection */;
/*!50001 SET character_set_client      = utf8mb4 */;
/*!50001 SET character_set_results     = utf8mb4 */;
/*!50001 SET collation_connection      = utf8mb4_0900_ai_ci */;
/*!50001 CREATE ALGORITHM=MERGE */
/*!50013 DEFINER=`mysql.sys`@`localhost` SQL SECURITY INVOKER */
/*!50001 VIEW `waits_by_host_by_latency` (`host`,`event`,`total`,`total_latency`,`avg_latency`,`max_latency`) AS select if((`performance_schema`.`events_waits_summary_by_host_by_event_name`.`HOST` is null),'background',`performance_schema`.`events_waits_summary_by_host_by_event_name`.`HOST`) AS `host`,`performance_schema`.`events_waits_summary_by_host_by_event_name`.`EVENT_NAME` AS `event`,`performance_schema`.`events_waits_summary_by_host_by_event_name`.`COUNT_STAR` AS `total`,`sys`.`format_time`(`performance_schema`.`events_waits_summary_by_host_by_event_name`.`SUM_TIMER_WAIT`) AS `total_latency`,`sys`.`format_time`(`performance_schema`.`events_waits_summary_by_host_by_event_name`.`AVG_TIMER_WAIT`) AS `avg_latency`,`sys`.`format_time`(`performance_schema`.`events_waits_summary_by_host_by_event_name`.`MAX_TIMER_WAIT`) AS `max_latency` from `performance_schema`.`events_waits_summary_by_host_by_event_name` where ((`performance_schema`.`events_waits_summary_by_host_by_event_name`.`EVENT_NAME` <> 'idle') and (`performance_schema`.`events_waits_summary_by_host_by_event_name`.`SUM_TIMER_WAIT` > 0)) order by if((`performance_schema`.`events_waits_summary_by_host_by_event_name`.`HOST` is null),'background',`performance_schema`.`events_waits_summary_by_host_by_event_name`.`HOST`),`performance_schema`.`events_waits_summary_by_host_by_event_name`.`SUM_TIMER_WAIT` desc */;
/*!50001 SET character_set_client      = @saved_cs_client */;
/*!50001 SET character_set_results     = @saved_cs_results */;
/*!50001 SET collation_connection      = @saved_col_connection */;

--
-- Final view structure for view `waits_by_user_by_latency`
--

/*!50001 DROP VIEW IF EXISTS `waits_by_user_by_latency`*/;
/*!50001 SET @saved_cs_client          = @@character_set_client */;
/*!50001 SET @saved_cs_results         = @@character_set_results */;
/*!50001 SET @saved_col_connection     = @@collation_connection */;
/*!50001 SET character_set_client      = utf8mb4 */;
/*!50001 SET character_set_results     = utf8mb4 */;
/*!50001 SET collation_connection      = utf8mb4_0900_ai_ci */;
/*!50001 CREATE ALGORITHM=MERGE */
/*!50013 DEFINER=`mysql.sys`@`localhost` SQL SECURITY INVOKER */
/*!50001 VIEW `waits_by_user_by_latency` (`user`,`event`,`total`,`total_latency`,`avg_latency`,`max_latency`) AS select if((`performance_schema`.`events_waits_summary_by_user_by_event_name`.`USER` is null),'background',`performance_schema`.`events_waits_summary_by_user_by_event_name`.`USER`) AS `user`,`performance_schema`.`events_waits_summary_by_user_by_event_name`.`EVENT_NAME` AS `event`,`performance_schema`.`events_waits_summary_by_user_by_event_name`.`COUNT_STAR` AS `total`,`sys`.`format_time`(`performance_schema`.`events_waits_summary_by_user_by_event_name`.`SUM_TIMER_WAIT`) AS `total_latency`,`sys`.`format_time`(`performance_schema`.`events_waits_summary_by_user_by_event_name`.`AVG_TIMER_WAIT`) AS `avg_latency`,`sys`.`format_time`(`performance_schema`.`events_waits_summary_by_user_by_event_name`.`MAX_TIMER_WAIT`) AS `max_latency` from `performance_schema`.`events_waits_summary_by_user_by_event_name` where ((`performance_schema`.`events_waits_summary_by_user_by_event_name`.`EVENT_NAME` <> 'idle') and (`performance_schema`.`events_waits_summary_by_user_by_event_name`.`USER` is not null) and (`performance_schema`.`events_waits_summary_by_user_by_event_name`.`SUM_TIMER_WAIT` > 0)) order by if((`performance_schema`.`events_waits_summary_by_user_by_event_name`.`USER` is null),'background',`performance_schema`.`events_waits_summary_by_user_by_event_name`.`USER`),`performance_schema`.`events_waits_summary_by_user_by_event_name`.`SUM_TIMER_WAIT` desc */;
/*!50001 SET character_set_client      = @saved_cs_client */;
/*!50001 SET character_set_results     = @saved_cs_results */;
/*!50001 SET collation_connection      = @saved_col_connection */;

--
-- Final view structure for view `waits_global_by_latency`
--

/*!50001 DROP VIEW IF EXISTS `waits_global_by_latency`*/;
/*!50001 SET @saved_cs_client          = @@character_set_client */;
/*!50001 SET @saved_cs_results         = @@character_set_results */;
/*!50001 SET @saved_col_connection     = @@collation_connection */;
/*!50001 SET character_set_client      = utf8mb4 */;
/*!50001 SET character_set_results     = utf8mb4 */;
/*!50001 SET collation_connection      = utf8mb4_0900_ai_ci */;
/*!50001 CREATE ALGORITHM=MERGE */
/*!50013 DEFINER=`mysql.sys`@`localhost` SQL SECURITY INVOKER */
/*!50001 VIEW `waits_global_by_latency` (`events`,`total`,`total_latency`,`avg_latency`,`max_latency`) AS select `performance_schema`.`events_waits_summary_global_by_event_name`.`EVENT_NAME` AS `event`,`performance_schema`.`events_waits_summary_global_by_event_name`.`COUNT_STAR` AS `total`,`sys`.`format_time`(`performance_schema`.`events_waits_summary_global_by_event_name`.`SUM_TIMER_WAIT`) AS `total_latency`,`sys`.`format_time`(`performance_schema`.`events_waits_summary_global_by_event_name`.`AVG_TIMER_WAIT`) AS `avg_latency`,`sys`.`format_time`(`performance_schema`.`events_waits_summary_global_by_event_name`.`MAX_TIMER_WAIT`) AS `max_latency` from `performance_schema`.`events_waits_summary_global_by_event_name` where ((`performance_schema`.`events_waits_summary_global_by_event_name`.`EVENT_NAME` <> 'idle') and (`performance_schema`.`events_waits_summary_global_by_event_name`.`SUM_TIMER_WAIT` > 0)) order by `performance_schema`.`events_waits_summary_global_by_event_name`.`SUM_TIMER_WAIT` desc */;
/*!50001 SET character_set_client      = @saved_cs_client */;
/*!50001 SET character_set_results     = @saved_cs_results */;
/*!50001 SET collation_connection      = @saved_col_connection */;

--
-- Final view structure for view `x$host_summary`
--

/*!50001 DROP VIEW IF EXISTS `x$host_summary`*/;
/*!50001 SET @saved_cs_client          = @@character_set_client */;
/*!50001 SET @saved_cs_results         = @@character_set_results */;
/*!50001 SET @saved_col_connection     = @@collation_connection */;
/*!50001 SET character_set_client      = utf8mb4 */;
/*!50001 SET character_set_results     = utf8mb4 */;
/*!50001 SET collation_connection      = utf8mb4_0900_ai_ci */;
/*!50001 CREATE ALGORITHM=TEMPTABLE */
/*!50013 DEFINER=`mysql.sys`@`localhost` SQL SECURITY INVOKER */
/*!50001 VIEW `x$host_summary` (`host`,`statements`,`statement_latency`,`statement_avg_latency`,`table_scans`,`file_ios`,`file_io_latency`,`current_connections`,`total_connections`,`unique_users`,`current_memory`,`total_memory_allocated`) AS select if((`performance_schema`.`accounts`.`HOST` is null),'background',`performance_schema`.`accounts`.`HOST`) AS `host`,sum(`stmt`.`total`) AS `statements`,sum(`stmt`.`total_latency`) AS `statement_latency`,(sum(`stmt`.`total_latency`) / sum(`stmt`.`total`)) AS `statement_avg_latency`,sum(`stmt`.`full_scans`) AS `table_scans`,sum(`io`.`ios`) AS `file_ios`,sum(`io`.`io_latency`) AS `file_io_latency`,sum(`performance_schema`.`accounts`.`CURRENT_CONNECTIONS`) AS `current_connections`,sum(`performance_schema`.`accounts`.`TOTAL_CONNECTIONS`) AS `total_connections`,count(distinct `performance_schema`.`accounts`.`USER`) AS `unique_users`,sum(`mem`.`current_allocated`) AS `current_memory`,sum(`mem`.`total_allocated`) AS `total_memory_allocated` from (((`performance_schema`.`accounts` join `x$host_summary_by_statement_latency` `stmt` on((`performance_schema`.`accounts`.`HOST` = `stmt`.`host`))) join `x$host_summary_by_file_io` `io` on((`performance_schema`.`accounts`.`HOST` = `io`.`host`))) join `x$memory_by_host_by_current_bytes` `mem` on((`performance_schema`.`accounts`.`HOST` = `mem`.`host`))) group by if((`performance_schema`.`accounts`.`HOST` is null),'background',`performance_schema`.`accounts`.`HOST`) */;
/*!50001 SET character_set_client      = @saved_cs_client */;
/*!50001 SET character_set_results     = @saved_cs_results */;
/*!50001 SET collation_connection      = @saved_col_connection */;

--
-- Final view structure for view `x$host_summary_by_file_io`
--

/*!50001 DROP VIEW IF EXISTS `x$host_summary_by_file_io`*/;
/*!50001 SET @saved_cs_client          = @@character_set_client */;
/*!50001 SET @saved_cs_results         = @@character_set_results */;
/*!50001 SET @saved_col_connection     = @@collation_connection */;
/*!50001 SET character_set_client      = utf8mb4 */;
/*!50001 SET character_set_results     = utf8mb4 */;
/*!50001 SET collation_connection      = utf8mb4_0900_ai_ci */;
/*!50001 CREATE ALGORITHM=TEMPTABLE */
/*!50013 DEFINER=`mysql.sys`@`localhost` SQL SECURITY INVOKER */
/*!50001 VIEW `x$host_summary_by_file_io` (`host`,`ios`,`io_latency`) AS select if((`performance_schema`.`events_waits_summary_by_host_by_event_name`.`HOST` is null),'background',`performance_schema`.`events_waits_summary_by_host_by_event_name`.`HOST`) AS `host`,sum(`performance_schema`.`events_waits_summary_by_host_by_event_name`.`COUNT_STAR`) AS `ios`,sum(`performance_schema`.`events_waits_summary_by_host_by_event_name`.`SUM_TIMER_WAIT`) AS `io_latency` from `performance_schema`.`events_waits_summary_by_host_by_event_name` where (`performance_schema`.`events_waits_summary_by_host_by_event_name`.`EVENT_NAME` like 'wait/io/file/%') group by if((`performance_schema`.`events_waits_summary_by_host_by_event_name`.`HOST` is null),'background',`performance_schema`.`events_waits_summary_by_host_by_event_name`.`HOST`) order by sum(`performance_schema`.`events_waits_summary_by_host_by_event_name`.`SUM_TIMER_WAIT`) desc */;
/*!50001 SET character_set_client      = @saved_cs_client */;
/*!50001 SET character_set_results     = @saved_cs_results */;
/*!50001 SET collation_connection      = @saved_col_connection */;

--
-- Final view structure for view `x$host_summary_by_file_io_type`
--

/*!50001 DROP VIEW IF EXISTS `x$host_summary_by_file_io_type`*/;
/*!50001 SET @saved_cs_client          = @@character_set_client */;
/*!50001 SET @saved_cs_results         = @@character_set_results */;
/*!50001 SET @saved_col_connection     = @@collation_connection */;
/*!50001 SET character_set_client      = utf8mb4 */;
/*!50001 SET character_set_results     = utf8mb4 */;
/*!50001 SET collation_connection      = utf8mb4_0900_ai_ci */;
/*!50001 CREATE ALGORITHM=MERGE */
/*!50013 DEFINER=`mysql.sys`@`localhost` SQL SECURITY INVOKER */
/*!50001 VIEW `x$host_summary_by_file_io_type` (`host`,`event_name`,`total`,`total_latency`,`max_latency`) AS select if((`performance_schema`.`events_waits_summary_by_host_by_event_name`.`HOST` is null),'background',`performance_schema`.`events_waits_summary_by_host_by_event_name`.`HOST`) AS `host`,`performance_schema`.`events_waits_summary_by_host_by_event_name`.`EVENT_NAME` AS `event_name`,`performance_schema`.`events_waits_summary_by_host_by_event_name`.`COUNT_STAR` AS `total`,`performance_schema`.`events_waits_summary_by_host_by_event_name`.`SUM_TIMER_WAIT` AS `total_latency`,`performance_schema`.`events_waits_summary_by_host_by_event_name`.`MAX_TIMER_WAIT` AS `max_latency` from `performance_schema`.`events_waits_summary_by_host_by_event_name` where ((`performance_schema`.`events_waits_summary_by_host_by_event_name`.`EVENT_NAME` like 'wait/io/file%') and (`performance_schema`.`events_waits_summary_by_host_by_event_name`.`COUNT_STAR` > 0)) order by if((`performance_schema`.`events_waits_summary_by_host_by_event_name`.`HOST` is null),'background',`performance_schema`.`events_waits_summary_by_host_by_event_name`.`HOST`),`performance_schema`.`events_waits_summary_by_host_by_event_name`.`SUM_TIMER_WAIT` desc */;
/*!50001 SET character_set_client      = @saved_cs_client */;
/*!50001 SET character_set_results     = @saved_cs_results */;
/*!50001 SET collation_connection      = @saved_col_connection */;

--
-- Final view structure for view `x$host_summary_by_stages`
--

/*!50001 DROP VIEW IF EXISTS `x$host_summary_by_stages`*/;
/*!50001 SET @saved_cs_client          = @@character_set_client */;
/*!50001 SET @saved_cs_results         = @@character_set_results */;
/*!50001 SET @saved_col_connection     = @@collation_connection */;
/*!50001 SET character_set_client      = utf8mb4 */;
/*!50001 SET character_set_results     = utf8mb4 */;
/*!50001 SET collation_connection      = utf8mb4_0900_ai_ci */;
/*!50001 CREATE ALGORITHM=MERGE */
/*!50013 DEFINER=`mysql.sys`@`localhost` SQL SECURITY INVOKER */
/*!50001 VIEW `x$host_summary_by_stages` (`host`,`event_name`,`total`,`total_latency`,`avg_latency`) AS select if((`performance_schema`.`events_stages_summary_by_host_by_event_name`.`HOST` is null),'background',`performance_schema`.`events_stages_summary_by_host_by_event_name`.`HOST`) AS `host`,`performance_schema`.`events_stages_summary_by_host_by_event_name`.`EVENT_NAME` AS `event_name`,`performance_schema`.`events_stages_summary_by_host_by_event_name`.`COUNT_STAR` AS `total`,`performance_schema`.`events_stages_summary_by_host_by_event_name`.`SUM_TIMER_WAIT` AS `total_latency`,`performance_schema`.`events_stages_summary_by_host_by_event_name`.`AVG_TIMER_WAIT` AS `avg_latency` from `performance_schema`.`events_stages_summary_by_host_by_event_name` where (`performance_schema`.`events_stages_summary_by_host_by_event_name`.`SUM_TIMER_WAIT` <> 0) order by if((`performance_schema`.`events_stages_summary_by_host_by_event_name`.`HOST` is null),'background',`performance_schema`.`events_stages_summary_by_host_by_event_name`.`HOST`),`performance_schema`.`events_stages_summary_by_host_by_event_name`.`SUM_TIMER_WAIT` desc */;
/*!50001 SET character_set_client      = @saved_cs_client */;
/*!50001 SET character_set_results     = @saved_cs_results */;
/*!50001 SET collation_connection      = @saved_col_connection */;

--
-- Final view structure for view `x$host_summary_by_statement_latency`
--

/*!50001 DROP VIEW IF EXISTS `x$host_summary_by_statement_latency`*/;
/*!50001 SET @saved_cs_client          = @@character_set_client */;
/*!50001 SET @saved_cs_results         = @@character_set_results */;
/*!50001 SET @saved_col_connection     = @@collation_connection */;
/*!50001 SET character_set_client      = utf8mb4 */;
/*!50001 SET character_set_results     = utf8mb4 */;
/*!50001 SET collation_connection      = utf8mb4_0900_ai_ci */;
/*!50001 CREATE ALGORITHM=TEMPTABLE */
/*!50013 DEFINER=`mysql.sys`@`localhost` SQL SECURITY INVOKER */
/*!50001 VIEW `x$host_summary_by_statement_latency` (`host`,`total`,`total_latency`,`max_latency`,`lock_latency`,`rows_sent`,`rows_examined`,`rows_affected`,`full_scans`) AS select if((`performance_schema`.`events_statements_summary_by_host_by_event_name`.`HOST` is null),'background',`performance_schema`.`events_statements_summary_by_host_by_event_name`.`HOST`) AS `host`,sum(`performance_schema`.`events_statements_summary_by_host_by_event_name`.`COUNT_STAR`) AS `total`,sum(`performance_schema`.`events_statements_summary_by_host_by_event_name`.`SUM_TIMER_WAIT`) AS `total_latency`,max(`performance_schema`.`events_statements_summary_by_host_by_event_name`.`MAX_TIMER_WAIT`) AS `max_latency`,sum(`performance_schema`.`events_statements_summary_by_host_by_event_name`.`SUM_LOCK_TIME`) AS `lock_latency`,sum(`performance_schema`.`events_statements_summary_by_host_by_event_name`.`SUM_ROWS_SENT`) AS `rows_sent`,sum(`performance_schema`.`events_statements_summary_by_host_by_event_name`.`SUM_ROWS_EXAMINED`) AS `rows_examined`,sum(`performance_schema`.`events_statements_summary_by_host_by_event_name`.`SUM_ROWS_AFFECTED`) AS `rows_affected`,(sum(`performance_schema`.`events_statements_summary_by_host_by_event_name`.`SUM_NO_INDEX_USED`) + sum(`performance_schema`.`events_statements_summary_by_host_by_event_name`.`SUM_NO_GOOD_INDEX_USED`)) AS `full_scans` from `performance_schema`.`events_statements_summary_by_host_by_event_name` group by if((`performance_schema`.`events_statements_summary_by_host_by_event_name`.`HOST` is null),'background',`performance_schema`.`events_statements_summary_by_host_by_event_name`.`HOST`) order by sum(`performance_schema`.`events_statements_summary_by_host_by_event_name`.`SUM_TIMER_WAIT`) desc */;
/*!50001 SET character_set_client      = @saved_cs_client */;
/*!50001 SET character_set_results     = @saved_cs_results */;
/*!50001 SET collation_connection      = @saved_col_connection */;

--
-- Final view structure for view `x$host_summary_by_statement_type`
--

/*!50001 DROP VIEW IF EXISTS `x$host_summary_by_statement_type`*/;
/*!50001 SET @saved_cs_client          = @@character_set_client */;
/*!50001 SET @saved_cs_results         = @@character_set_results */;
/*!50001 SET @saved_col_connection     = @@collation_connection */;
/*!50001 SET character_set_client      = utf8mb4 */;
/*!50001 SET character_set_results     = utf8mb4 */;
/*!50001 SET collation_connection      = utf8mb4_0900_ai_ci */;
/*!50001 CREATE ALGORITHM=MERGE */
/*!50013 DEFINER=`mysql.sys`@`localhost` SQL SECURITY INVOKER */
/*!50001 VIEW `x$host_summary_by_statement_type` (`host`,`statement`,`total`,`total_latency`,`max_latency`,`lock_latency`,`rows_sent`,`rows_examined`,`rows_affected`,`full_scans`) AS select if((`performance_schema`.`events_statements_summary_by_host_by_event_name`.`HOST` is null),'background',`performance_schema`.`events_statements_summary_by_host_by_event_name`.`HOST`) AS `host`,substring_index(`performance_schema`.`events_statements_summary_by_host_by_event_name`.`EVENT_NAME`,'/',-(1)) AS `statement`,`performance_schema`.`events_statements_summary_by_host_by_event_name`.`COUNT_STAR` AS `total`,`performance_schema`.`events_statements_summary_by_host_by_event_name`.`SUM_TIMER_WAIT` AS `total_latency`,`performance_schema`.`events_statements_summary_by_host_by_event_name`.`MAX_TIMER_WAIT` AS `max_latency`,`performance_schema`.`events_statements_summary_by_host_by_event_name`.`SUM_LOCK_TIME` AS `lock_latency`,`performance_schema`.`events_statements_summary_by_host_by_event_name`.`SUM_ROWS_SENT` AS `rows_sent`,`performance_schema`.`events_statements_summary_by_host_by_event_name`.`SUM_ROWS_EXAMINED` AS `rows_examined`,`performance_schema`.`events_statements_summary_by_host_by_event_name`.`SUM_ROWS_AFFECTED` AS `rows_affected`,(`performance_schema`.`events_statements_summary_by_host_by_event_name`.`SUM_NO_INDEX_USED` + `performance_schema`.`events_statements_summary_by_host_by_event_name`.`SUM_NO_GOOD_INDEX_USED`) AS `full_scans` from `performance_schema`.`events_statements_summary_by_host_by_event_name` where (`performance_schema`.`events_statements_summary_by_host_by_event_name`.`SUM_TIMER_WAIT` <> 0) order by if((`performance_schema`.`events_statements_summary_by_host_by_event_name`.`HOST` is null),'background',`performance_schema`.`events_statements_summary_by_host_by_event_name`.`HOST`),`performance_schema`.`events_statements_summary_by_host_by_event_name`.`SUM_TIMER_WAIT` desc */;
/*!50001 SET character_set_client      = @saved_cs_client */;
/*!50001 SET character_set_results     = @saved_cs_results */;
/*!50001 SET collation_connection      = @saved_col_connection */;

--
-- Final view structure for view `x$innodb_buffer_stats_by_schema`
--

/*!50001 DROP VIEW IF EXISTS `x$innodb_buffer_stats_by_schema`*/;
/*!50001 SET @saved_cs_client          = @@character_set_client */;
/*!50001 SET @saved_cs_results         = @@character_set_results */;
/*!50001 SET @saved_col_connection     = @@collation_connection */;
/*!50001 SET character_set_client      = utf8mb4 */;
/*!50001 SET character_set_results     = utf8mb4 */;
/*!50001 SET collation_connection      = utf8mb4_0900_ai_ci */;
/*!50001 CREATE ALGORITHM=TEMPTABLE */
/*!50013 DEFINER=`mysql.sys`@`localhost` SQL SECURITY INVOKER */
/*!50001 VIEW `x$innodb_buffer_stats_by_schema` (`object_schema`,`allocated`,`data`,`pages`,`pages_hashed`,`pages_old`,`rows_cached`) AS select if((locate('.',`ibp`.`TABLE_NAME`) = 0),'InnoDB System',replace(substring_index(`ibp`.`TABLE_NAME`,'.',1),'`','')) AS `object_schema`,sum(if((`ibp`.`COMPRESSED_SIZE` = 0),16384,`ibp`.`COMPRESSED_SIZE`)) AS `allocated`,sum(`ibp`.`DATA_SIZE`) AS `data`,count(`ibp`.`PAGE_NUMBER`) AS `pages`,count(if((`ibp`.`IS_HASHED` = 'YES'),1,NULL)) AS `pages_hashed`,count(if((`ibp`.`IS_OLD` = 'YES'),1,NULL)) AS `pages_old`,round(ifnull((sum(`ibp`.`NUMBER_RECORDS`) / nullif(count(distinct `ibp`.`INDEX_NAME`),0)),0),0) AS `rows_cached` from `information_schema`.`INNODB_BUFFER_PAGE` `ibp` where (`ibp`.`TABLE_NAME` is not null) group by `object_schema` order by sum(if((`ibp`.`COMPRESSED_SIZE` = 0),16384,`ibp`.`COMPRESSED_SIZE`)) desc */;
/*!50001 SET character_set_client      = @saved_cs_client */;
/*!50001 SET character_set_results     = @saved_cs_results */;
/*!50001 SET collation_connection      = @saved_col_connection */;

--
-- Final view structure for view `x$innodb_buffer_stats_by_table`
--

/*!50001 DROP VIEW IF EXISTS `x$innodb_buffer_stats_by_table`*/;
/*!50001 SET @saved_cs_client          = @@character_set_client */;
/*!50001 SET @saved_cs_results         = @@character_set_results */;
/*!50001 SET @saved_col_connection     = @@collation_connection */;
/*!50001 SET character_set_client      = utf8mb4 */;
/*!50001 SET character_set_results     = utf8mb4 */;
/*!50001 SET collation_connection      = utf8mb4_0900_ai_ci */;
/*!50001 CREATE ALGORITHM=TEMPTABLE */
/*!50013 DEFINER=`mysql.sys`@`localhost` SQL SECURITY INVOKER */
/*!50001 VIEW `x$innodb_buffer_stats_by_table` (`object_schema`,`object_name`,`allocated`,`data`,`pages`,`pages_hashed`,`pages_old`,`rows_cached`) AS select if((locate('.',`ibp`.`TABLE_NAME`) = 0),'InnoDB System',replace(substring_index(`ibp`.`TABLE_NAME`,'.',1),'`','')) AS `object_schema`,replace(substring_index(`ibp`.`TABLE_NAME`,'.',-(1)),'`','') AS `object_name`,sum(if((`ibp`.`COMPRESSED_SIZE` = 0),16384,`ibp`.`COMPRESSED_SIZE`)) AS `allocated`,sum(`ibp`.`DATA_SIZE`) AS `data`,count(`ibp`.`PAGE_NUMBER`) AS `pages`,count(if((`ibp`.`IS_HASHED` = 'YES'),1,NULL)) AS `pages_hashed`,count(if((`ibp`.`IS_OLD` = 'YES'),1,NULL)) AS `pages_old`,round(ifnull((sum(`ibp`.`NUMBER_RECORDS`) / nullif(count(distinct `ibp`.`INDEX_NAME`),0)),0),0) AS `rows_cached` from `information_schema`.`INNODB_BUFFER_PAGE` `ibp` where (`ibp`.`TABLE_NAME` is not null) group by `object_schema`,`object_name` order by sum(if((`ibp`.`COMPRESSED_SIZE` = 0),16384,`ibp`.`COMPRESSED_SIZE`)) desc */;
/*!50001 SET character_set_client      = @saved_cs_client */;
/*!50001 SET character_set_results     = @saved_cs_results */;
/*!50001 SET collation_connection      = @saved_col_connection */;

--
-- Final view structure for view `x$innodb_lock_waits`
--

/*!50001 DROP VIEW IF EXISTS `x$innodb_lock_waits`*/;
/*!50001 SET @saved_cs_client          = @@character_set_client */;
/*!50001 SET @saved_cs_results         = @@character_set_results */;
/*!50001 SET @saved_col_connection     = @@collation_connection */;
/*!50001 SET character_set_client      = utf8mb4 */;
/*!50001 SET character_set_results     = utf8mb4 */;
/*!50001 SET collation_connection      = utf8mb4_0900_ai_ci */;
/*!50001 CREATE ALGORITHM=TEMPTABLE */
/*!50013 DEFINER=`mysql.sys`@`localhost` SQL SECURITY INVOKER */
/*!50001 VIEW `x$innodb_lock_waits` (`wait_started`,`wait_age`,`wait_age_secs`,`locked_table`,`locked_table_schema`,`locked_table_name`,`locked_table_partition`,`locked_table_subpartition`,`locked_index`,`locked_type`,`waiting_trx_id`,`waiting_trx_started`,`waiting_trx_age`,`waiting_trx_rows_locked`,`waiting_trx_rows_modified`,`waiting_pid`,`waiting_query`,`waiting_lock_id`,`waiting_lock_mode`,`blocking_trx_id`,`blocking_pid`,`blocking_query`,`blocking_lock_id`,`blocking_lock_mode`,`blocking_trx_started`,`blocking_trx_age`,`blocking_trx_rows_locked`,`blocking_trx_rows_modified`,`sql_kill_blocking_query`,`sql_kill_blocking_connection`) AS select `r`.`trx_wait_started` AS `wait_started`,timediff(now(),`r`.`trx_wait_started`) AS `wait_age`,timestampdiff(SECOND,`r`.`trx_wait_started`,now()) AS `wait_age_secs`,concat(`sys`.`quote_identifier`(`rl`.`OBJECT_SCHEMA`),'.',`sys`.`quote_identifier`(`rl`.`OBJECT_NAME`)) AS `locked_table`,`rl`.`OBJECT_SCHEMA` AS `locked_table_schema`,`rl`.`OBJECT_NAME` AS `locked_table_name`,`rl`.`PARTITION_NAME` AS `locked_table_partition`,`rl`.`SUBPARTITION_NAME` AS `locked_table_subpartition`,`rl`.`INDEX_NAME` AS `locked_index`,`rl`.`LOCK_TYPE` AS `locked_type`,`r`.`trx_id` AS `waiting_trx_id`,`r`.`trx_started` AS `waiting_trx_started`,timediff(now(),`r`.`trx_started`) AS `waiting_trx_age`,`r`.`trx_rows_locked` AS `waiting_trx_rows_locked`,`r`.`trx_rows_modified` AS `waiting_trx_rows_modified`,`r`.`trx_mysql_thread_id` AS `waiting_pid`,`r`.`trx_query` AS `waiting_query`,`rl`.`ENGINE_LOCK_ID` AS `waiting_lock_id`,`rl`.`LOCK_MODE` AS `waiting_lock_mode`,`b`.`trx_id` AS `blocking_trx_id`,`b`.`trx_mysql_thread_id` AS `blocking_pid`,`b`.`trx_query` AS `blocking_query`,`bl`.`ENGINE_LOCK_ID` AS `blocking_lock_id`,`bl`.`LOCK_MODE` AS `blocking_lock_mode`,`b`.`trx_started` AS `blocking_trx_started`,timediff(now(),`b`.`trx_started`) AS `blocking_trx_age`,`b`.`trx_rows_locked` AS `blocking_trx_rows_locked`,`b`.`trx_rows_modified` AS `blocking_trx_rows_modified`,concat('KILL QUERY ',`b`.`trx_mysql_thread_id`) AS `sql_kill_blocking_query`,concat('KILL ',`b`.`trx_mysql_thread_id`) AS `sql_kill_blocking_connection` from ((((`performance_schema`.`data_lock_waits` `w` join `information_schema`.`INNODB_TRX` `b` on((convert(`b`.`trx_id` using utf8mb4) = cast(`w`.`BLOCKING_ENGINE_TRANSACTION_ID` as char charset utf8mb4)))) join `information_schema`.`INNODB_TRX` `r` on((convert(`r`.`trx_id` using utf8mb4) = cast(`w`.`REQUESTING_ENGINE_TRANSACTION_ID` as char charset utf8mb4)))) join `performance_schema`.`data_locks` `bl` on((`bl`.`ENGINE_LOCK_ID` = `w`.`BLOCKING_ENGINE_LOCK_ID`))) join `performance_schema`.`data_locks` `rl` on((`rl`.`ENGINE_LOCK_ID` = `w`.`REQUESTING_ENGINE_LOCK_ID`))) order by `r`.`trx_wait_started` */;
/*!50001 SET character_set_client      = @saved_cs_client */;
/*!50001 SET character_set_results     = @saved_cs_results */;
/*!50001 SET collation_connection      = @saved_col_connection */;

--
-- Final view structure for view `x$io_by_thread_by_latency`
--

/*!50001 DROP VIEW IF EXISTS `x$io_by_thread_by_latency`*/;
/*!50001 SET @saved_cs_client          = @@character_set_client */;
/*!50001 SET @saved_cs_results         = @@character_set_results */;
/*!50001 SET @saved_col_connection     = @@collation_connection */;
/*!50001 SET character_set_client      = utf8mb4 */;
/*!50001 SET character_set_results     = utf8mb4 */;
/*!50001 SET collation_connection      = utf8mb4_0900_ai_ci */;
/*!50001 CREATE ALGORITHM=TEMPTABLE */
/*!50013 DEFINER=`mysql.sys`@`localhost` SQL SECURITY INVOKER */
/*!50001 VIEW `x$io_by_thread_by_latency` (`user`,`total`,`total_latency`,`min_latency`,`avg_latency`,`max_latency`,`thread_id`,`processlist_id`) AS select if((`performance_schema`.`threads`.`PROCESSLIST_ID` is null),substring_index(`performance_schema`.`threads`.`NAME`,'/',-(1)),concat(`performance_schema`.`threads`.`PROCESSLIST_USER`,'@',convert(`performance_schema`.`threads`.`PROCESSLIST_HOST` using utf8mb4))) AS `user`,sum(`performance_schema`.`events_waits_summary_by_thread_by_event_name`.`COUNT_STAR`) AS `total`,sum(`performance_schema`.`events_waits_summary_by_thread_by_event_name`.`SUM_TIMER_WAIT`) AS `total_latency`,min(`performance_schema`.`events_waits_summary_by_thread_by_event_name`.`MIN_TIMER_WAIT`) AS `min_latency`,avg(`performance_schema`.`events_waits_summary_by_thread_by_event_name`.`AVG_TIMER_WAIT`) AS `avg_latency`,max(`performance_schema`.`events_waits_summary_by_thread_by_event_name`.`MAX_TIMER_WAIT`) AS `max_latency`,`performance_schema`.`events_waits_summary_by_thread_by_event_name`.`THREAD_ID` AS `thread_id`,`performance_schema`.`threads`.`PROCESSLIST_ID` AS `processlist_id` from (`performance_schema`.`events_waits_summary_by_thread_by_event_name` left join `performance_schema`.`threads` on((`performance_schema`.`events_waits_summary_by_thread_by_event_name`.`THREAD_ID` = `performance_schema`.`threads`.`THREAD_ID`))) where ((`performance_schema`.`events_waits_summary_by_thread_by_event_name`.`EVENT_NAME` like 'wait/io/file/%') and (`performance_schema`.`events_waits_summary_by_thread_by_event_name`.`SUM_TIMER_WAIT` > 0)) group by `performance_schema`.`events_waits_summary_by_thread_by_event_name`.`THREAD_ID`,`performance_schema`.`threads`.`PROCESSLIST_ID`,`user` order by sum(`performance_schema`.`events_waits_summary_by_thread_by_event_name`.`SUM_TIMER_WAIT`) desc */;
/*!50001 SET character_set_client      = @saved_cs_client */;
/*!50001 SET character_set_results     = @saved_cs_results */;
/*!50001 SET collation_connection      = @saved_col_connection */;

--
-- Final view structure for view `x$io_global_by_file_by_bytes`
--

/*!50001 DROP VIEW IF EXISTS `x$io_global_by_file_by_bytes`*/;
/*!50001 SET @saved_cs_client          = @@character_set_client */;
/*!50001 SET @saved_cs_results         = @@character_set_results */;
/*!50001 SET @saved_col_connection     = @@collation_connection */;
/*!50001 SET character_set_client      = utf8mb4 */;
/*!50001 SET character_set_results     = utf8mb4 */;
/*!50001 SET collation_connection      = utf8mb4_0900_ai_ci */;
/*!50001 CREATE ALGORITHM=MERGE */
/*!50013 DEFINER=`mysql.sys`@`localhost` SQL SECURITY INVOKER */
/*!50001 VIEW `x$io_global_by_file_by_bytes` (`file`,`count_read`,`total_read`,`avg_read`,`count_write`,`total_written`,`avg_write`,`total`,`write_pct`) AS select `performance_schema`.`file_summary_by_instance`.`FILE_NAME` AS `file`,`performance_schema`.`file_summary_by_instance`.`COUNT_READ` AS `count_read`,`performance_schema`.`file_summary_by_instance`.`SUM_NUMBER_OF_BYTES_READ` AS `total_read`,ifnull((`performance_schema`.`file_summary_by_instance`.`SUM_NUMBER_OF_BYTES_READ` / nullif(`performance_schema`.`file_summary_by_instance`.`COUNT_READ`,0)),0) AS `avg_read`,`performance_schema`.`file_summary_by_instance`.`COUNT_WRITE` AS `count_write`,`performance_schema`.`file_summary_by_instance`.`SUM_NUMBER_OF_BYTES_WRITE` AS `total_written`,ifnull((`performance_schema`.`file_summary_by_instance`.`SUM_NUMBER_OF_BYTES_WRITE` / nullif(`performance_schema`.`file_summary_by_instance`.`COUNT_WRITE`,0)),0.00) AS `avg_write`,(`performance_schema`.`file_summary_by_instance`.`SUM_NUMBER_OF_BYTES_READ` + `performance_schema`.`file_summary_by_instance`.`SUM_NUMBER_OF_BYTES_WRITE`) AS `total`,ifnull(round((100 - ((`performance_schema`.`file_summary_by_instance`.`SUM_NUMBER_OF_BYTES_READ` / nullif((`performance_schema`.`file_summary_by_instance`.`SUM_NUMBER_OF_BYTES_READ` + `performance_schema`.`file_summary_by_instance`.`SUM_NUMBER_OF_BYTES_WRITE`),0)) * 100)),2),0.00) AS `write_pct` from `performance_schema`.`file_summary_by_instance` order by (`performance_schema`.`file_summary_by_instance`.`SUM_NUMBER_OF_BYTES_READ` + `performance_schema`.`file_summary_by_instance`.`SUM_NUMBER_OF_BYTES_WRITE`) desc */;
/*!50001 SET character_set_client      = @saved_cs_client */;
/*!50001 SET character_set_results     = @saved_cs_results */;
/*!50001 SET collation_connection      = @saved_col_connection */;

--
-- Final view structure for view `x$io_global_by_file_by_latency`
--

/*!50001 DROP VIEW IF EXISTS `x$io_global_by_file_by_latency`*/;
/*!50001 SET @saved_cs_client          = @@character_set_client */;
/*!50001 SET @saved_cs_results         = @@character_set_results */;
/*!50001 SET @saved_col_connection     = @@collation_connection */;
/*!50001 SET character_set_client      = utf8mb4 */;
/*!50001 SET character_set_results     = utf8mb4 */;
/*!50001 SET collation_connection      = utf8mb4_0900_ai_ci */;
/*!50001 CREATE ALGORITHM=MERGE */
/*!50013 DEFINER=`mysql.sys`@`localhost` SQL SECURITY INVOKER */
/*!50001 VIEW `x$io_global_by_file_by_latency` (`file`,`total`,`total_latency`,`count_read`,`read_latency`,`count_write`,`write_latency`,`count_misc`,`misc_latency`) AS select `performance_schema`.`file_summary_by_instance`.`FILE_NAME` AS `file`,`performance_schema`.`file_summary_by_instance`.`COUNT_STAR` AS `total`,`performance_schema`.`file_summary_by_instance`.`SUM_TIMER_WAIT` AS `total_latency`,`performance_schema`.`file_summary_by_instance`.`COUNT_READ` AS `count_read`,`performance_schema`.`file_summary_by_instance`.`SUM_TIMER_READ` AS `read_latency`,`performance_schema`.`file_summary_by_instance`.`COUNT_WRITE` AS `count_write`,`performance_schema`.`file_summary_by_instance`.`SUM_TIMER_WRITE` AS `write_latency`,`performance_schema`.`file_summary_by_instance`.`COUNT_MISC` AS `count_misc`,`performance_schema`.`file_summary_by_instance`.`SUM_TIMER_MISC` AS `misc_latency` from `performance_schema`.`file_summary_by_instance` order by `performance_schema`.`file_summary_by_instance`.`SUM_TIMER_WAIT` desc */;
/*!50001 SET character_set_client      = @saved_cs_client */;
/*!50001 SET character_set_results     = @saved_cs_results */;
/*!50001 SET collation_connection      = @saved_col_connection */;

--
-- Final view structure for view `x$io_global_by_wait_by_bytes`
--

/*!50001 DROP VIEW IF EXISTS `x$io_global_by_wait_by_bytes`*/;
/*!50001 SET @saved_cs_client          = @@character_set_client */;
/*!50001 SET @saved_cs_results         = @@character_set_results */;
/*!50001 SET @saved_col_connection     = @@collation_connection */;
/*!50001 SET character_set_client      = utf8mb4 */;
/*!50001 SET character_set_results     = utf8mb4 */;
/*!50001 SET collation_connection      = utf8mb4_0900_ai_ci */;
/*!50001 CREATE ALGORITHM=MERGE */
/*!50013 DEFINER=`mysql.sys`@`localhost` SQL SECURITY INVOKER */
/*!50001 VIEW `x$io_global_by_wait_by_bytes` (`event_name`,`total`,`total_latency`,`min_latency`,`avg_latency`,`max_latency`,`count_read`,`total_read`,`avg_read`,`count_write`,`total_written`,`avg_written`,`total_requested`) AS select substring_index(`performance_schema`.`file_summary_by_event_name`.`EVENT_NAME`,'/',-(2)) AS `event_name`,`performance_schema`.`file_summary_by_event_name`.`COUNT_STAR` AS `total`,`performance_schema`.`file_summary_by_event_name`.`SUM_TIMER_WAIT` AS `total_latency`,`performance_schema`.`file_summary_by_event_name`.`MIN_TIMER_WAIT` AS `min_latency`,`performance_schema`.`file_summary_by_event_name`.`AVG_TIMER_WAIT` AS `avg_latency`,`performance_schema`.`file_summary_by_event_name`.`MAX_TIMER_WAIT` AS `max_latency`,`performance_schema`.`file_summary_by_event_name`.`COUNT_READ` AS `count_read`,`performance_schema`.`file_summary_by_event_name`.`SUM_NUMBER_OF_BYTES_READ` AS `total_read`,ifnull((`performance_schema`.`file_summary_by_event_name`.`SUM_NUMBER_OF_BYTES_READ` / nullif(`performance_schema`.`file_summary_by_event_name`.`COUNT_READ`,0)),0) AS `avg_read`,`performance_schema`.`file_summary_by_event_name`.`COUNT_WRITE` AS `count_write`,`performance_schema`.`file_summary_by_event_name`.`SUM_NUMBER_OF_BYTES_WRITE` AS `total_written`,ifnull((`performance_schema`.`file_summary_by_event_name`.`SUM_NUMBER_OF_BYTES_WRITE` / nullif(`performance_schema`.`file_summary_by_event_name`.`COUNT_WRITE`,0)),0) AS `avg_written`,(`performance_schema`.`file_summary_by_event_name`.`SUM_NUMBER_OF_BYTES_WRITE` + `performance_schema`.`file_summary_by_event_name`.`SUM_NUMBER_OF_BYTES_READ`) AS `total_requested` from `performance_schema`.`file_summary_by_event_name` where ((`performance_schema`.`file_summary_by_event_name`.`EVENT_NAME` like 'wait/io/file/%') and (`performance_schema`.`file_summary_by_event_name`.`COUNT_STAR` > 0)) order by (`performance_schema`.`file_summary_by_event_name`.`SUM_NUMBER_OF_BYTES_WRITE` + `performance_schema`.`file_summary_by_event_name`.`SUM_NUMBER_OF_BYTES_READ`) desc */;
/*!50001 SET character_set_client      = @saved_cs_client */;
/*!50001 SET character_set_results     = @saved_cs_results */;
/*!50001 SET collation_connection      = @saved_col_connection */;

--
-- Final view structure for view `x$io_global_by_wait_by_latency`
--

/*!50001 DROP VIEW IF EXISTS `x$io_global_by_wait_by_latency`*/;
/*!50001 SET @saved_cs_client          = @@character_set_client */;
/*!50001 SET @saved_cs_results         = @@character_set_results */;
/*!50001 SET @saved_col_connection     = @@collation_connection */;
/*!50001 SET character_set_client      = utf8mb4 */;
/*!50001 SET character_set_results     = utf8mb4 */;
/*!50001 SET collation_connection      = utf8mb4_0900_ai_ci */;
/*!50001 CREATE ALGORITHM=MERGE */
/*!50013 DEFINER=`mysql.sys`@`localhost` SQL SECURITY INVOKER */
/*!50001 VIEW `x$io_global_by_wait_by_latency` (`event_name`,`total`,`total_latency`,`avg_latency`,`max_latency`,`read_latency`,`write_latency`,`misc_latency`,`count_read`,`total_read`,`avg_read`,`count_write`,`total_written`,`avg_written`) AS select substring_index(`performance_schema`.`file_summary_by_event_name`.`EVENT_NAME`,'/',-(2)) AS `event_name`,`performance_schema`.`file_summary_by_event_name`.`COUNT_STAR` AS `total`,`performance_schema`.`file_summary_by_event_name`.`SUM_TIMER_WAIT` AS `total_latency`,`performance_schema`.`file_summary_by_event_name`.`AVG_TIMER_WAIT` AS `avg_latency`,`performance_schema`.`file_summary_by_event_name`.`MAX_TIMER_WAIT` AS `max_latency`,`performance_schema`.`file_summary_by_event_name`.`SUM_TIMER_READ` AS `read_latency`,`performance_schema`.`file_summary_by_event_name`.`SUM_TIMER_WRITE` AS `write_latency`,`performance_schema`.`file_summary_by_event_name`.`SUM_TIMER_MISC` AS `misc_latency`,`performance_schema`.`file_summary_by_event_name`.`COUNT_READ` AS `count_read`,`performance_schema`.`file_summary_by_event_name`.`SUM_NUMBER_OF_BYTES_READ` AS `total_read`,ifnull((`performance_schema`.`file_summary_by_event_name`.`SUM_NUMBER_OF_BYTES_READ` / nullif(`performance_schema`.`file_summary_by_event_name`.`COUNT_READ`,0)),0) AS `avg_read`,`performance_schema`.`file_summary_by_event_name`.`COUNT_WRITE` AS `count_write`,`performance_schema`.`file_summary_by_event_name`.`SUM_NUMBER_OF_BYTES_WRITE` AS `total_written`,ifnull((`performance_schema`.`file_summary_by_event_name`.`SUM_NUMBER_OF_BYTES_WRITE` / nullif(`performance_schema`.`file_summary_by_event_name`.`COUNT_WRITE`,0)),0) AS `avg_written` from `performance_schema`.`file_summary_by_event_name` where ((`performance_schema`.`file_summary_by_event_name`.`EVENT_NAME` like 'wait/io/file/%') and (`performance_schema`.`file_summary_by_event_name`.`COUNT_STAR` > 0)) order by `performance_schema`.`file_summary_by_event_name`.`SUM_TIMER_WAIT` desc */;
/*!50001 SET character_set_client      = @saved_cs_client */;
/*!50001 SET character_set_results     = @saved_cs_results */;
/*!50001 SET collation_connection      = @saved_col_connection */;

--
-- Final view structure for view `x$latest_file_io`
--

/*!50001 DROP VIEW IF EXISTS `x$latest_file_io`*/;
/*!50001 SET @saved_cs_client          = @@character_set_client */;
/*!50001 SET @saved_cs_results         = @@character_set_results */;
/*!50001 SET @saved_col_connection     = @@collation_connection */;
/*!50001 SET character_set_client      = utf8mb4 */;
/*!50001 SET character_set_results     = utf8mb4 */;
/*!50001 SET collation_connection      = utf8mb4_0900_ai_ci */;
/*!50001 CREATE ALGORITHM=MERGE */
/*!50013 DEFINER=`mysql.sys`@`localhost` SQL SECURITY INVOKER */
/*!50001 VIEW `x$latest_file_io` (`thread`,`file`,`latency`,`operation`,`requested`) AS select if((`information_schema`.`processlist`.`ID` is null),concat(substring_index(`performance_schema`.`threads`.`NAME`,'/',-(1)),':',`performance_schema`.`events_waits_history_long`.`THREAD_ID`),convert(concat(`information_schema`.`processlist`.`USER`,'@',`information_schema`.`processlist`.`HOST`,':',`information_schema`.`processlist`.`ID`) using utf8mb4)) AS `thread`,`performance_schema`.`events_waits_history_long`.`OBJECT_NAME` AS `file`,`performance_schema`.`events_waits_history_long`.`TIMER_WAIT` AS `latency`,`performance_schema`.`events_waits_history_long`.`OPERATION` AS `operation`,`performance_schema`.`events_waits_history_long`.`NUMBER_OF_BYTES` AS `requested` from ((`performance_schema`.`events_waits_history_long` join `performance_schema`.`threads` on((`performance_schema`.`events_waits_history_long`.`THREAD_ID` = `performance_schema`.`threads`.`THREAD_ID`))) left join `information_schema`.`PROCESSLIST` on((`performance_schema`.`threads`.`PROCESSLIST_ID` = `information_schema`.`processlist`.`ID`))) where ((`performance_schema`.`events_waits_history_long`.`OBJECT_NAME` is not null) and (`performance_schema`.`events_waits_history_long`.`EVENT_NAME` like 'wait/io/file/%')) order by `performance_schema`.`events_waits_history_long`.`TIMER_START` */;
/*!50001 SET character_set_client      = @saved_cs_client */;
/*!50001 SET character_set_results     = @saved_cs_results */;
/*!50001 SET collation_connection      = @saved_col_connection */;

--
-- Final view structure for view `x$memory_by_host_by_current_bytes`
--

/*!50001 DROP VIEW IF EXISTS `x$memory_by_host_by_current_bytes`*/;
/*!50001 SET @saved_cs_client          = @@character_set_client */;
/*!50001 SET @saved_cs_results         = @@character_set_results */;
/*!50001 SET @saved_col_connection     = @@collation_connection */;
/*!50001 SET character_set_client      = utf8mb4 */;
/*!50001 SET character_set_results     = utf8mb4 */;
/*!50001 SET collation_connection      = utf8mb4_0900_ai_ci */;
/*!50001 CREATE ALGORITHM=TEMPTABLE */
/*!50013 DEFINER=`mysql.sys`@`localhost` SQL SECURITY INVOKER */
/*!50001 VIEW `x$memory_by_host_by_current_bytes` (`host`,`current_count_used`,`current_allocated`,`current_avg_alloc`,`current_max_alloc`,`total_allocated`) AS select if((`performance_schema`.`memory_summary_by_host_by_event_name`.`HOST` is null),'background',`performance_schema`.`memory_summary_by_host_by_event_name`.`HOST`) AS `host`,sum(`performance_schema`.`memory_summary_by_host_by_event_name`.`CURRENT_COUNT_USED`) AS `current_count_used`,sum(`performance_schema`.`memory_summary_by_host_by_event_name`.`CURRENT_NUMBER_OF_BYTES_USED`) AS `current_allocated`,ifnull((sum(`performance_schema`.`memory_summary_by_host_by_event_name`.`CURRENT_NUMBER_OF_BYTES_USED`) / nullif(sum(`performance_schema`.`memory_summary_by_host_by_event_name`.`CURRENT_COUNT_USED`),0)),0) AS `current_avg_alloc`,max(`performance_schema`.`memory_summary_by_host_by_event_name`.`CURRENT_NUMBER_OF_BYTES_USED`) AS `current_max_alloc`,sum(`performance_schema`.`memory_summary_by_host_by_event_name`.`SUM_NUMBER_OF_BYTES_ALLOC`) AS `total_allocated` from `performance_schema`.`memory_summary_by_host_by_event_name` group by if((`performance_schema`.`memory_summary_by_host_by_event_name`.`HOST` is null),'background',`performance_schema`.`memory_summary_by_host_by_event_name`.`HOST`) order by sum(`performance_schema`.`memory_summary_by_host_by_event_name`.`CURRENT_NUMBER_OF_BYTES_USED`) desc */;
/*!50001 SET character_set_client      = @saved_cs_client */;
/*!50001 SET character_set_results     = @saved_cs_results */;
/*!50001 SET collation_connection      = @saved_col_connection */;

--
-- Final view structure for view `x$memory_by_thread_by_current_bytes`
--

/*!50001 DROP VIEW IF EXISTS `x$memory_by_thread_by_current_bytes`*/;
/*!50001 SET @saved_cs_client          = @@character_set_client */;
/*!50001 SET @saved_cs_results         = @@character_set_results */;
/*!50001 SET @saved_col_connection     = @@collation_connection */;
/*!50001 SET character_set_client      = utf8mb4 */;
/*!50001 SET character_set_results     = utf8mb4 */;
/*!50001 SET collation_connection      = utf8mb4_0900_ai_ci */;
/*!50001 CREATE ALGORITHM=TEMPTABLE */
/*!50013 DEFINER=`mysql.sys`@`localhost` SQL SECURITY INVOKER */
/*!50001 VIEW `x$memory_by_thread_by_current_bytes` (`thread_id`,`user`,`current_count_used`,`current_allocated`,`current_avg_alloc`,`current_max_alloc`,`total_allocated`) AS select `t`.`THREAD_ID` AS `thread_id`,if((`t`.`NAME` = 'thread/sql/one_connection'),concat(`t`.`PROCESSLIST_USER`,'@',convert(`t`.`PROCESSLIST_HOST` using utf8mb4)),replace(`t`.`NAME`,'thread/','')) AS `user`,sum(`mt`.`CURRENT_COUNT_USED`) AS `current_count_used`,sum(`mt`.`CURRENT_NUMBER_OF_BYTES_USED`) AS `current_allocated`,ifnull((sum(`mt`.`CURRENT_NUMBER_OF_BYTES_USED`) / nullif(sum(`mt`.`CURRENT_COUNT_USED`),0)),0) AS `current_avg_alloc`,max(`mt`.`CURRENT_NUMBER_OF_BYTES_USED`) AS `current_max_alloc`,sum(`mt`.`SUM_NUMBER_OF_BYTES_ALLOC`) AS `total_allocated` from (`performance_schema`.`memory_summary_by_thread_by_event_name` `mt` join `performance_schema`.`threads` `t` on((`mt`.`THREAD_ID` = `t`.`THREAD_ID`))) group by `t`.`THREAD_ID`,if((`t`.`NAME` = 'thread/sql/one_connection'),concat(`t`.`PROCESSLIST_USER`,'@',convert(`t`.`PROCESSLIST_HOST` using utf8mb4)),replace(`t`.`NAME`,'thread/','')) order by sum(`mt`.`CURRENT_NUMBER_OF_BYTES_USED`) desc */;
/*!50001 SET character_set_client      = @saved_cs_client */;
/*!50001 SET character_set_results     = @saved_cs_results */;
/*!50001 SET collation_connection      = @saved_col_connection */;

--
-- Final view structure for view `x$memory_by_user_by_current_bytes`
--

/*!50001 DROP VIEW IF EXISTS `x$memory_by_user_by_current_bytes`*/;
/*!50001 SET @saved_cs_client          = @@character_set_client */;
/*!50001 SET @saved_cs_results         = @@character_set_results */;
/*!50001 SET @saved_col_connection     = @@collation_connection */;
/*!50001 SET character_set_client      = utf8mb4 */;
/*!50001 SET character_set_results     = utf8mb4 */;
/*!50001 SET collation_connection      = utf8mb4_0900_ai_ci */;
/*!50001 CREATE ALGORITHM=TEMPTABLE */
/*!50013 DEFINER=`mysql.sys`@`localhost` SQL SECURITY INVOKER */
/*!50001 VIEW `x$memory_by_user_by_current_bytes` (`user`,`current_count_used`,`current_allocated`,`current_avg_alloc`,`current_max_alloc`,`total_allocated`) AS select if((`performance_schema`.`memory_summary_by_user_by_event_name`.`USER` is null),'background',`performance_schema`.`memory_summary_by_user_by_event_name`.`USER`) AS `user`,sum(`performance_schema`.`memory_summary_by_user_by_event_name`.`CURRENT_COUNT_USED`) AS `current_count_used`,sum(`performance_schema`.`memory_summary_by_user_by_event_name`.`CURRENT_NUMBER_OF_BYTES_USED`) AS `current_allocated`,ifnull((sum(`performance_schema`.`memory_summary_by_user_by_event_name`.`CURRENT_NUMBER_OF_BYTES_USED`) / nullif(sum(`performance_schema`.`memory_summary_by_user_by_event_name`.`CURRENT_COUNT_USED`),0)),0) AS `current_avg_alloc`,max(`performance_schema`.`memory_summary_by_user_by_event_name`.`CURRENT_NUMBER_OF_BYTES_USED`) AS `current_max_alloc`,sum(`performance_schema`.`memory_summary_by_user_by_event_name`.`SUM_NUMBER_OF_BYTES_ALLOC`) AS `total_allocated` from `performance_schema`.`memory_summary_by_user_by_event_name` group by if((`performance_schema`.`memory_summary_by_user_by_event_name`.`USER` is null),'background',`performance_schema`.`memory_summary_by_user_by_event_name`.`USER`) order by sum(`performance_schema`.`memory_summary_by_user_by_event_name`.`CURRENT_NUMBER_OF_BYTES_USED`) desc */;
/*!50001 SET character_set_client      = @saved_cs_client */;
/*!50001 SET character_set_results     = @saved_cs_results */;
/*!50001 SET collation_connection      = @saved_col_connection */;

--
-- Final view structure for view `x$memory_global_by_current_bytes`
--

/*!50001 DROP VIEW IF EXISTS `x$memory_global_by_current_bytes`*/;
/*!50001 SET @saved_cs_client          = @@character_set_client */;
/*!50001 SET @saved_cs_results         = @@character_set_results */;
/*!50001 SET @saved_col_connection     = @@collation_connection */;
/*!50001 SET character_set_client      = utf8mb4 */;
/*!50001 SET character_set_results     = utf8mb4 */;
/*!50001 SET collation_connection      = utf8mb4_0900_ai_ci */;
/*!50001 CREATE ALGORITHM=MERGE */
/*!50013 DEFINER=`mysql.sys`@`localhost` SQL SECURITY INVOKER */
/*!50001 VIEW `x$memory_global_by_current_bytes` (`event_name`,`current_count`,`current_alloc`,`current_avg_alloc`,`high_count`,`high_alloc`,`high_avg_alloc`) AS select `performance_schema`.`memory_summary_global_by_event_name`.`EVENT_NAME` AS `event_name`,`performance_schema`.`memory_summary_global_by_event_name`.`CURRENT_COUNT_USED` AS `current_count`,`performance_schema`.`memory_summary_global_by_event_name`.`CURRENT_NUMBER_OF_BYTES_USED` AS `current_alloc`,ifnull((`performance_schema`.`memory_summary_global_by_event_name`.`CURRENT_NUMBER_OF_BYTES_USED` / nullif(`performance_schema`.`memory_summary_global_by_event_name`.`CURRENT_COUNT_USED`,0)),0) AS `current_avg_alloc`,`performance_schema`.`memory_summary_global_by_event_name`.`HIGH_COUNT_USED` AS `high_count`,`performance_schema`.`memory_summary_global_by_event_name`.`HIGH_NUMBER_OF_BYTES_USED` AS `high_alloc`,ifnull((`performance_schema`.`memory_summary_global_by_event_name`.`HIGH_NUMBER_OF_BYTES_USED` / nullif(`performance_schema`.`memory_summary_global_by_event_name`.`HIGH_COUNT_USED`,0)),0) AS `high_avg_alloc` from `performance_schema`.`memory_summary_global_by_event_name` where (`performance_schema`.`memory_summary_global_by_event_name`.`CURRENT_NUMBER_OF_BYTES_USED` > 0) order by `performance_schema`.`memory_summary_global_by_event_name`.`CURRENT_NUMBER_OF_BYTES_USED` desc */;
/*!50001 SET character_set_client      = @saved_cs_client */;
/*!50001 SET character_set_results     = @saved_cs_results */;
/*!50001 SET collation_connection      = @saved_col_connection */;

--
-- Final view structure for view `x$memory_global_total`
--

/*!50001 DROP VIEW IF EXISTS `x$memory_global_total`*/;
/*!50001 SET @saved_cs_client          = @@character_set_client */;
/*!50001 SET @saved_cs_results         = @@character_set_results */;
/*!50001 SET @saved_col_connection     = @@collation_connection */;
/*!50001 SET character_set_client      = utf8mb4 */;
/*!50001 SET character_set_results     = utf8mb4 */;
/*!50001 SET collation_connection      = utf8mb4_0900_ai_ci */;
/*!50001 CREATE ALGORITHM=TEMPTABLE */
/*!50013 DEFINER=`mysql.sys`@`localhost` SQL SECURITY INVOKER */
/*!50001 VIEW `x$memory_global_total` (`total_allocated`) AS select sum(`performance_schema`.`memory_summary_global_by_event_name`.`CURRENT_NUMBER_OF_BYTES_USED`) AS `total_allocated` from `performance_schema`.`memory_summary_global_by_event_name` */;
/*!50001 SET character_set_client      = @saved_cs_client */;
/*!50001 SET character_set_results     = @saved_cs_results */;
/*!50001 SET collation_connection      = @saved_col_connection */;

--
-- Final view structure for view `x$processlist`
--

/*!50001 DROP VIEW IF EXISTS `x$processlist`*/;
/*!50001 SET @saved_cs_client          = @@character_set_client */;
/*!50001 SET @saved_cs_results         = @@character_set_results */;
/*!50001 SET @saved_col_connection     = @@collation_connection */;
/*!50001 SET character_set_client      = utf8mb4 */;
/*!50001 SET character_set_results     = utf8mb4 */;
/*!50001 SET collation_connection      = utf8mb4_0900_ai_ci */;
/*!50001 CREATE ALGORITHM=TEMPTABLE */
/*!50013 DEFINER=`mysql.sys`@`localhost` SQL SECURITY INVOKER */
/*!50001 VIEW `x$processlist` (`thd_id`,`conn_id`,`user`,`db`,`command`,`state`,`time`,`current_statement`,`statement_latency`,`progress`,`lock_latency`,`rows_examined`,`rows_sent`,`rows_affected`,`tmp_tables`,`tmp_disk_tables`,`full_scan`,`last_statement`,`last_statement_latency`,`current_memory`,`last_wait`,`last_wait_latency`,`source`,`trx_latency`,`trx_state`,`trx_autocommit`,`pid`,`program_name`) AS select `pps`.`THREAD_ID` AS `thd_id`,`pps`.`PROCESSLIST_ID` AS `conn_id`,if((`pps`.`NAME` in ('thread/sql/one_connection','thread/thread_pool/tp_one_connection')),concat(`pps`.`PROCESSLIST_USER`,'@',convert(`pps`.`PROCESSLIST_HOST` using utf8mb4)),replace(`pps`.`NAME`,'thread/','')) AS `user`,`pps`.`PROCESSLIST_DB` AS `db`,`pps`.`PROCESSLIST_COMMAND` AS `command`,`pps`.`PROCESSLIST_STATE` AS `state`,`pps`.`PROCESSLIST_TIME` AS `time`,`pps`.`PROCESSLIST_INFO` AS `current_statement`,if((`esc`.`END_EVENT_ID` is null),`esc`.`TIMER_WAIT`,NULL) AS `statement_latency`,if((`esc`.`END_EVENT_ID` is null),round((100 * (`estc`.`WORK_COMPLETED` / `estc`.`WORK_ESTIMATED`)),2),NULL) AS `progress`,`esc`.`LOCK_TIME` AS `lock_latency`,`esc`.`ROWS_EXAMINED` AS `rows_examined`,`esc`.`ROWS_SENT` AS `rows_sent`,`esc`.`ROWS_AFFECTED` AS `rows_affected`,`esc`.`CREATED_TMP_TABLES` AS `tmp_tables`,`esc`.`CREATED_TMP_DISK_TABLES` AS `tmp_disk_tables`,if(((`esc`.`NO_GOOD_INDEX_USED` > 0) or (`esc`.`NO_INDEX_USED` > 0)),'YES','NO') AS `full_scan`,if((`esc`.`END_EVENT_ID` is not null),`esc`.`SQL_TEXT`,NULL) AS `last_statement`,if((`esc`.`END_EVENT_ID` is not null),`esc`.`TIMER_WAIT`,NULL) AS `last_statement_latency`,`mem`.`current_allocated` AS `current_memory`,`ewc`.`EVENT_NAME` AS `last_wait`,if(((`ewc`.`END_EVENT_ID` is null) and (`ewc`.`EVENT_NAME` is not null)),'Still Waiting',`ewc`.`TIMER_WAIT`) AS `last_wait_latency`,`ewc`.`SOURCE` AS `source`,`etc`.`TIMER_WAIT` AS `trx_latency`,`etc`.`STATE` AS `trx_state`,`etc`.`AUTOCOMMIT` AS `trx_autocommit`,`conattr_pid`.`ATTR_VALUE` AS `pid`,`conattr_progname`.`ATTR_VALUE` AS `program_name` from (((((((`performance_schema`.`threads` `pps` left join `performance_schema`.`events_waits_current` `ewc` on((`pps`.`THREAD_ID` = `ewc`.`THREAD_ID`))) left join `performance_schema`.`events_stages_current` `estc` on((`pps`.`THREAD_ID` = `estc`.`THREAD_ID`))) left join `performance_schema`.`events_statements_current` `esc` on((`pps`.`THREAD_ID` = `esc`.`THREAD_ID`))) left join `performance_schema`.`events_transactions_current` `etc` on((`pps`.`THREAD_ID` = `etc`.`THREAD_ID`))) left join `x$memory_by_thread_by_current_bytes` `mem` on((`pps`.`THREAD_ID` = `mem`.`thread_id`))) left join `performance_schema`.`session_connect_attrs` `conattr_pid` on(((`conattr_pid`.`PROCESSLIST_ID` = `pps`.`PROCESSLIST_ID`) and (`conattr_pid`.`ATTR_NAME` = '_pid')))) left join `performance_schema`.`session_connect_attrs` `conattr_progname` on(((`conattr_progname`.`PROCESSLIST_ID` = `pps`.`PROCESSLIST_ID`) and (`conattr_progname`.`ATTR_NAME` = 'program_name')))) order by `pps`.`PROCESSLIST_TIME` desc,`last_wait_latency` desc */;
/*!50001 SET character_set_client      = @saved_cs_client */;
/*!50001 SET character_set_results     = @saved_cs_results */;
/*!50001 SET collation_connection      = @saved_col_connection */;

--
-- Final view structure for view `x$ps_digest_95th_percentile_by_avg_us`
--

/*!50001 DROP VIEW IF EXISTS `x$ps_digest_95th_percentile_by_avg_us`*/;
/*!50001 SET @saved_cs_client          = @@character_set_client */;
/*!50001 SET @saved_cs_results         = @@character_set_results */;
/*!50001 SET @saved_col_connection     = @@collation_connection */;
/*!50001 SET character_set_client      = utf8mb4 */;
/*!50001 SET character_set_results     = utf8mb4 */;
/*!50001 SET collation_connection      = utf8mb4_0900_ai_ci */;
/*!50001 CREATE ALGORITHM=TEMPTABLE */
/*!50013 DEFINER=`mysql.sys`@`localhost` SQL SECURITY INVOKER */
/*!50001 VIEW `x$ps_digest_95th_percentile_by_avg_us` (`avg_us`,`percentile`) AS select `s2`.`avg_us` AS `avg_us`,ifnull((sum(`s1`.`cnt`) / nullif((select count(0) from `performance_schema`.`events_statements_summary_by_digest`),0)),0) AS `percentile` from (`x$ps_digest_avg_latency_distribution` `s1` join `x$ps_digest_avg_latency_distribution` `s2` on((`s1`.`avg_us` <= `s2`.`avg_us`))) group by `s2`.`avg_us` having (ifnull((sum(`s1`.`cnt`) / nullif((select count(0) from `performance_schema`.`events_statements_summary_by_digest`),0)),0) > 0.95) order by `percentile` limit 1 */;
/*!50001 SET character_set_client      = @saved_cs_client */;
/*!50001 SET character_set_results     = @saved_cs_results */;
/*!50001 SET collation_connection      = @saved_col_connection */;

--
-- Final view structure for view `x$ps_digest_avg_latency_distribution`
--

/*!50001 DROP VIEW IF EXISTS `x$ps_digest_avg_latency_distribution`*/;
/*!50001 SET @saved_cs_client          = @@character_set_client */;
/*!50001 SET @saved_cs_results         = @@character_set_results */;
/*!50001 SET @saved_col_connection     = @@collation_connection */;
/*!50001 SET character_set_client      = utf8mb4 */;
/*!50001 SET character_set_results     = utf8mb4 */;
/*!50001 SET collation_connection      = utf8mb4_0900_ai_ci */;
/*!50001 CREATE ALGORITHM=TEMPTABLE */
/*!50013 DEFINER=`mysql.sys`@`localhost` SQL SECURITY INVOKER */
/*!50001 VIEW `x$ps_digest_avg_latency_distribution` (`cnt`,`avg_us`) AS select count(0) AS `cnt`,round((`performance_schema`.`events_statements_summary_by_digest`.`AVG_TIMER_WAIT` / 1000000),0) AS `avg_us` from `performance_schema`.`events_statements_summary_by_digest` group by `avg_us` */;
/*!50001 SET character_set_client      = @saved_cs_client */;
/*!50001 SET character_set_results     = @saved_cs_results */;
/*!50001 SET collation_connection      = @saved_col_connection */;

--
-- Final view structure for view `x$ps_schema_table_statistics_io`
--

/*!50001 DROP VIEW IF EXISTS `x$ps_schema_table_statistics_io`*/;
/*!50001 SET @saved_cs_client          = @@character_set_client */;
/*!50001 SET @saved_cs_results         = @@character_set_results */;
/*!50001 SET @saved_col_connection     = @@collation_connection */;
/*!50001 SET character_set_client      = utf8mb4 */;
/*!50001 SET character_set_results     = utf8mb4 */;
/*!50001 SET collation_connection      = utf8mb4_0900_ai_ci */;
/*!50001 CREATE ALGORITHM=TEMPTABLE */
/*!50013 DEFINER=`mysql.sys`@`localhost` SQL SECURITY INVOKER */
/*!50001 VIEW `x$ps_schema_table_statistics_io` (`table_schema`,`table_name`,`count_read`,`sum_number_of_bytes_read`,`sum_timer_read`,`count_write`,`sum_number_of_bytes_write`,`sum_timer_write`,`count_misc`,`sum_timer_misc`) AS select `extract_schema_from_file_name`(`performance_schema`.`file_summary_by_instance`.`FILE_NAME`) AS `table_schema`,`extract_table_from_file_name`(`performance_schema`.`file_summary_by_instance`.`FILE_NAME`) AS `table_name`,sum(`performance_schema`.`file_summary_by_instance`.`COUNT_READ`) AS `count_read`,sum(`performance_schema`.`file_summary_by_instance`.`SUM_NUMBER_OF_BYTES_READ`) AS `sum_number_of_bytes_read`,sum(`performance_schema`.`file_summary_by_instance`.`SUM_TIMER_READ`) AS `sum_timer_read`,sum(`performance_schema`.`file_summary_by_instance`.`COUNT_WRITE`) AS `count_write`,sum(`performance_schema`.`file_summary_by_instance`.`SUM_NUMBER_OF_BYTES_WRITE`) AS `sum_number_of_bytes_write`,sum(`performance_schema`.`file_summary_by_instance`.`SUM_TIMER_WRITE`) AS `sum_timer_write`,sum(`performance_schema`.`file_summary_by_instance`.`COUNT_MISC`) AS `count_misc`,sum(`performance_schema`.`file_summary_by_instance`.`SUM_TIMER_MISC`) AS `sum_timer_misc` from `performance_schema`.`file_summary_by_instance` group by `table_schema`,`table_name` */;
/*!50001 SET character_set_client      = @saved_cs_client */;
/*!50001 SET character_set_results     = @saved_cs_results */;
/*!50001 SET collation_connection      = @saved_col_connection */;

--
-- Final view structure for view `x$schema_flattened_keys`
--

/*!50001 DROP VIEW IF EXISTS `x$schema_flattened_keys`*/;
/*!50001 SET @saved_cs_client          = @@character_set_client */;
/*!50001 SET @saved_cs_results         = @@character_set_results */;
/*!50001 SET @saved_col_connection     = @@collation_connection */;
/*!50001 SET character_set_client      = utf8mb4 */;
/*!50001 SET character_set_results     = utf8mb4 */;
/*!50001 SET collation_connection      = utf8mb4_0900_ai_ci */;
/*!50001 CREATE ALGORITHM=TEMPTABLE */
/*!50013 DEFINER=`mysql.sys`@`localhost` SQL SECURITY INVOKER */
/*!50001 VIEW `x$schema_flattened_keys` (`table_schema`,`table_name`,`index_name`,`non_unique`,`subpart_exists`,`index_columns`) AS select `statistics`.`TABLE_SCHEMA` AS `TABLE_SCHEMA`,`statistics`.`TABLE_NAME` AS `TABLE_NAME`,`statistics`.`INDEX_NAME` AS `INDEX_NAME`,max(`statistics`.`NON_UNIQUE`) AS `non_unique`,max(if((`statistics`.`SUB_PART` is null),0,1)) AS `subpart_exists`,group_concat(`statistics`.`COLUMN_NAME` order by `statistics`.`SEQ_IN_INDEX` ASC separator ',') AS `index_columns` from `information_schema`.`STATISTICS` where ((`statistics`.`INDEX_TYPE` = 'BTREE') and (`statistics`.`TABLE_SCHEMA` not in ('mysql','sys','INFORMATION_SCHEMA','PERFORMANCE_SCHEMA'))) group by `statistics`.`TABLE_SCHEMA`,`statistics`.`TABLE_NAME`,`statistics`.`INDEX_NAME` */;
/*!50001 SET character_set_client      = @saved_cs_client */;
/*!50001 SET character_set_results     = @saved_cs_results */;
/*!50001 SET collation_connection      = @saved_col_connection */;

--
-- Final view structure for view `x$schema_index_statistics`
--

/*!50001 DROP VIEW IF EXISTS `x$schema_index_statistics`*/;
/*!50001 SET @saved_cs_client          = @@character_set_client */;
/*!50001 SET @saved_cs_results         = @@character_set_results */;
/*!50001 SET @saved_col_connection     = @@collation_connection */;
/*!50001 SET character_set_client      = utf8mb4 */;
/*!50001 SET character_set_results     = utf8mb4 */;
/*!50001 SET collation_connection      = utf8mb4_0900_ai_ci */;
/*!50001 CREATE ALGORITHM=MERGE */
/*!50013 DEFINER=`mysql.sys`@`localhost` SQL SECURITY INVOKER */
/*!50001 VIEW `x$schema_index_statistics` (`table_schema`,`table_name`,`index_name`,`rows_selected`,`select_latency`,`rows_inserted`,`insert_latency`,`rows_updated`,`update_latency`,`rows_deleted`,`delete_latency`) AS select `performance_schema`.`table_io_waits_summary_by_index_usage`.`OBJECT_SCHEMA` AS `table_schema`,`performance_schema`.`table_io_waits_summary_by_index_usage`.`OBJECT_NAME` AS `table_name`,`performance_schema`.`table_io_waits_summary_by_index_usage`.`INDEX_NAME` AS `index_name`,`performance_schema`.`table_io_waits_summary_by_index_usage`.`COUNT_FETCH` AS `rows_selected`,`performance_schema`.`table_io_waits_summary_by_index_usage`.`SUM_TIMER_FETCH` AS `select_latency`,`performance_schema`.`table_io_waits_summary_by_index_usage`.`COUNT_INSERT` AS `rows_inserted`,`performance_schema`.`table_io_waits_summary_by_index_usage`.`SUM_TIMER_INSERT` AS `insert_latency`,`performance_schema`.`table_io_waits_summary_by_index_usage`.`COUNT_UPDATE` AS `rows_updated`,`performance_schema`.`table_io_waits_summary_by_index_usage`.`SUM_TIMER_UPDATE` AS `update_latency`,`performance_schema`.`table_io_waits_summary_by_index_usage`.`COUNT_DELETE` AS `rows_deleted`,`performance_schema`.`table_io_waits_summary_by_index_usage`.`SUM_TIMER_DELETE` AS `delete_latency` from `performance_schema`.`table_io_waits_summary_by_index_usage` where (`performance_schema`.`table_io_waits_summary_by_index_usage`.`INDEX_NAME` is not null) order by `performance_schema`.`table_io_waits_summary_by_index_usage`.`SUM_TIMER_WAIT` desc */;
/*!50001 SET character_set_client      = @saved_cs_client */;
/*!50001 SET character_set_results     = @saved_cs_results */;
/*!50001 SET collation_connection      = @saved_col_connection */;

--
-- Final view structure for view `x$schema_table_lock_waits`
--

/*!50001 DROP VIEW IF EXISTS `x$schema_table_lock_waits`*/;
/*!50001 SET @saved_cs_client          = @@character_set_client */;
/*!50001 SET @saved_cs_results         = @@character_set_results */;
/*!50001 SET @saved_col_connection     = @@collation_connection */;
/*!50001 SET character_set_client      = utf8mb4 */;
/*!50001 SET character_set_results     = utf8mb4 */;
/*!50001 SET collation_connection      = utf8mb4_0900_ai_ci */;
/*!50001 CREATE ALGORITHM=TEMPTABLE */
/*!50013 DEFINER=`mysql.sys`@`localhost` SQL SECURITY INVOKER */
/*!50001 VIEW `x$schema_table_lock_waits` (`object_schema`,`object_name`,`waiting_thread_id`,`waiting_pid`,`waiting_account`,`waiting_lock_type`,`waiting_lock_duration`,`waiting_query`,`waiting_query_secs`,`waiting_query_rows_affected`,`waiting_query_rows_examined`,`blocking_thread_id`,`blocking_pid`,`blocking_account`,`blocking_lock_type`,`blocking_lock_duration`,`sql_kill_blocking_query`,`sql_kill_blocking_connection`) AS select `g`.`OBJECT_SCHEMA` AS `object_schema`,`g`.`OBJECT_NAME` AS `object_name`,`pt`.`THREAD_ID` AS `waiting_thread_id`,`pt`.`PROCESSLIST_ID` AS `waiting_pid`,`sys`.`ps_thread_account`(`p`.`OWNER_THREAD_ID`) AS `waiting_account`,`p`.`LOCK_TYPE` AS `waiting_lock_type`,`p`.`LOCK_DURATION` AS `waiting_lock_duration`,`pt`.`PROCESSLIST_INFO` AS `waiting_query`,`pt`.`PROCESSLIST_TIME` AS `waiting_query_secs`,`ps`.`ROWS_AFFECTED` AS `waiting_query_rows_affected`,`ps`.`ROWS_EXAMINED` AS `waiting_query_rows_examined`,`gt`.`THREAD_ID` AS `blocking_thread_id`,`gt`.`PROCESSLIST_ID` AS `blocking_pid`,`sys`.`ps_thread_account`(`g`.`OWNER_THREAD_ID`) AS `blocking_account`,`g`.`LOCK_TYPE` AS `blocking_lock_type`,`g`.`LOCK_DURATION` AS `blocking_lock_duration`,concat('KILL QUERY ',`gt`.`PROCESSLIST_ID`) AS `sql_kill_blocking_query`,concat('KILL ',`gt`.`PROCESSLIST_ID`) AS `sql_kill_blocking_connection` from (((((`performance_schema`.`metadata_locks` `g` join `performance_schema`.`metadata_locks` `p` on(((`g`.`OBJECT_TYPE` = `p`.`OBJECT_TYPE`) and (`g`.`OBJECT_SCHEMA` = `p`.`OBJECT_SCHEMA`) and (`g`.`OBJECT_NAME` = `p`.`OBJECT_NAME`) and (`g`.`LOCK_STATUS` = 'GRANTED') and (`p`.`LOCK_STATUS` = 'PENDING')))) join `performance_schema`.`threads` `gt` on((`g`.`OWNER_THREAD_ID` = `gt`.`THREAD_ID`))) join `performance_schema`.`threads` `pt` on((`p`.`OWNER_THREAD_ID` = `pt`.`THREAD_ID`))) left join `performance_schema`.`events_statements_current` `gs` on((`g`.`OWNER_THREAD_ID` = `gs`.`THREAD_ID`))) left join `performance_schema`.`events_statements_current` `ps` on((`p`.`OWNER_THREAD_ID` = `ps`.`THREAD_ID`))) where (`g`.`OBJECT_TYPE` = 'TABLE') */;
/*!50001 SET character_set_client      = @saved_cs_client */;
/*!50001 SET character_set_results     = @saved_cs_results */;
/*!50001 SET collation_connection      = @saved_col_connection */;

--
-- Final view structure for view `x$schema_table_statistics`
--

/*!50001 DROP VIEW IF EXISTS `x$schema_table_statistics`*/;
/*!50001 SET @saved_cs_client          = @@character_set_client */;
/*!50001 SET @saved_cs_results         = @@character_set_results */;
/*!50001 SET @saved_col_connection     = @@collation_connection */;
/*!50001 SET character_set_client      = utf8mb4 */;
/*!50001 SET character_set_results     = utf8mb4 */;
/*!50001 SET collation_connection      = utf8mb4_0900_ai_ci */;
/*!50001 CREATE ALGORITHM=TEMPTABLE */
/*!50013 DEFINER=`mysql.sys`@`localhost` SQL SECURITY INVOKER */
/*!50001 VIEW `x$schema_table_statistics` (`table_schema`,`table_name`,`total_latency`,`rows_fetched`,`fetch_latency`,`rows_inserted`,`insert_latency`,`rows_updated`,`update_latency`,`rows_deleted`,`delete_latency`,`io_read_requests`,`io_read`,`io_read_latency`,`io_write_requests`,`io_write`,`io_write_latency`,`io_misc_requests`,`io_misc_latency`) AS select `pst`.`OBJECT_SCHEMA` AS `table_schema`,`pst`.`OBJECT_NAME` AS `table_name`,`pst`.`SUM_TIMER_WAIT` AS `total_latency`,`pst`.`COUNT_FETCH` AS `rows_fetched`,`pst`.`SUM_TIMER_FETCH` AS `fetch_latency`,`pst`.`COUNT_INSERT` AS `rows_inserted`,`pst`.`SUM_TIMER_INSERT` AS `insert_latency`,`pst`.`COUNT_UPDATE` AS `rows_updated`,`pst`.`SUM_TIMER_UPDATE` AS `update_latency`,`pst`.`COUNT_DELETE` AS `rows_deleted`,`pst`.`SUM_TIMER_DELETE` AS `delete_latency`,`fsbi`.`count_read` AS `io_read_requests`,`fsbi`.`sum_number_of_bytes_read` AS `io_read`,`fsbi`.`sum_timer_read` AS `io_read_latency`,`fsbi`.`count_write` AS `io_write_requests`,`fsbi`.`sum_number_of_bytes_write` AS `io_write`,`fsbi`.`sum_timer_write` AS `io_write_latency`,`fsbi`.`count_misc` AS `io_misc_requests`,`fsbi`.`sum_timer_misc` AS `io_misc_latency` from (`performance_schema`.`table_io_waits_summary_by_table` `pst` left join `x$ps_schema_table_statistics_io` `fsbi` on(((`pst`.`OBJECT_SCHEMA` = `fsbi`.`table_schema`) and (`pst`.`OBJECT_NAME` = `fsbi`.`table_name`)))) order by `pst`.`SUM_TIMER_WAIT` desc */;
/*!50001 SET character_set_client      = @saved_cs_client */;
/*!50001 SET character_set_results     = @saved_cs_results */;
/*!50001 SET collation_connection      = @saved_col_connection */;

--
-- Final view structure for view `x$schema_table_statistics_with_buffer`
--

/*!50001 DROP VIEW IF EXISTS `x$schema_table_statistics_with_buffer`*/;
/*!50001 SET @saved_cs_client          = @@character_set_client */;
/*!50001 SET @saved_cs_results         = @@character_set_results */;
/*!50001 SET @saved_col_connection     = @@collation_connection */;
/*!50001 SET character_set_client      = utf8mb4 */;
/*!50001 SET character_set_results     = utf8mb4 */;
/*!50001 SET collation_connection      = utf8mb4_0900_ai_ci */;
/*!50001 CREATE ALGORITHM=TEMPTABLE */
/*!50013 DEFINER=`mysql.sys`@`localhost` SQL SECURITY INVOKER */
/*!50001 VIEW `x$schema_table_statistics_with_buffer` (`table_schema`,`table_name`,`rows_fetched`,`fetch_latency`,`rows_inserted`,`insert_latency`,`rows_updated`,`update_latency`,`rows_deleted`,`delete_latency`,`io_read_requests`,`io_read`,`io_read_latency`,`io_write_requests`,`io_write`,`io_write_latency`,`io_misc_requests`,`io_misc_latency`,`innodb_buffer_allocated`,`innodb_buffer_data`,`innodb_buffer_free`,`innodb_buffer_pages`,`innodb_buffer_pages_hashed`,`innodb_buffer_pages_old`,`innodb_buffer_rows_cached`) AS select `pst`.`OBJECT_SCHEMA` AS `table_schema`,`pst`.`OBJECT_NAME` AS `table_name`,`pst`.`COUNT_FETCH` AS `rows_fetched`,`pst`.`SUM_TIMER_FETCH` AS `fetch_latency`,`pst`.`COUNT_INSERT` AS `rows_inserted`,`pst`.`SUM_TIMER_INSERT` AS `insert_latency`,`pst`.`COUNT_UPDATE` AS `rows_updated`,`pst`.`SUM_TIMER_UPDATE` AS `update_latency`,`pst`.`COUNT_DELETE` AS `rows_deleted`,`pst`.`SUM_TIMER_DELETE` AS `delete_latency`,`fsbi`.`count_read` AS `io_read_requests`,`fsbi`.`sum_number_of_bytes_read` AS `io_read`,`fsbi`.`sum_timer_read` AS `io_read_latency`,`fsbi`.`count_write` AS `io_write_requests`,`fsbi`.`sum_number_of_bytes_write` AS `io_write`,`fsbi`.`sum_timer_write` AS `io_write_latency`,`fsbi`.`count_misc` AS `io_misc_requests`,`fsbi`.`sum_timer_misc` AS `io_misc_latency`,`ibp`.`allocated` AS `innodb_buffer_allocated`,`ibp`.`data` AS `innodb_buffer_data`,(`ibp`.`allocated` - `ibp`.`data`) AS `innodb_buffer_free`,`ibp`.`pages` AS `innodb_buffer_pages`,`ibp`.`pages_hashed` AS `innodb_buffer_pages_hashed`,`ibp`.`pages_old` AS `innodb_buffer_pages_old`,`ibp`.`rows_cached` AS `innodb_buffer_rows_cached` from ((`performance_schema`.`table_io_waits_summary_by_table` `pst` left join `x$ps_schema_table_statistics_io` `fsbi` on(((`pst`.`OBJECT_SCHEMA` = `fsbi`.`table_schema`) and (`pst`.`OBJECT_NAME` = `fsbi`.`table_name`)))) left join `x$innodb_buffer_stats_by_table` `ibp` on(((`pst`.`OBJECT_SCHEMA` = convert(`ibp`.`object_schema` using utf8mb4)) and (`pst`.`OBJECT_NAME` = convert(`ibp`.`object_name` using utf8mb4))))) order by `pst`.`SUM_TIMER_WAIT` desc */;
/*!50001 SET character_set_client      = @saved_cs_client */;
/*!50001 SET character_set_results     = @saved_cs_results */;
/*!50001 SET collation_connection      = @saved_col_connection */;

--
-- Final view structure for view `x$schema_tables_with_full_table_scans`
--

/*!50001 DROP VIEW IF EXISTS `x$schema_tables_with_full_table_scans`*/;
/*!50001 SET @saved_cs_client          = @@character_set_client */;
/*!50001 SET @saved_cs_results         = @@character_set_results */;
/*!50001 SET @saved_col_connection     = @@collation_connection */;
/*!50001 SET character_set_client      = utf8mb4 */;
/*!50001 SET character_set_results     = utf8mb4 */;
/*!50001 SET collation_connection      = utf8mb4_0900_ai_ci */;
/*!50001 CREATE ALGORITHM=MERGE */
/*!50013 DEFINER=`mysql.sys`@`localhost` SQL SECURITY INVOKER */
/*!50001 VIEW `x$schema_tables_with_full_table_scans` (`object_schema`,`object_name`,`rows_full_scanned`,`latency`) AS select `performance_schema`.`table_io_waits_summary_by_index_usage`.`OBJECT_SCHEMA` AS `object_schema`,`performance_schema`.`table_io_waits_summary_by_index_usage`.`OBJECT_NAME` AS `object_name`,`performance_schema`.`table_io_waits_summary_by_index_usage`.`COUNT_READ` AS `rows_full_scanned`,`performance_schema`.`table_io_waits_summary_by_index_usage`.`SUM_TIMER_WAIT` AS `latency` from `performance_schema`.`table_io_waits_summary_by_index_usage` where ((`performance_schema`.`table_io_waits_summary_by_index_usage`.`INDEX_NAME` is null) and (`performance_schema`.`table_io_waits_summary_by_index_usage`.`COUNT_READ` > 0)) order by `performance_schema`.`table_io_waits_summary_by_index_usage`.`COUNT_READ` desc */;
/*!50001 SET character_set_client      = @saved_cs_client */;
/*!50001 SET character_set_results     = @saved_cs_results */;
/*!50001 SET collation_connection      = @saved_col_connection */;

--
-- Final view structure for view `x$session`
--

/*!50001 DROP VIEW IF EXISTS `x$session`*/;
/*!50001 SET @saved_cs_client          = @@character_set_client */;
/*!50001 SET @saved_cs_results         = @@character_set_results */;
/*!50001 SET @saved_col_connection     = @@collation_connection */;
/*!50001 SET character_set_client      = utf8mb4 */;
/*!50001 SET character_set_results     = utf8mb4 */;
/*!50001 SET collation_connection      = utf8mb4_0900_ai_ci */;
/*!50001 CREATE ALGORITHM=UNDEFINED */
/*!50013 DEFINER=`mysql.sys`@`localhost` SQL SECURITY INVOKER */
/*!50001 VIEW `x$session` AS select `x$processlist`.`thd_id` AS `thd_id`,`x$processlist`.`conn_id` AS `conn_id`,`x$processlist`.`user` AS `user`,`x$processlist`.`db` AS `db`,`x$processlist`.`command` AS `command`,`x$processlist`.`state` AS `state`,`x$processlist`.`time` AS `time`,`x$processlist`.`current_statement` AS `current_statement`,`x$processlist`.`statement_latency` AS `statement_latency`,`x$processlist`.`progress` AS `progress`,`x$processlist`.`lock_latency` AS `lock_latency`,`x$processlist`.`rows_examined` AS `rows_examined`,`x$processlist`.`rows_sent` AS `rows_sent`,`x$processlist`.`rows_affected` AS `rows_affected`,`x$processlist`.`tmp_tables` AS `tmp_tables`,`x$processlist`.`tmp_disk_tables` AS `tmp_disk_tables`,`x$processlist`.`full_scan` AS `full_scan`,`x$processlist`.`last_statement` AS `last_statement`,`x$processlist`.`last_statement_latency` AS `last_statement_latency`,`x$processlist`.`current_memory` AS `current_memory`,`x$processlist`.`last_wait` AS `last_wait`,`x$processlist`.`last_wait_latency` AS `last_wait_latency`,`x$processlist`.`source` AS `source`,`x$processlist`.`trx_latency` AS `trx_latency`,`x$processlist`.`trx_state` AS `trx_state`,`x$processlist`.`trx_autocommit` AS `trx_autocommit`,`x$processlist`.`pid` AS `pid`,`x$processlist`.`program_name` AS `program_name` from `x$processlist` where ((`x$processlist`.`conn_id` is not null) and (`x$processlist`.`command` <> 'Daemon')) */;
/*!50001 SET character_set_client      = @saved_cs_client */;
/*!50001 SET character_set_results     = @saved_cs_results */;
/*!50001 SET collation_connection      = @saved_col_connection */;

--
-- Final view structure for view `x$statement_analysis`
--

/*!50001 DROP VIEW IF EXISTS `x$statement_analysis`*/;
/*!50001 SET @saved_cs_client          = @@character_set_client */;
/*!50001 SET @saved_cs_results         = @@character_set_results */;
/*!50001 SET @saved_col_connection     = @@collation_connection */;
/*!50001 SET character_set_client      = utf8mb4 */;
/*!50001 SET character_set_results     = utf8mb4 */;
/*!50001 SET collation_connection      = utf8mb4_0900_ai_ci */;
/*!50001 CREATE ALGORITHM=MERGE */
/*!50013 DEFINER=`mysql.sys`@`localhost` SQL SECURITY INVOKER */
/*!50001 VIEW `x$statement_analysis` (`query`,`db`,`full_scan`,`exec_count`,`err_count`,`warn_count`,`total_latency`,`max_latency`,`avg_latency`,`lock_latency`,`rows_sent`,`rows_sent_avg`,`rows_examined`,`rows_examined_avg`,`rows_affected`,`rows_affected_avg`,`tmp_tables`,`tmp_disk_tables`,`rows_sorted`,`sort_merge_passes`,`digest`,`first_seen`,`last_seen`) AS select `performance_schema`.`events_statements_summary_by_digest`.`DIGEST_TEXT` AS `query`,`performance_schema`.`events_statements_summary_by_digest`.`SCHEMA_NAME` AS `db`,if(((`performance_schema`.`events_statements_summary_by_digest`.`SUM_NO_GOOD_INDEX_USED` > 0) or (`performance_schema`.`events_statements_summary_by_digest`.`SUM_NO_INDEX_USED` > 0)),'*','') AS `full_scan`,`performance_schema`.`events_statements_summary_by_digest`.`COUNT_STAR` AS `exec_count`,`performance_schema`.`events_statements_summary_by_digest`.`SUM_ERRORS` AS `err_count`,`performance_schema`.`events_statements_summary_by_digest`.`SUM_WARNINGS` AS `warn_count`,`performance_schema`.`events_statements_summary_by_digest`.`SUM_TIMER_WAIT` AS `total_latency`,`performance_schema`.`events_statements_summary_by_digest`.`MAX_TIMER_WAIT` AS `max_latency`,`performance_schema`.`events_statements_summary_by_digest`.`AVG_TIMER_WAIT` AS `avg_latency`,`performance_schema`.`events_statements_summary_by_digest`.`SUM_LOCK_TIME` AS `lock_latency`,`performance_schema`.`events_statements_summary_by_digest`.`SUM_ROWS_SENT` AS `rows_sent`,round(ifnull((`performance_schema`.`events_statements_summary_by_digest`.`SUM_ROWS_SENT` / nullif(`performance_schema`.`events_statements_summary_by_digest`.`COUNT_STAR`,0)),0),0) AS `rows_sent_avg`,`performance_schema`.`events_statements_summary_by_digest`.`SUM_ROWS_EXAMINED` AS `rows_examined`,round(ifnull((`performance_schema`.`events_statements_summary_by_digest`.`SUM_ROWS_EXAMINED` / nullif(`performance_schema`.`events_statements_summary_by_digest`.`COUNT_STAR`,0)),0),0) AS `rows_examined_avg`,`performance_schema`.`events_statements_summary_by_digest`.`SUM_ROWS_AFFECTED` AS `rows_affected`,round(ifnull((`performance_schema`.`events_statements_summary_by_digest`.`SUM_ROWS_AFFECTED` / nullif(`performance_schema`.`events_statements_summary_by_digest`.`COUNT_STAR`,0)),0),0) AS `rows_affected_avg`,`performance_schema`.`events_statements_summary_by_digest`.`SUM_CREATED_TMP_TABLES` AS `tmp_tables`,`performance_schema`.`events_statements_summary_by_digest`.`SUM_CREATED_TMP_DISK_TABLES` AS `tmp_disk_tables`,`performance_schema`.`events_statements_summary_by_digest`.`SUM_SORT_ROWS` AS `rows_sorted`,`performance_schema`.`events_statements_summary_by_digest`.`SUM_SORT_MERGE_PASSES` AS `sort_merge_passes`,`performance_schema`.`events_statements_summary_by_digest`.`DIGEST` AS `digest`,`performance_schema`.`events_statements_summary_by_digest`.`FIRST_SEEN` AS `first_seen`,`performance_schema`.`events_statements_summary_by_digest`.`LAST_SEEN` AS `last_seen` from `performance_schema`.`events_statements_summary_by_digest` order by `performance_schema`.`events_statements_summary_by_digest`.`SUM_TIMER_WAIT` desc */;
/*!50001 SET character_set_client      = @saved_cs_client */;
/*!50001 SET character_set_results     = @saved_cs_results */;
/*!50001 SET collation_connection      = @saved_col_connection */;

--
-- Final view structure for view `x$statements_with_errors_or_warnings`
--

/*!50001 DROP VIEW IF EXISTS `x$statements_with_errors_or_warnings`*/;
/*!50001 SET @saved_cs_client          = @@character_set_client */;
/*!50001 SET @saved_cs_results         = @@character_set_results */;
/*!50001 SET @saved_col_connection     = @@collation_connection */;
/*!50001 SET character_set_client      = utf8mb4 */;
/*!50001 SET character_set_results     = utf8mb4 */;
/*!50001 SET collation_connection      = utf8mb4_0900_ai_ci */;
/*!50001 CREATE ALGORITHM=MERGE */
/*!50013 DEFINER=`mysql.sys`@`localhost` SQL SECURITY INVOKER */
/*!50001 VIEW `x$statements_with_errors_or_warnings` (`query`,`db`,`exec_count`,`errors`,`error_pct`,`warnings`,`warning_pct`,`first_seen`,`last_seen`,`digest`) AS select `performance_schema`.`events_statements_summary_by_digest`.`DIGEST_TEXT` AS `query`,`performance_schema`.`events_statements_summary_by_digest`.`SCHEMA_NAME` AS `db`,`performance_schema`.`events_statements_summary_by_digest`.`COUNT_STAR` AS `exec_count`,`performance_schema`.`events_statements_summary_by_digest`.`SUM_ERRORS` AS `errors`,(ifnull((`performance_schema`.`events_statements_summary_by_digest`.`SUM_ERRORS` / nullif(`performance_schema`.`events_statements_summary_by_digest`.`COUNT_STAR`,0)),0) * 100) AS `error_pct`,`performance_schema`.`events_statements_summary_by_digest`.`SUM_WARNINGS` AS `warnings`,(ifnull((`performance_schema`.`events_statements_summary_by_digest`.`SUM_WARNINGS` / nullif(`performance_schema`.`events_statements_summary_by_digest`.`COUNT_STAR`,0)),0) * 100) AS `warning_pct`,`performance_schema`.`events_statements_summary_by_digest`.`FIRST_SEEN` AS `first_seen`,`performance_schema`.`events_statements_summary_by_digest`.`LAST_SEEN` AS `last_seen`,`performance_schema`.`events_statements_summary_by_digest`.`DIGEST` AS `digest` from `performance_schema`.`events_statements_summary_by_digest` where ((`performance_schema`.`events_statements_summary_by_digest`.`SUM_ERRORS` > 0) or (`performance_schema`.`events_statements_summary_by_digest`.`SUM_WARNINGS` > 0)) order by `performance_schema`.`events_statements_summary_by_digest`.`SUM_ERRORS` desc,`performance_schema`.`events_statements_summary_by_digest`.`SUM_WARNINGS` desc */;
/*!50001 SET character_set_client      = @saved_cs_client */;
/*!50001 SET character_set_results     = @saved_cs_results */;
/*!50001 SET collation_connection      = @saved_col_connection */;

--
-- Final view structure for view `x$statements_with_full_table_scans`
--

/*!50001 DROP VIEW IF EXISTS `x$statements_with_full_table_scans`*/;
/*!50001 SET @saved_cs_client          = @@character_set_client */;
/*!50001 SET @saved_cs_results         = @@character_set_results */;
/*!50001 SET @saved_col_connection     = @@collation_connection */;
/*!50001 SET character_set_client      = utf8mb4 */;
/*!50001 SET character_set_results     = utf8mb4 */;
/*!50001 SET collation_connection      = utf8mb4_0900_ai_ci */;
/*!50001 CREATE ALGORITHM=MERGE */
/*!50013 DEFINER=`mysql.sys`@`localhost` SQL SECURITY INVOKER */
/*!50001 VIEW `x$statements_with_full_table_scans` (`query`,`db`,`exec_count`,`total_latency`,`no_index_used_count`,`no_good_index_used_count`,`no_index_used_pct`,`rows_sent`,`rows_examined`,`rows_sent_avg`,`rows_examined_avg`,`first_seen`,`last_seen`,`digest`) AS select `performance_schema`.`events_statements_summary_by_digest`.`DIGEST_TEXT` AS `query`,`performance_schema`.`events_statements_summary_by_digest`.`SCHEMA_NAME` AS `db`,`performance_schema`.`events_statements_summary_by_digest`.`COUNT_STAR` AS `exec_count`,`performance_schema`.`events_statements_summary_by_digest`.`SUM_TIMER_WAIT` AS `total_latency`,`performance_schema`.`events_statements_summary_by_digest`.`SUM_NO_INDEX_USED` AS `no_index_used_count`,`performance_schema`.`events_statements_summary_by_digest`.`SUM_NO_GOOD_INDEX_USED` AS `no_good_index_used_count`,round((ifnull((`performance_schema`.`events_statements_summary_by_digest`.`SUM_NO_INDEX_USED` / nullif(`performance_schema`.`events_statements_summary_by_digest`.`COUNT_STAR`,0)),0) * 100),0) AS `no_index_used_pct`,`performance_schema`.`events_statements_summary_by_digest`.`SUM_ROWS_SENT` AS `rows_sent`,`performance_schema`.`events_statements_summary_by_digest`.`SUM_ROWS_EXAMINED` AS `rows_examined`,round((`performance_schema`.`events_statements_summary_by_digest`.`SUM_ROWS_SENT` / `performance_schema`.`events_statements_summary_by_digest`.`COUNT_STAR`),0) AS `rows_sent_avg`,round((`performance_schema`.`events_statements_summary_by_digest`.`SUM_ROWS_EXAMINED` / `performance_schema`.`events_statements_summary_by_digest`.`COUNT_STAR`),0) AS `rows_examined_avg`,`performance_schema`.`events_statements_summary_by_digest`.`FIRST_SEEN` AS `first_seen`,`performance_schema`.`events_statements_summary_by_digest`.`LAST_SEEN` AS `last_seen`,`performance_schema`.`events_statements_summary_by_digest`.`DIGEST` AS `digest` from `performance_schema`.`events_statements_summary_by_digest` where (((`performance_schema`.`events_statements_summary_by_digest`.`SUM_NO_INDEX_USED` > 0) or (`performance_schema`.`events_statements_summary_by_digest`.`SUM_NO_GOOD_INDEX_USED` > 0)) and (not((`performance_schema`.`events_statements_summary_by_digest`.`DIGEST_TEXT` like 'SHOW%')))) order by round((ifnull((`performance_schema`.`events_statements_summary_by_digest`.`SUM_NO_INDEX_USED` / nullif(`performance_schema`.`events_statements_summary_by_digest`.`COUNT_STAR`,0)),0) * 100),0) desc,`performance_schema`.`events_statements_summary_by_digest`.`SUM_TIMER_WAIT` desc */;
/*!50001 SET character_set_client      = @saved_cs_client */;
/*!50001 SET character_set_results     = @saved_cs_results */;
/*!50001 SET collation_connection      = @saved_col_connection */;

--
-- Final view structure for view `x$statements_with_runtimes_in_95th_percentile`
--

/*!50001 DROP VIEW IF EXISTS `x$statements_with_runtimes_in_95th_percentile`*/;
/*!50001 SET @saved_cs_client          = @@character_set_client */;
/*!50001 SET @saved_cs_results         = @@character_set_results */;
/*!50001 SET @saved_col_connection     = @@collation_connection */;
/*!50001 SET character_set_client      = utf8mb4 */;
/*!50001 SET character_set_results     = utf8mb4 */;
/*!50001 SET collation_connection      = utf8mb4_0900_ai_ci */;
/*!50001 CREATE ALGORITHM=MERGE */
/*!50013 DEFINER=`mysql.sys`@`localhost` SQL SECURITY INVOKER */
/*!50001 VIEW `x$statements_with_runtimes_in_95th_percentile` (`query`,`db`,`full_scan`,`exec_count`,`err_count`,`warn_count`,`total_latency`,`max_latency`,`avg_latency`,`rows_sent`,`rows_sent_avg`,`rows_examined`,`rows_examined_avg`,`first_seen`,`last_seen`,`digest`) AS select `stmts`.`DIGEST_TEXT` AS `query`,`stmts`.`SCHEMA_NAME` AS `db`,if(((`stmts`.`SUM_NO_GOOD_INDEX_USED` > 0) or (`stmts`.`SUM_NO_INDEX_USED` > 0)),'*','') AS `full_scan`,`stmts`.`COUNT_STAR` AS `exec_count`,`stmts`.`SUM_ERRORS` AS `err_count`,`stmts`.`SUM_WARNINGS` AS `warn_count`,`stmts`.`SUM_TIMER_WAIT` AS `total_latency`,`stmts`.`MAX_TIMER_WAIT` AS `max_latency`,`stmts`.`AVG_TIMER_WAIT` AS `avg_latency`,`stmts`.`SUM_ROWS_SENT` AS `rows_sent`,round(ifnull((`stmts`.`SUM_ROWS_SENT` / nullif(`stmts`.`COUNT_STAR`,0)),0),0) AS `rows_sent_avg`,`stmts`.`SUM_ROWS_EXAMINED` AS `rows_examined`,round(ifnull((`stmts`.`SUM_ROWS_EXAMINED` / nullif(`stmts`.`COUNT_STAR`,0)),0),0) AS `rows_examined_avg`,`stmts`.`FIRST_SEEN` AS `first_seen`,`stmts`.`LAST_SEEN` AS `last_seen`,`stmts`.`DIGEST` AS `digest` from (`performance_schema`.`events_statements_summary_by_digest` `stmts` join `x$ps_digest_95th_percentile_by_avg_us` `top_percentile` on((round((`stmts`.`AVG_TIMER_WAIT` / 1000000),0) >= `top_percentile`.`avg_us`))) order by `stmts`.`AVG_TIMER_WAIT` desc */;
/*!50001 SET character_set_client      = @saved_cs_client */;
/*!50001 SET character_set_results     = @saved_cs_results */;
/*!50001 SET collation_connection      = @saved_col_connection */;

--
-- Final view structure for view `x$statements_with_sorting`
--

/*!50001 DROP VIEW IF EXISTS `x$statements_with_sorting`*/;
/*!50001 SET @saved_cs_client          = @@character_set_client */;
/*!50001 SET @saved_cs_results         = @@character_set_results */;
/*!50001 SET @saved_col_connection     = @@collation_connection */;
/*!50001 SET character_set_client      = utf8mb4 */;
/*!50001 SET character_set_results     = utf8mb4 */;
/*!50001 SET collation_connection      = utf8mb4_0900_ai_ci */;
/*!50001 CREATE ALGORITHM=MERGE */
/*!50013 DEFINER=`mysql.sys`@`localhost` SQL SECURITY INVOKER */
/*!50001 VIEW `x$statements_with_sorting` (`query`,`db`,`exec_count`,`total_latency`,`sort_merge_passes`,`avg_sort_merges`,`sorts_using_scans`,`sort_using_range`,`rows_sorted`,`avg_rows_sorted`,`first_seen`,`last_seen`,`digest`) AS select `performance_schema`.`events_statements_summary_by_digest`.`DIGEST_TEXT` AS `query`,`performance_schema`.`events_statements_summary_by_digest`.`SCHEMA_NAME` AS `db`,`performance_schema`.`events_statements_summary_by_digest`.`COUNT_STAR` AS `exec_count`,`performance_schema`.`events_statements_summary_by_digest`.`SUM_TIMER_WAIT` AS `total_latency`,`performance_schema`.`events_statements_summary_by_digest`.`SUM_SORT_MERGE_PASSES` AS `sort_merge_passes`,round(ifnull((`performance_schema`.`events_statements_summary_by_digest`.`SUM_SORT_MERGE_PASSES` / nullif(`performance_schema`.`events_statements_summary_by_digest`.`COUNT_STAR`,0)),0),0) AS `avg_sort_merges`,`performance_schema`.`events_statements_summary_by_digest`.`SUM_SORT_SCAN` AS `sorts_using_scans`,`performance_schema`.`events_statements_summary_by_digest`.`SUM_SORT_RANGE` AS `sort_using_range`,`performance_schema`.`events_statements_summary_by_digest`.`SUM_SORT_ROWS` AS `rows_sorted`,round(ifnull((`performance_schema`.`events_statements_summary_by_digest`.`SUM_SORT_ROWS` / nullif(`performance_schema`.`events_statements_summary_by_digest`.`COUNT_STAR`,0)),0),0) AS `avg_rows_sorted`,`performance_schema`.`events_statements_summary_by_digest`.`FIRST_SEEN` AS `first_seen`,`performance_schema`.`events_statements_summary_by_digest`.`LAST_SEEN` AS `last_seen`,`performance_schema`.`events_statements_summary_by_digest`.`DIGEST` AS `digest` from `performance_schema`.`events_statements_summary_by_digest` where (`performance_schema`.`events_statements_summary_by_digest`.`SUM_SORT_ROWS` > 0) order by `performance_schema`.`events_statements_summary_by_digest`.`SUM_TIMER_WAIT` desc */;
/*!50001 SET character_set_client      = @saved_cs_client */;
/*!50001 SET character_set_results     = @saved_cs_results */;
/*!50001 SET collation_connection      = @saved_col_connection */;

--
-- Final view structure for view `x$statements_with_temp_tables`
--

/*!50001 DROP VIEW IF EXISTS `x$statements_with_temp_tables`*/;
/*!50001 SET @saved_cs_client          = @@character_set_client */;
/*!50001 SET @saved_cs_results         = @@character_set_results */;
/*!50001 SET @saved_col_connection     = @@collation_connection */;
/*!50001 SET character_set_client      = utf8mb4 */;
/*!50001 SET character_set_results     = utf8mb4 */;
/*!50001 SET collation_connection      = utf8mb4_0900_ai_ci */;
/*!50001 CREATE ALGORITHM=MERGE */
/*!50013 DEFINER=`mysql.sys`@`localhost` SQL SECURITY INVOKER */
/*!50001 VIEW `x$statements_with_temp_tables` (`query`,`db`,`exec_count`,`total_latency`,`memory_tmp_tables`,`disk_tmp_tables`,`avg_tmp_tables_per_query`,`tmp_tables_to_disk_pct`,`first_seen`,`last_seen`,`digest`) AS select `performance_schema`.`events_statements_summary_by_digest`.`DIGEST_TEXT` AS `query`,`performance_schema`.`events_statements_summary_by_digest`.`SCHEMA_NAME` AS `db`,`performance_schema`.`events_statements_summary_by_digest`.`COUNT_STAR` AS `exec_count`,`performance_schema`.`events_statements_summary_by_digest`.`SUM_TIMER_WAIT` AS `total_latency`,`performance_schema`.`events_statements_summary_by_digest`.`SUM_CREATED_TMP_TABLES` AS `memory_tmp_tables`,`performance_schema`.`events_statements_summary_by_digest`.`SUM_CREATED_TMP_DISK_TABLES` AS `disk_tmp_tables`,round(ifnull((`performance_schema`.`events_statements_summary_by_digest`.`SUM_CREATED_TMP_TABLES` / nullif(`performance_schema`.`events_statements_summary_by_digest`.`COUNT_STAR`,0)),0),0) AS `avg_tmp_tables_per_query`,round((ifnull((`performance_schema`.`events_statements_summary_by_digest`.`SUM_CREATED_TMP_DISK_TABLES` / nullif(`performance_schema`.`events_statements_summary_by_digest`.`SUM_CREATED_TMP_TABLES`,0)),0) * 100),0) AS `tmp_tables_to_disk_pct`,`performance_schema`.`events_statements_summary_by_digest`.`FIRST_SEEN` AS `first_seen`,`performance_schema`.`events_statements_summary_by_digest`.`LAST_SEEN` AS `last_seen`,`performance_schema`.`events_statements_summary_by_digest`.`DIGEST` AS `digest` from `performance_schema`.`events_statements_summary_by_digest` where (`performance_schema`.`events_statements_summary_by_digest`.`SUM_CREATED_TMP_TABLES` > 0) order by `performance_schema`.`events_statements_summary_by_digest`.`SUM_CREATED_TMP_DISK_TABLES` desc,`performance_schema`.`events_statements_summary_by_digest`.`SUM_CREATED_TMP_TABLES` desc */;
/*!50001 SET character_set_client      = @saved_cs_client */;
/*!50001 SET character_set_results     = @saved_cs_results */;
/*!50001 SET collation_connection      = @saved_col_connection */;

--
-- Final view structure for view `x$user_summary`
--

/*!50001 DROP VIEW IF EXISTS `x$user_summary`*/;
/*!50001 SET @saved_cs_client          = @@character_set_client */;
/*!50001 SET @saved_cs_results         = @@character_set_results */;
/*!50001 SET @saved_col_connection     = @@collation_connection */;
/*!50001 SET character_set_client      = utf8mb4 */;
/*!50001 SET character_set_results     = utf8mb4 */;
/*!50001 SET collation_connection      = utf8mb4_0900_ai_ci */;
/*!50001 CREATE ALGORITHM=TEMPTABLE */
/*!50013 DEFINER=`mysql.sys`@`localhost` SQL SECURITY INVOKER */
/*!50001 VIEW `x$user_summary` (`user`,`statements`,`statement_latency`,`statement_avg_latency`,`table_scans`,`file_ios`,`file_io_latency`,`current_connections`,`total_connections`,`unique_hosts`,`current_memory`,`total_memory_allocated`) AS select if((`performance_schema`.`accounts`.`USER` is null),'background',`performance_schema`.`accounts`.`USER`) AS `user`,sum(`stmt`.`total`) AS `statements`,sum(`stmt`.`total_latency`) AS `statement_latency`,ifnull((sum(`stmt`.`total_latency`) / nullif(sum(`stmt`.`total`),0)),0) AS `statement_avg_latency`,sum(`stmt`.`full_scans`) AS `table_scans`,sum(`io`.`ios`) AS `file_ios`,sum(`io`.`io_latency`) AS `file_io_latency`,sum(`performance_schema`.`accounts`.`CURRENT_CONNECTIONS`) AS `current_connections`,sum(`performance_schema`.`accounts`.`TOTAL_CONNECTIONS`) AS `total_connections`,count(distinct `performance_schema`.`accounts`.`HOST`) AS `unique_hosts`,sum(`mem`.`current_allocated`) AS `current_memory`,sum(`mem`.`total_allocated`) AS `total_memory_allocated` from (((`performance_schema`.`accounts` left join `x$user_summary_by_statement_latency` `stmt` on((if((`performance_schema`.`accounts`.`USER` is null),'background',`performance_schema`.`accounts`.`USER`) = `stmt`.`user`))) left join `x$user_summary_by_file_io` `io` on((if((`performance_schema`.`accounts`.`USER` is null),'background',`performance_schema`.`accounts`.`USER`) = `io`.`user`))) left join `x$memory_by_user_by_current_bytes` `mem` on((if((`performance_schema`.`accounts`.`USER` is null),'background',`performance_schema`.`accounts`.`USER`) = `mem`.`user`))) group by if((`performance_schema`.`accounts`.`USER` is null),'background',`performance_schema`.`accounts`.`USER`) order by sum(`stmt`.`total_latency`) desc */;
/*!50001 SET character_set_client      = @saved_cs_client */;
/*!50001 SET character_set_results     = @saved_cs_results */;
/*!50001 SET collation_connection      = @saved_col_connection */;

--
-- Final view structure for view `x$user_summary_by_file_io`
--

/*!50001 DROP VIEW IF EXISTS `x$user_summary_by_file_io`*/;
/*!50001 SET @saved_cs_client          = @@character_set_client */;
/*!50001 SET @saved_cs_results         = @@character_set_results */;
/*!50001 SET @saved_col_connection     = @@collation_connection */;
/*!50001 SET character_set_client      = utf8mb4 */;
/*!50001 SET character_set_results     = utf8mb4 */;
/*!50001 SET collation_connection      = utf8mb4_0900_ai_ci */;
/*!50001 CREATE ALGORITHM=TEMPTABLE */
/*!50013 DEFINER=`mysql.sys`@`localhost` SQL SECURITY INVOKER */
/*!50001 VIEW `x$user_summary_by_file_io` (`user`,`ios`,`io_latency`) AS select if((`performance_schema`.`events_waits_summary_by_user_by_event_name`.`USER` is null),'background',`performance_schema`.`events_waits_summary_by_user_by_event_name`.`USER`) AS `user`,sum(`performance_schema`.`events_waits_summary_by_user_by_event_name`.`COUNT_STAR`) AS `ios`,sum(`performance_schema`.`events_waits_summary_by_user_by_event_name`.`SUM_TIMER_WAIT`) AS `io_latency` from `performance_schema`.`events_waits_summary_by_user_by_event_name` where (`performance_schema`.`events_waits_summary_by_user_by_event_name`.`EVENT_NAME` like 'wait/io/file/%') group by if((`performance_schema`.`events_waits_summary_by_user_by_event_name`.`USER` is null),'background',`performance_schema`.`events_waits_summary_by_user_by_event_name`.`USER`) order by sum(`performance_schema`.`events_waits_summary_by_user_by_event_name`.`SUM_TIMER_WAIT`) desc */;
/*!50001 SET character_set_client      = @saved_cs_client */;
/*!50001 SET character_set_results     = @saved_cs_results */;
/*!50001 SET collation_connection      = @saved_col_connection */;

--
-- Final view structure for view `x$user_summary_by_file_io_type`
--

/*!50001 DROP VIEW IF EXISTS `x$user_summary_by_file_io_type`*/;
/*!50001 SET @saved_cs_client          = @@character_set_client */;
/*!50001 SET @saved_cs_results         = @@character_set_results */;
/*!50001 SET @saved_col_connection     = @@collation_connection */;
/*!50001 SET character_set_client      = utf8mb4 */;
/*!50001 SET character_set_results     = utf8mb4 */;
/*!50001 SET collation_connection      = utf8mb4_0900_ai_ci */;
/*!50001 CREATE ALGORITHM=MERGE */
/*!50013 DEFINER=`mysql.sys`@`localhost` SQL SECURITY INVOKER */
/*!50001 VIEW `x$user_summary_by_file_io_type` (`user`,`event_name`,`total`,`latency`,`max_latency`) AS select if((`performance_schema`.`events_waits_summary_by_user_by_event_name`.`USER` is null),'background',`performance_schema`.`events_waits_summary_by_user_by_event_name`.`USER`) AS `user`,`performance_schema`.`events_waits_summary_by_user_by_event_name`.`EVENT_NAME` AS `event_name`,`performance_schema`.`events_waits_summary_by_user_by_event_name`.`COUNT_STAR` AS `total`,`performance_schema`.`events_waits_summary_by_user_by_event_name`.`SUM_TIMER_WAIT` AS `latency`,`performance_schema`.`events_waits_summary_by_user_by_event_name`.`MAX_TIMER_WAIT` AS `max_latency` from `performance_schema`.`events_waits_summary_by_user_by_event_name` where ((`performance_schema`.`events_waits_summary_by_user_by_event_name`.`EVENT_NAME` like 'wait/io/file%') and (`performance_schema`.`events_waits_summary_by_user_by_event_name`.`COUNT_STAR` > 0)) order by if((`performance_schema`.`events_waits_summary_by_user_by_event_name`.`USER` is null),'background',`performance_schema`.`events_waits_summary_by_user_by_event_name`.`USER`),`performance_schema`.`events_waits_summary_by_user_by_event_name`.`SUM_TIMER_WAIT` desc */;
/*!50001 SET character_set_client      = @saved_cs_client */;
/*!50001 SET character_set_results     = @saved_cs_results */;
/*!50001 SET collation_connection      = @saved_col_connection */;

--
-- Final view structure for view `x$user_summary_by_stages`
--

/*!50001 DROP VIEW IF EXISTS `x$user_summary_by_stages`*/;
/*!50001 SET @saved_cs_client          = @@character_set_client */;
/*!50001 SET @saved_cs_results         = @@character_set_results */;
/*!50001 SET @saved_col_connection     = @@collation_connection */;
/*!50001 SET character_set_client      = utf8mb4 */;
/*!50001 SET character_set_results     = utf8mb4 */;
/*!50001 SET collation_connection      = utf8mb4_0900_ai_ci */;
/*!50001 CREATE ALGORITHM=MERGE */
/*!50013 DEFINER=`mysql.sys`@`localhost` SQL SECURITY INVOKER */
/*!50001 VIEW `x$user_summary_by_stages` (`user`,`event_name`,`total`,`total_latency`,`avg_latency`) AS select if((`performance_schema`.`events_stages_summary_by_user_by_event_name`.`USER` is null),'background',`performance_schema`.`events_stages_summary_by_user_by_event_name`.`USER`) AS `user`,`performance_schema`.`events_stages_summary_by_user_by_event_name`.`EVENT_NAME` AS `event_name`,`performance_schema`.`events_stages_summary_by_user_by_event_name`.`COUNT_STAR` AS `total`,`performance_schema`.`events_stages_summary_by_user_by_event_name`.`SUM_TIMER_WAIT` AS `total_latency`,`performance_schema`.`events_stages_summary_by_user_by_event_name`.`AVG_TIMER_WAIT` AS `avg_latency` from `performance_schema`.`events_stages_summary_by_user_by_event_name` where (`performance_schema`.`events_stages_summary_by_user_by_event_name`.`SUM_TIMER_WAIT` <> 0) order by if((`performance_schema`.`events_stages_summary_by_user_by_event_name`.`USER` is null),'background',`performance_schema`.`events_stages_summary_by_user_by_event_name`.`USER`),`performance_schema`.`events_stages_summary_by_user_by_event_name`.`SUM_TIMER_WAIT` desc */;
/*!50001 SET character_set_client      = @saved_cs_client */;
/*!50001 SET character_set_results     = @saved_cs_results */;
/*!50001 SET collation_connection      = @saved_col_connection */;

--
-- Final view structure for view `x$user_summary_by_statement_latency`
--

/*!50001 DROP VIEW IF EXISTS `x$user_summary_by_statement_latency`*/;
/*!50001 SET @saved_cs_client          = @@character_set_client */;
/*!50001 SET @saved_cs_results         = @@character_set_results */;
/*!50001 SET @saved_col_connection     = @@collation_connection */;
/*!50001 SET character_set_client      = utf8mb4 */;
/*!50001 SET character_set_results     = utf8mb4 */;
/*!50001 SET collation_connection      = utf8mb4_0900_ai_ci */;
/*!50001 CREATE ALGORITHM=TEMPTABLE */
/*!50013 DEFINER=`mysql.sys`@`localhost` SQL SECURITY INVOKER */
/*!50001 VIEW `x$user_summary_by_statement_latency` (`user`,`total`,`total_latency`,`max_latency`,`lock_latency`,`rows_sent`,`rows_examined`,`rows_affected`,`full_scans`) AS select if((`performance_schema`.`events_statements_summary_by_user_by_event_name`.`USER` is null),'background',`performance_schema`.`events_statements_summary_by_user_by_event_name`.`USER`) AS `user`,sum(`performance_schema`.`events_statements_summary_by_user_by_event_name`.`COUNT_STAR`) AS `total`,sum(`performance_schema`.`events_statements_summary_by_user_by_event_name`.`SUM_TIMER_WAIT`) AS `total_latency`,sum(`performance_schema`.`events_statements_summary_by_user_by_event_name`.`MAX_TIMER_WAIT`) AS `max_latency`,sum(`performance_schema`.`events_statements_summary_by_user_by_event_name`.`SUM_LOCK_TIME`) AS `lock_latency`,sum(`performance_schema`.`events_statements_summary_by_user_by_event_name`.`SUM_ROWS_SENT`) AS `rows_sent`,sum(`performance_schema`.`events_statements_summary_by_user_by_event_name`.`SUM_ROWS_EXAMINED`) AS `rows_examined`,sum(`performance_schema`.`events_statements_summary_by_user_by_event_name`.`SUM_ROWS_AFFECTED`) AS `rows_affected`,(sum(`performance_schema`.`events_statements_summary_by_user_by_event_name`.`SUM_NO_INDEX_USED`) + sum(`performance_schema`.`events_statements_summary_by_user_by_event_name`.`SUM_NO_GOOD_INDEX_USED`)) AS `full_scans` from `performance_schema`.`events_statements_summary_by_user_by_event_name` group by if((`performance_schema`.`events_statements_summary_by_user_by_event_name`.`USER` is null),'background',`performance_schema`.`events_statements_summary_by_user_by_event_name`.`USER`) order by sum(`performance_schema`.`events_statements_summary_by_user_by_event_name`.`SUM_TIMER_WAIT`) desc */;
/*!50001 SET character_set_client      = @saved_cs_client */;
/*!50001 SET character_set_results     = @saved_cs_results */;
/*!50001 SET collation_connection      = @saved_col_connection */;

--
-- Final view structure for view `x$user_summary_by_statement_type`
--

/*!50001 DROP VIEW IF EXISTS `x$user_summary_by_statement_type`*/;
/*!50001 SET @saved_cs_client          = @@character_set_client */;
/*!50001 SET @saved_cs_results         = @@character_set_results */;
/*!50001 SET @saved_col_connection     = @@collation_connection */;
/*!50001 SET character_set_client      = utf8mb4 */;
/*!50001 SET character_set_results     = utf8mb4 */;
/*!50001 SET collation_connection      = utf8mb4_0900_ai_ci */;
/*!50001 CREATE ALGORITHM=MERGE */
/*!50013 DEFINER=`mysql.sys`@`localhost` SQL SECURITY INVOKER */
/*!50001 VIEW `x$user_summary_by_statement_type` (`user`,`statement`,`total`,`total_latency`,`max_latency`,`lock_latency`,`rows_sent`,`rows_examined`,`rows_affected`,`full_scans`) AS select if((`performance_schema`.`events_statements_summary_by_user_by_event_name`.`USER` is null),'background',`performance_schema`.`events_statements_summary_by_user_by_event_name`.`USER`) AS `user`,substring_index(`performance_schema`.`events_statements_summary_by_user_by_event_name`.`EVENT_NAME`,'/',-(1)) AS `statement`,`performance_schema`.`events_statements_summary_by_user_by_event_name`.`COUNT_STAR` AS `total`,`performance_schema`.`events_statements_summary_by_user_by_event_name`.`SUM_TIMER_WAIT` AS `total_latency`,`performance_schema`.`events_statements_summary_by_user_by_event_name`.`MAX_TIMER_WAIT` AS `max_latency`,`performance_schema`.`events_statements_summary_by_user_by_event_name`.`SUM_LOCK_TIME` AS `lock_latency`,`performance_schema`.`events_statements_summary_by_user_by_event_name`.`SUM_ROWS_SENT` AS `rows_sent`,`performance_schema`.`events_statements_summary_by_user_by_event_name`.`SUM_ROWS_EXAMINED` AS `rows_examined`,`performance_schema`.`events_statements_summary_by_user_by_event_name`.`SUM_ROWS_AFFECTED` AS `rows_affected`,(`performance_schema`.`events_statements_summary_by_user_by_event_name`.`SUM_NO_INDEX_USED` + `performance_schema`.`events_statements_summary_by_user_by_event_name`.`SUM_NO_GOOD_INDEX_USED`) AS `full_scans` from `performance_schema`.`events_statements_summary_by_user_by_event_name` where (`performance_schema`.`events_statements_summary_by_user_by_event_name`.`SUM_TIMER_WAIT` <> 0) order by if((`performance_schema`.`events_statements_summary_by_user_by_event_name`.`USER` is null),'background',`performance_schema`.`events_statements_summary_by_user_by_event_name`.`USER`),`performance_schema`.`events_statements_summary_by_user_by_event_name`.`SUM_TIMER_WAIT` desc */;
/*!50001 SET character_set_client      = @saved_cs_client */;
/*!50001 SET character_set_results     = @saved_cs_results */;
/*!50001 SET collation_connection      = @saved_col_connection */;

--
-- Final view structure for view `x$wait_classes_global_by_avg_latency`
--

/*!50001 DROP VIEW IF EXISTS `x$wait_classes_global_by_avg_latency`*/;
/*!50001 SET @saved_cs_client          = @@character_set_client */;
/*!50001 SET @saved_cs_results         = @@character_set_results */;
/*!50001 SET @saved_col_connection     = @@collation_connection */;
/*!50001 SET character_set_client      = utf8mb4 */;
/*!50001 SET character_set_results     = utf8mb4 */;
/*!50001 SET collation_connection      = utf8mb4_0900_ai_ci */;
/*!50001 CREATE ALGORITHM=TEMPTABLE */
/*!50013 DEFINER=`mysql.sys`@`localhost` SQL SECURITY INVOKER */
/*!50001 VIEW `x$wait_classes_global_by_avg_latency` (`event_class`,`total`,`total_latency`,`min_latency`,`avg_latency`,`max_latency`) AS select substring_index(`performance_schema`.`events_waits_summary_global_by_event_name`.`EVENT_NAME`,'/',3) AS `event_class`,sum(`performance_schema`.`events_waits_summary_global_by_event_name`.`COUNT_STAR`) AS `total`,sum(`performance_schema`.`events_waits_summary_global_by_event_name`.`SUM_TIMER_WAIT`) AS `total_latency`,min(`performance_schema`.`events_waits_summary_global_by_event_name`.`MIN_TIMER_WAIT`) AS `min_latency`,ifnull((sum(`performance_schema`.`events_waits_summary_global_by_event_name`.`SUM_TIMER_WAIT`) / nullif(sum(`performance_schema`.`events_waits_summary_global_by_event_name`.`COUNT_STAR`),0)),0) AS `avg_latency`,max(`performance_schema`.`events_waits_summary_global_by_event_name`.`MAX_TIMER_WAIT`) AS `max_latency` from `performance_schema`.`events_waits_summary_global_by_event_name` where ((`performance_schema`.`events_waits_summary_global_by_event_name`.`SUM_TIMER_WAIT` > 0) and (`performance_schema`.`events_waits_summary_global_by_event_name`.`EVENT_NAME` <> 'idle')) group by `event_class` order by ifnull((sum(`performance_schema`.`events_waits_summary_global_by_event_name`.`SUM_TIMER_WAIT`) / nullif(sum(`performance_schema`.`events_waits_summary_global_by_event_name`.`COUNT_STAR`),0)),0) desc */;
/*!50001 SET character_set_client      = @saved_cs_client */;
/*!50001 SET character_set_results     = @saved_cs_results */;
/*!50001 SET collation_connection      = @saved_col_connection */;

--
-- Final view structure for view `x$wait_classes_global_by_latency`
--

/*!50001 DROP VIEW IF EXISTS `x$wait_classes_global_by_latency`*/;
/*!50001 SET @saved_cs_client          = @@character_set_client */;
/*!50001 SET @saved_cs_results         = @@character_set_results */;
/*!50001 SET @saved_col_connection     = @@collation_connection */;
/*!50001 SET character_set_client      = utf8mb4 */;
/*!50001 SET character_set_results     = utf8mb4 */;
/*!50001 SET collation_connection      = utf8mb4_0900_ai_ci */;
/*!50001 CREATE ALGORITHM=TEMPTABLE */
/*!50013 DEFINER=`mysql.sys`@`localhost` SQL SECURITY INVOKER */
/*!50001 VIEW `x$wait_classes_global_by_latency` (`event_class`,`total`,`total_latency`,`min_latency`,`avg_latency`,`max_latency`) AS select substring_index(`performance_schema`.`events_waits_summary_global_by_event_name`.`EVENT_NAME`,'/',3) AS `event_class`,sum(`performance_schema`.`events_waits_summary_global_by_event_name`.`COUNT_STAR`) AS `total`,sum(`performance_schema`.`events_waits_summary_global_by_event_name`.`SUM_TIMER_WAIT`) AS `total_latency`,min(`performance_schema`.`events_waits_summary_global_by_event_name`.`MIN_TIMER_WAIT`) AS `min_latency`,ifnull((sum(`performance_schema`.`events_waits_summary_global_by_event_name`.`SUM_TIMER_WAIT`) / nullif(sum(`performance_schema`.`events_waits_summary_global_by_event_name`.`COUNT_STAR`),0)),0) AS `avg_latency`,max(`performance_schema`.`events_waits_summary_global_by_event_name`.`MAX_TIMER_WAIT`) AS `max_latency` from `performance_schema`.`events_waits_summary_global_by_event_name` where ((`performance_schema`.`events_waits_summary_global_by_event_name`.`SUM_TIMER_WAIT` > 0) and (`performance_schema`.`events_waits_summary_global_by_event_name`.`EVENT_NAME` <> 'idle')) group by substring_index(`performance_schema`.`events_waits_summary_global_by_event_name`.`EVENT_NAME`,'/',3) order by sum(`performance_schema`.`events_waits_summary_global_by_event_name`.`SUM_TIMER_WAIT`) desc */;
/*!50001 SET character_set_client      = @saved_cs_client */;
/*!50001 SET character_set_results     = @saved_cs_results */;
/*!50001 SET collation_connection      = @saved_col_connection */;

--
-- Final view structure for view `x$waits_by_host_by_latency`
--

/*!50001 DROP VIEW IF EXISTS `x$waits_by_host_by_latency`*/;
/*!50001 SET @saved_cs_client          = @@character_set_client */;
/*!50001 SET @saved_cs_results         = @@character_set_results */;
/*!50001 SET @saved_col_connection     = @@collation_connection */;
/*!50001 SET character_set_client      = utf8mb4 */;
/*!50001 SET character_set_results     = utf8mb4 */;
/*!50001 SET collation_connection      = utf8mb4_0900_ai_ci */;
/*!50001 CREATE ALGORITHM=MERGE */
/*!50013 DEFINER=`mysql.sys`@`localhost` SQL SECURITY INVOKER */
/*!50001 VIEW `x$waits_by_host_by_latency` (`host`,`event`,`total`,`total_latency`,`avg_latency`,`max_latency`) AS select if((`performance_schema`.`events_waits_summary_by_host_by_event_name`.`HOST` is null),'background',`performance_schema`.`events_waits_summary_by_host_by_event_name`.`HOST`) AS `host`,`performance_schema`.`events_waits_summary_by_host_by_event_name`.`EVENT_NAME` AS `event`,`performance_schema`.`events_waits_summary_by_host_by_event_name`.`COUNT_STAR` AS `total`,`performance_schema`.`events_waits_summary_by_host_by_event_name`.`SUM_TIMER_WAIT` AS `total_latency`,`performance_schema`.`events_waits_summary_by_host_by_event_name`.`AVG_TIMER_WAIT` AS `avg_latency`,`performance_schema`.`events_waits_summary_by_host_by_event_name`.`MAX_TIMER_WAIT` AS `max_latency` from `performance_schema`.`events_waits_summary_by_host_by_event_name` where ((`performance_schema`.`events_waits_summary_by_host_by_event_name`.`EVENT_NAME` <> 'idle') and (`performance_schema`.`events_waits_summary_by_host_by_event_name`.`SUM_TIMER_WAIT` > 0)) order by if((`performance_schema`.`events_waits_summary_by_host_by_event_name`.`HOST` is null),'background',`performance_schema`.`events_waits_summary_by_host_by_event_name`.`HOST`),`performance_schema`.`events_waits_summary_by_host_by_event_name`.`SUM_TIMER_WAIT` desc */;
/*!50001 SET character_set_client      = @saved_cs_client */;
/*!50001 SET character_set_results     = @saved_cs_results */;
/*!50001 SET collation_connection      = @saved_col_connection */;

--
-- Final view structure for view `x$waits_by_user_by_latency`
--

/*!50001 DROP VIEW IF EXISTS `x$waits_by_user_by_latency`*/;
/*!50001 SET @saved_cs_client          = @@character_set_client */;
/*!50001 SET @saved_cs_results         = @@character_set_results */;
/*!50001 SET @saved_col_connection     = @@collation_connection */;
/*!50001 SET character_set_client      = utf8mb4 */;
/*!50001 SET character_set_results     = utf8mb4 */;
/*!50001 SET collation_connection      = utf8mb4_0900_ai_ci */;
/*!50001 CREATE ALGORITHM=MERGE */
/*!50013 DEFINER=`mysql.sys`@`localhost` SQL SECURITY INVOKER */
/*!50001 VIEW `x$waits_by_user_by_latency` (`user`,`event`,`total`,`total_latency`,`avg_latency`,`max_latency`) AS select if((`performance_schema`.`events_waits_summary_by_user_by_event_name`.`USER` is null),'background',`performance_schema`.`events_waits_summary_by_user_by_event_name`.`USER`) AS `user`,`performance_schema`.`events_waits_summary_by_user_by_event_name`.`EVENT_NAME` AS `event`,`performance_schema`.`events_waits_summary_by_user_by_event_name`.`COUNT_STAR` AS `total`,`performance_schema`.`events_waits_summary_by_user_by_event_name`.`SUM_TIMER_WAIT` AS `total_latency`,`performance_schema`.`events_waits_summary_by_user_by_event_name`.`AVG_TIMER_WAIT` AS `avg_latency`,`performance_schema`.`events_waits_summary_by_user_by_event_name`.`MAX_TIMER_WAIT` AS `max_latency` from `performance_schema`.`events_waits_summary_by_user_by_event_name` where ((`performance_schema`.`events_waits_summary_by_user_by_event_name`.`EVENT_NAME` <> 'idle') and (`performance_schema`.`events_waits_summary_by_user_by_event_name`.`USER` is not null) and (`performance_schema`.`events_waits_summary_by_user_by_event_name`.`SUM_TIMER_WAIT` > 0)) order by if((`performance_schema`.`events_waits_summary_by_user_by_event_name`.`USER` is null),'background',`performance_schema`.`events_waits_summary_by_user_by_event_name`.`USER`),`performance_schema`.`events_waits_summary_by_user_by_event_name`.`SUM_TIMER_WAIT` desc */;
/*!50001 SET character_set_client      = @saved_cs_client */;
/*!50001 SET character_set_results     = @saved_cs_results */;
/*!50001 SET collation_connection      = @saved_col_connection */;

--
-- Final view structure for view `x$waits_global_by_latency`
--

/*!50001 DROP VIEW IF EXISTS `x$waits_global_by_latency`*/;
/*!50001 SET @saved_cs_client          = @@character_set_client */;
/*!50001 SET @saved_cs_results         = @@character_set_results */;
/*!50001 SET @saved_col_connection     = @@collation_connection */;
/*!50001 SET character_set_client      = utf8mb4 */;
/*!50001 SET character_set_results     = utf8mb4 */;
/*!50001 SET collation_connection      = utf8mb4_0900_ai_ci */;
/*!50001 CREATE ALGORITHM=MERGE */
/*!50013 DEFINER=`mysql.sys`@`localhost` SQL SECURITY INVOKER */
/*!50001 VIEW `x$waits_global_by_latency` (`events`,`total`,`total_latency`,`avg_latency`,`max_latency`) AS select `performance_schema`.`events_waits_summary_global_by_event_name`.`EVENT_NAME` AS `event`,`performance_schema`.`events_waits_summary_global_by_event_name`.`COUNT_STAR` AS `total`,`performance_schema`.`events_waits_summary_global_by_event_name`.`SUM_TIMER_WAIT` AS `total_latency`,`performance_schema`.`events_waits_summary_global_by_event_name`.`AVG_TIMER_WAIT` AS `avg_latency`,`performance_schema`.`events_waits_summary_global_by_event_name`.`MAX_TIMER_WAIT` AS `max_latency` from `performance_schema`.`events_waits_summary_global_by_event_name` where ((`performance_schema`.`events_waits_summary_global_by_event_name`.`EVENT_NAME` <> 'idle') and (`performance_schema`.`events_waits_summary_global_by_event_name`.`SUM_TIMER_WAIT` > 0)) order by `performance_schema`.`events_waits_summary_global_by_event_name`.`SUM_TIMER_WAIT` desc */;
/*!50001 SET character_set_client      = @saved_cs_client */;
/*!50001 SET character_set_results     = @saved_cs_results */;
/*!50001 SET collation_connection      = @saved_col_connection */;
/*!40103 SET TIME_ZONE=@OLD_TIME_ZONE */;

/*!40101 SET SQL_MODE=@OLD_SQL_MODE */;
/*!40014 SET FOREIGN_KEY_CHECKS=@OLD_FOREIGN_KEY_CHECKS */;
/*!40014 SET UNIQUE_CHECKS=@OLD_UNIQUE_CHECKS */;
/*!40101 SET CHARACTER_SET_CLIENT=@OLD_CHARACTER_SET_CLIENT */;
/*!40101 SET CHARACTER_SET_RESULTS=@OLD_CHARACTER_SET_RESULTS */;
/*!40101 SET COLLATION_CONNECTION=@OLD_COLLATION_CONNECTION */;
/*!40111 SET SQL_NOTES=@OLD_SQL_NOTES */;

-- Dump completed on 2021-01-18  9:35:58
CREATE DATABASE  IF NOT EXISTS `oneline` /*!40100 DEFAULT CHARACTER SET utf8 */ /*!80016 DEFAULT ENCRYPTION='N' */;
USE `oneline`;
-- MySQL dump 10.13  Distrib 8.0.17, for macos10.14 (x86_64)
--
-- Host: localhost    Database: oneline
-- ------------------------------------------------------
-- Server version	8.0.17

/*!40101 SET @OLD_CHARACTER_SET_CLIENT=@@CHARACTER_SET_CLIENT */;
/*!40101 SET @OLD_CHARACTER_SET_RESULTS=@@CHARACTER_SET_RESULTS */;
/*!40101 SET @OLD_COLLATION_CONNECTION=@@COLLATION_CONNECTION */;
/*!50503 SET NAMES utf8 */;
/*!40103 SET @OLD_TIME_ZONE=@@TIME_ZONE */;
/*!40103 SET TIME_ZONE='+00:00' */;
/*!40014 SET @OLD_UNIQUE_CHECKS=@@UNIQUE_CHECKS, UNIQUE_CHECKS=0 */;
/*!40014 SET @OLD_FOREIGN_KEY_CHECKS=@@FOREIGN_KEY_CHECKS, FOREIGN_KEY_CHECKS=0 */;
/*!40101 SET @OLD_SQL_MODE=@@SQL_MODE, SQL_MODE='NO_AUTO_VALUE_ON_ZERO' */;
/*!40111 SET @OLD_SQL_NOTES=@@SQL_NOTES, SQL_NOTES=0 */;

--
-- Table structure for table `board`
--

DROP TABLE IF EXISTS `board`;
/*!40101 SET @saved_cs_client     = @@character_set_client */;
/*!50503 SET character_set_client = utf8mb4 */;
CREATE TABLE `board` (
  `bNo` int(11) NOT NULL AUTO_INCREMENT,
  `bName` varchar(10) DEFAULT NULL,
  `bTitle` varchar(45) DEFAULT NULL,
  `bDate` date DEFAULT NULL,
  PRIMARY KEY (`bNo`),
  UNIQUE KEY `bNo_UNIQUE` (`bNo`)
) ENGINE=InnoDB AUTO_INCREMENT=15 DEFAULT CHARSET=utf8;
/*!40101 SET character_set_client = @saved_cs_client */;

--
-- Dumping data for table `board`
--

LOCK TABLES `board` WRITE;
/*!40000 ALTER TABLE `board` DISABLE KEYS */;
INSERT INTO `board` VALUES (1,'유비','유비 제목 1','2020-11-24'),(3,'박','하하하핳','2020-11-24'),(5,NULL,NULL,'2020-11-25'),(6,'fdf','Staff','2020-11-25'),(8,'D','G','2020-11-25'),(9,NULL,NULL,'2020-11-25'),(10,'F','F','2020-11-25'),(11,NULL,NULL,'2020-11-25'),(12,'','','2020-11-25'),(13,NULL,NULL,'2020-11-25'),(14,'F','f','2020-11-25');
/*!40000 ALTER TABLE `board` ENABLE KEYS */;
UNLOCK TABLES;
/*!40103 SET TIME_ZONE=@OLD_TIME_ZONE */;

/*!40101 SET SQL_MODE=@OLD_SQL_MODE */;
/*!40014 SET FOREIGN_KEY_CHECKS=@OLD_FOREIGN_KEY_CHECKS */;
/*!40014 SET UNIQUE_CHECKS=@OLD_UNIQUE_CHECKS */;
/*!40101 SET CHARACTER_SET_CLIENT=@OLD_CHARACTER_SET_CLIENT */;
/*!40101 SET CHARACTER_SET_RESULTS=@OLD_CHARACTER_SET_RESULTS */;
/*!40101 SET COLLATION_CONNECTION=@OLD_COLLATION_CONNECTION */;
/*!40111 SET SQL_NOTES=@OLD_SQL_NOTES */;

-- Dump completed on 2021-01-18  9:35:58
CREATE DATABASE  IF NOT EXISTS `address` /*!40100 DEFAULT CHARACTER SET utf8 */ /*!80016 DEFAULT ENCRYPTION='N' */;
USE `address`;
-- MySQL dump 10.13  Distrib 8.0.17, for macos10.14 (x86_64)
--
-- Host: localhost    Database: address
-- ------------------------------------------------------
-- Server version	8.0.17

/*!40101 SET @OLD_CHARACTER_SET_CLIENT=@@CHARACTER_SET_CLIENT */;
/*!40101 SET @OLD_CHARACTER_SET_RESULTS=@@CHARACTER_SET_RESULTS */;
/*!40101 SET @OLD_COLLATION_CONNECTION=@@COLLATION_CONNECTION */;
/*!50503 SET NAMES utf8 */;
/*!40103 SET @OLD_TIME_ZONE=@@TIME_ZONE */;
/*!40103 SET TIME_ZONE='+00:00' */;
/*!40014 SET @OLD_UNIQUE_CHECKS=@@UNIQUE_CHECKS, UNIQUE_CHECKS=0 */;
/*!40014 SET @OLD_FOREIGN_KEY_CHECKS=@@FOREIGN_KEY_CHECKS, FOREIGN_KEY_CHECKS=0 */;
/*!40101 SET @OLD_SQL_MODE=@@SQL_MODE, SQL_MODE='NO_AUTO_VALUE_ON_ZERO' */;
/*!40111 SET @OLD_SQL_NOTES=@@SQL_NOTES, SQL_NOTES=0 */;

--
-- Table structure for table `people`
--

DROP TABLE IF EXISTS `people`;
/*!40101 SET @saved_cs_client     = @@character_set_client */;
/*!50503 SET character_set_client = utf8mb4 */;
CREATE TABLE `people` (
  `peopleno` int(11) NOT NULL AUTO_INCREMENT,
  `peoplename` varchar(45) DEFAULT NULL,
  `peopleemail` varchar(45) DEFAULT NULL,
  `peoplerelation` varchar(45) DEFAULT NULL,
  `peoplememo` text,
  `peopleimage` varchar(45) DEFAULT NULL,
  PRIMARY KEY (`peopleno`),
  UNIQUE KEY `peopleid_UNIQUE` (`peopleno`)
) ENGINE=InnoDB AUTO_INCREMENT=39 DEFAULT CHARSET=utf8;
/*!40101 SET character_set_client = @saved_cs_client */;

--
-- Dumping data for table `people`
--

LOCK TABLES `people` WRITE;
/*!40000 ALTER TABLE `people` DISABLE KEYS */;
INSERT INTO `people` VALUES (16,'김대환','asdf@naver.com','친구','술친구','null'),(17,'김기현','kqwer@naver.com','친구','고등학교 친구','null'),(18,'박인우','ddddvvhh@naver.com','친구','탑만 감','null'),(20,'말자하','edsfasdf@naver.com','친구','좋은 친구','202012311635544.jpg'),(21,'차시장','dfasdf@naver.com','친구','고등학교 친구','null'),(22,'김탈론','sdfasdf@naver.com','친구','중학교 친구','null'),(23,'한대희','fgjjnvc@naver.com','친구','고등학교 친구','null'),(24,'장안동 호날두','ksadfnasdf@naver.com','친구','나보다 못함ㅎㅎ','2020123115575747.jpg'),(25,'이승훈','dsafasdf@naver.com','친구','밤송이','2020123116032611.jpg'),(26,'이승기','','친구','비버 닮음ㅎㅎ','2020123116132240.jpg'),(27,'김메기','sdafasdf@naver.com','친구','잠만보','2020123116220658.jpg'),(28,'김과장님','adsfasdf@naver.com','회사','성질이 포악함(주의 요망)','2020123116618250.jpg'),(29,'이부장님','dsaqvbhj@naver.com','회사','회사는 모텔이 아니다...','20201231155929868.jpg'),(30,'최부장','sadfasdfn@naver.com','회사','부하 직원을 괴롭힘 ','20201231154011488.jpg'),(31,'김사원','asdfasdf@naver.com','회사','신입사원이 잠을 자?','20201231155514918.jpg'),(32,'천사 김대리님','0i9oowenkl@naver.com','회사','사수','20201231155619967.jpg'),(33,'김동기','asdfasdf@naver.com','회사','자신만의 세계가 있음','20201231155814152.jpg'),(34,'어머니','','가족','사랑하는 우리 어머니','null'),(35,'아버지','','가족','듬직한 아버지','null'),(36,'동생','','가족','ㅇㅇ','null'),(37,'정희원','dfasdfasdf@naver.com','친구','','null'),(38,'제이스','','k','','null');
/*!40000 ALTER TABLE `people` ENABLE KEYS */;
UNLOCK TABLES;

--
-- Table structure for table `phone`
--

DROP TABLE IF EXISTS `phone`;
/*!40101 SET @saved_cs_client     = @@character_set_client */;
/*!50503 SET character_set_client = utf8mb4 */;
CREATE TABLE `phone` (
  `phoneno` int(11) NOT NULL AUTO_INCREMENT COMMENT '등록된 사람의 연락처 Sequence no',
  `people_peopleno` int(11) NOT NULL,
  `phonetel` varchar(45) DEFAULT NULL COMMENT '등록된 사람의 연락처\nPeople phone number',
  PRIMARY KEY (`phoneno`,`people_peopleno`),
  UNIQUE KEY `phoneno_UNIQUE` (`phoneno`),
  KEY `fk_phone_people1_idx` (`people_peopleno`),
  CONSTRAINT `fk_phone_people1` FOREIGN KEY (`people_peopleno`) REFERENCES `people` (`peopleno`)
) ENGINE=InnoDB AUTO_INCREMENT=48 DEFAULT CHARSET=utf8;
/*!40101 SET character_set_client = @saved_cs_client */;

--
-- Dumping data for table `phone`
--

LOCK TABLES `phone` WRITE;
/*!40000 ALTER TABLE `phone` DISABLE KEYS */;
INSERT INTO `phone` VALUES (11,16,'01012345678'),(12,16,'01032569865'),(13,17,'01012312312'),(14,17,'010456789'),(15,17,'0102223334'),(16,18,'0101234554'),(20,20,'01040002134'),(21,21,'010243512234'),(22,21,'0234502345'),(23,21,'011435345'),(24,22,'0102462313'),(25,22,'02143245234'),(26,23,'01023545234234'),(27,24,'0101234567'),(28,25,'01052341234'),(29,25,'0212423523'),(30,26,'015785432'),(31,27,'01045678912'),(32,28,'0102342525234'),(33,29,'010523451233'),(34,30,'0104889542'),(35,31,'01013241234'),(36,32,'01054234234'),(37,33,'010123534213'),(38,34,'010123456789'),(39,34,'02123456789'),(40,34,'02123459786'),(41,35,'010345342344'),(42,35,'02179842312'),(43,35,'02202154651'),(44,36,'01058421312321'),(45,37,'010456897521'),(46,37,'02123456'),(47,38,'010123456789');
/*!40000 ALTER TABLE `phone` ENABLE KEYS */;
UNLOCK TABLES;

--
-- Table structure for table `register`
--

DROP TABLE IF EXISTS `register`;
/*!40101 SET @saved_cs_client     = @@character_set_client */;
/*!50503 SET character_set_client = utf8mb4 */;
CREATE TABLE `register` (
  `userinfo_useremail` varchar(45) NOT NULL,
  `registerdeletedate` date DEFAULT NULL,
  `people_peopleno` int(11) NOT NULL,
  PRIMARY KEY (`userinfo_useremail`,`people_peopleno`),
  KEY `fk_register_people1_idx` (`people_peopleno`),
  CONSTRAINT `fk_register_people1` FOREIGN KEY (`people_peopleno`) REFERENCES `people` (`peopleno`),
  CONSTRAINT `fk_register_userinfo` FOREIGN KEY (`userinfo_useremail`) REFERENCES `userinfo` (`useremail`)
) ENGINE=InnoDB DEFAULT CHARSET=utf8;
/*!40101 SET character_set_client = @saved_cs_client */;

--
-- Dumping data for table `register`
--

LOCK TABLES `register` WRITE;
/*!40000 ALTER TABLE `register` DISABLE KEYS */;
INSERT INTO `register` VALUES ('con@naver.com',NULL,16),('con@naver.com',NULL,17),('con@naver.com',NULL,18),('con@naver.com',NULL,20),('con@naver.com',NULL,21),('con@naver.com',NULL,22),('con@naver.com',NULL,23),('con@naver.com',NULL,24),('con@naver.com',NULL,25),('con@naver.com',NULL,26),('con@naver.com',NULL,27),('con@naver.com',NULL,28),('con@naver.com',NULL,29),('con@naver.com',NULL,30),('con@naver.com',NULL,31),('con@naver.com',NULL,32),('con@naver.com',NULL,33),('con@naver.com',NULL,34),('con@naver.com',NULL,35),('con@naver.com',NULL,36),('con@naver.com',NULL,37),('con@naver.com',NULL,38);
/*!40000 ALTER TABLE `register` ENABLE KEYS */;
UNLOCK TABLES;

--
-- Table structure for table `relation`
--

DROP TABLE IF EXISTS `relation`;
/*!40101 SET @saved_cs_client     = @@character_set_client */;
/*!50503 SET character_set_client = utf8mb4 */;
CREATE TABLE `relation` (
  `relationno` int(11) NOT NULL AUTO_INCREMENT,
  `userinfo_useremail` varchar(45) NOT NULL,
  `relationname` varchar(45) DEFAULT NULL,
  PRIMARY KEY (`relationno`),
  KEY `fk_relation_userinfo1` (`userinfo_useremail`),
  CONSTRAINT `fk_relation_userinfo1` FOREIGN KEY (`userinfo_useremail`) REFERENCES `userinfo` (`useremail`)
) ENGINE=InnoDB AUTO_INCREMENT=6 DEFAULT CHARSET=utf8;
/*!40101 SET character_set_client = @saved_cs_client */;

--
-- Dumping data for table `relation`
--

LOCK TABLES `relation` WRITE;
/*!40000 ALTER TABLE `relation` DISABLE KEYS */;
INSERT INTO `relation` VALUES (1,'con@naver.com','산악회'),(2,'con@naver.com','학원'),(5,'con@naver.com','서울대동창');
/*!40000 ALTER TABLE `relation` ENABLE KEYS */;
UNLOCK TABLES;

--
-- Table structure for table `statuspeople`
--

DROP TABLE IF EXISTS `statuspeople`;
/*!40101 SET @saved_cs_client     = @@character_set_client */;
/*!50503 SET character_set_client = utf8mb4 */;
CREATE TABLE `statuspeople` (
  `peoplefavorite` int(11) DEFAULT NULL,
  `peopleemg` int(11) DEFAULT NULL,
  `userinfo_useremail` varchar(45) NOT NULL,
  `people_peopleno` int(11) NOT NULL,
  PRIMARY KEY (`people_peopleno`),
  KEY `fk_table1_userinfo1_idx` (`userinfo_useremail`),
  KEY `fk_table1_people1_idx` (`people_peopleno`),
  CONSTRAINT `fk_table1_people1` FOREIGN KEY (`people_peopleno`) REFERENCES `people` (`peopleno`),
  CONSTRAINT `fk_table1_userinfo1` FOREIGN KEY (`userinfo_useremail`) REFERENCES `userinfo` (`useremail`)
) ENGINE=InnoDB DEFAULT CHARSET=utf8;
/*!40101 SET character_set_client = @saved_cs_client */;

--
-- Dumping data for table `statuspeople`
--

LOCK TABLES `statuspeople` WRITE;
/*!40000 ALTER TABLE `statuspeople` DISABLE KEYS */;
INSERT INTO `statuspeople` VALUES (0,1,'con@naver.com',16),(1,1,'con@naver.com',17),(1,0,'con@naver.com',18),(1,0,'con@naver.com',20),(0,0,'con@naver.com',21),(0,1,'con@naver.com',22),(1,0,'con@naver.com',23),(1,0,'con@naver.com',24),(0,0,'con@naver.com',25),(1,0,'con@naver.com',26),(1,0,'con@naver.com',27),(0,0,'con@naver.com',28),(0,0,'con@naver.com',29),(0,0,'con@naver.com',30),(0,0,'con@naver.com',31),(1,1,'con@naver.com',32),(0,0,'con@naver.com',33),(1,1,'con@naver.com',34),(1,1,'con@naver.com',35),(0,0,'con@naver.com',36),(1,0,'con@naver.com',37),(1,0,'con@naver.com',38);
/*!40000 ALTER TABLE `statuspeople` ENABLE KEYS */;
UNLOCK TABLES;

--
-- Table structure for table `userinfo`
--

DROP TABLE IF EXISTS `userinfo`;
/*!40101 SET @saved_cs_client     = @@character_set_client */;
/*!50503 SET character_set_client = utf8mb4 */;
CREATE TABLE `userinfo` (
  `useremail` varchar(45) NOT NULL,
  `username` varchar(10) DEFAULT NULL,
  `userpw` varchar(45) DEFAULT NULL,
  `userphone` varchar(13) DEFAULT NULL,
  `userdeletedate` date DEFAULT NULL,
  `userimage` varchar(45) DEFAULT NULL,
  PRIMARY KEY (`useremail`),
  UNIQUE KEY `useremail_UNIQUE` (`useremail`)
) ENGINE=InnoDB DEFAULT CHARSET=utf8;
/*!40101 SET character_set_client = @saved_cs_client */;

--
-- Dumping data for table `userinfo`
--

LOCK TABLES `userinfo` WRITE;
/*!40000 ALTER TABLE `userinfo` DISABLE KEYS */;
INSERT INTO `userinfo` VALUES ('con@naver.com',NULL,'123',NULL,NULL,NULL);
/*!40000 ALTER TABLE `userinfo` ENABLE KEYS */;
UNLOCK TABLES;
/*!40103 SET TIME_ZONE=@OLD_TIME_ZONE */;

/*!40101 SET SQL_MODE=@OLD_SQL_MODE */;
/*!40014 SET FOREIGN_KEY_CHECKS=@OLD_FOREIGN_KEY_CHECKS */;
/*!40014 SET UNIQUE_CHECKS=@OLD_UNIQUE_CHECKS */;
/*!40101 SET CHARACTER_SET_CLIENT=@OLD_CHARACTER_SET_CLIENT */;
/*!40101 SET CHARACTER_SET_RESULTS=@OLD_CHARACTER_SET_RESULTS */;
/*!40101 SET COLLATION_CONNECTION=@OLD_COLLATION_CONNECTION */;
/*!40111 SET SQL_NOTES=@OLD_SQL_NOTES */;

-- Dump completed on 2021-01-18  9:35:58
CREATE DATABASE  IF NOT EXISTS `education` /*!40100 DEFAULT CHARACTER SET utf8 */ /*!80016 DEFAULT ENCRYPTION='N' */;
USE `education`;
-- MySQL dump 10.13  Distrib 8.0.17, for macos10.14 (x86_64)
--
-- Host: localhost    Database: education
-- ------------------------------------------------------
-- Server version	8.0.17

/*!40101 SET @OLD_CHARACTER_SET_CLIENT=@@CHARACTER_SET_CLIENT */;
/*!40101 SET @OLD_CHARACTER_SET_RESULTS=@@CHARACTER_SET_RESULTS */;
/*!40101 SET @OLD_COLLATION_CONNECTION=@@COLLATION_CONNECTION */;
/*!50503 SET NAMES utf8 */;
/*!40103 SET @OLD_TIME_ZONE=@@TIME_ZONE */;
/*!40103 SET TIME_ZONE='+00:00' */;
/*!40014 SET @OLD_UNIQUE_CHECKS=@@UNIQUE_CHECKS, UNIQUE_CHECKS=0 */;
/*!40014 SET @OLD_FOREIGN_KEY_CHECKS=@@FOREIGN_KEY_CHECKS, FOREIGN_KEY_CHECKS=0 */;
/*!40101 SET @OLD_SQL_MODE=@@SQL_MODE, SQL_MODE='NO_AUTO_VALUE_ON_ZERO' */;
/*!40111 SET @OLD_SQL_NOTES=@@SQL_NOTES, SQL_NOTES=0 */;

--
-- Table structure for table `advise`
--

DROP TABLE IF EXISTS `advise`;
/*!40101 SET @saved_cs_client     = @@character_set_client */;
/*!50503 SET character_set_client = utf8mb4 */;
CREATE TABLE `advise` (
  `apcode` char(4) NOT NULL,
  `ascode` char(4) NOT NULL,
  PRIMARY KEY (`apcode`,`ascode`)
) ENGINE=InnoDB DEFAULT CHARSET=utf8;
/*!40101 SET character_set_client = @saved_cs_client */;

--
-- Dumping data for table `advise`
--

LOCK TABLES `advise` WRITE;
/*!40000 ALTER TABLE `advise` DISABLE KEYS */;
INSERT INTO `advise` VALUES ('P001','S001'),('P001','S002'),('P003','S003'),('P003','S004'),('P004','S005'),('P007','S006');
/*!40000 ALTER TABLE `advise` ENABLE KEYS */;
UNLOCK TABLES;

--
-- Table structure for table `course`
--

DROP TABLE IF EXISTS `course`;
/*!40101 SET @saved_cs_client     = @@character_set_client */;
/*!50503 SET character_set_client = utf8mb4 */;
CREATE TABLE `course` (
  `ccode` char(4) NOT NULL,
  `cname` char(10) DEFAULT NULL,
  `ctime` int(11) DEFAULT NULL,
  `croom` char(8) DEFAULT NULL,
  PRIMARY KEY (`ccode`)
) ENGINE=InnoDB DEFAULT CHARSET=utf8;
/*!40101 SET character_set_client = @saved_cs_client */;

--
-- Dumping data for table `course`
--

LOCK TABLES `course` WRITE;
/*!40000 ALTER TABLE `course` DISABLE KEYS */;
INSERT INTO `course` VALUES ('C001','TCP/IP',3,'R001'),('C002','HTML',3,'R002'),('C003','PHP',3,'R003'),('C004','LINUX',3,'Lab1'),('C005','MYSQL',3,'Lab1'),('C006','JAVA',3,'Lab1');
/*!40000 ALTER TABLE `course` ENABLE KEYS */;
UNLOCK TABLES;

--
-- Table structure for table `lecture`
--

DROP TABLE IF EXISTS `lecture`;
/*!40101 SET @saved_cs_client     = @@character_set_client */;
/*!50503 SET character_set_client = utf8mb4 */;
CREATE TABLE `lecture` (
  `lpcode` char(4) NOT NULL,
  `lccode` char(4) NOT NULL,
  `opendate` date DEFAULT NULL,
  `closedate` date DEFAULT NULL,
  PRIMARY KEY (`lpcode`,`lccode`)
) ENGINE=InnoDB DEFAULT CHARSET=utf8;
/*!40101 SET character_set_client = @saved_cs_client */;

--
-- Dumping data for table `lecture`
--

LOCK TABLES `lecture` WRITE;
/*!40000 ALTER TABLE `lecture` DISABLE KEYS */;
INSERT INTO `lecture` VALUES ('P001','C001','2017-03-02','2017-08-02'),('P001','C002','2017-03-02','2017-08-02'),('P001','C003','2017-09-02','2017-12-02'),('P002','C004','2017-03-02','2017-08-02'),('P002','C005','2017-03-02','2017-08-02'),('P002','C006','2017-09-02','2017-12-02');
/*!40000 ALTER TABLE `lecture` ENABLE KEYS */;
UNLOCK TABLES;

--
-- Table structure for table `professor`
--

DROP TABLE IF EXISTS `professor`;
/*!40101 SET @saved_cs_client     = @@character_set_client */;
/*!50503 SET character_set_client = utf8mb4 */;
CREATE TABLE `professor` (
  `pcode` char(4) NOT NULL,
  `pname` char(10) DEFAULT NULL,
  `pdept` char(12) DEFAULT NULL,
  `pphone` char(12) DEFAULT NULL,
  `paddress` char(50) DEFAULT NULL,
  PRIMARY KEY (`pcode`)
) ENGINE=InnoDB DEFAULT CHARSET=utf8;
/*!40101 SET character_set_client = @saved_cs_client */;

--
-- Dumping data for table `professor`
--

LOCK TABLES `professor` WRITE;
/*!40000 ALTER TABLE `professor` DISABLE KEYS */;
INSERT INTO `professor` VALUES ('P001','하은용','컴퓨터공학과','0001','서울'),('P002','안창호','컴퓨터공학과','0002','서울'),('P003','이육사','국문학과','0003','강원도'),('P004','박종화','국문학과','0004','경상북도'),('P005','심훈','사학과','0005','전라남도'),('P006','한용운','사학과','0006','충청남도');
/*!40000 ALTER TABLE `professor` ENABLE KEYS */;
UNLOCK TABLES;

--
-- Table structure for table `register`
--

DROP TABLE IF EXISTS `register`;
/*!40101 SET @saved_cs_client     = @@character_set_client */;
/*!50503 SET character_set_client = utf8mb4 */;
CREATE TABLE `register` (
  `rscode` char(4) NOT NULL,
  `rccode` char(4) NOT NULL,
  `score` int(3) DEFAULT NULL,
  PRIMARY KEY (`rscode`,`rccode`)
) ENGINE=InnoDB DEFAULT CHARSET=utf8;
/*!40101 SET character_set_client = @saved_cs_client */;

--
-- Dumping data for table `register`
--

LOCK TABLES `register` WRITE;
/*!40000 ALTER TABLE `register` DISABLE KEYS */;
INSERT INTO `register` VALUES ('S001','C001',90),('S001','C002',85),('S001','C003',80),('S002','C001',76),('S002','C002',88),('S002','C003',78);
/*!40000 ALTER TABLE `register` ENABLE KEYS */;
UNLOCK TABLES;

--
-- Table structure for table `score`
--

DROP TABLE IF EXISTS `score`;
/*!40101 SET @saved_cs_client     = @@character_set_client */;
/*!50503 SET character_set_client = utf8mb4 */;
CREATE TABLE `score` (
  `V1` bigint(20) DEFAULT NULL,
  `V2` bigint(20) DEFAULT NULL,
  `V3` bigint(20) DEFAULT NULL,
  `V4` bigint(20) DEFAULT NULL
) ENGINE=InnoDB DEFAULT CHARSET=utf8;
/*!40101 SET character_set_client = @saved_cs_client */;

--
-- Dumping data for table `score`
--

LOCK TABLES `score` WRITE;
/*!40000 ALTER TABLE `score` DISABLE KEYS */;
INSERT INTO `score` VALUES (1,90,80,70),(2,90,88,70),(3,90,89,70),(4,90,87,70),(5,90,60,70),(6,100,100,100),(7,100,100,100),(8,100,100,100),(9,100,100,100),(10,100,100,100),(11,90,80,70),(12,90,88,70);
/*!40000 ALTER TABLE `score` ENABLE KEYS */;
UNLOCK TABLES;

--
-- Table structure for table `student`
--

DROP TABLE IF EXISTS `student`;
/*!40101 SET @saved_cs_client     = @@character_set_client */;
/*!50503 SET character_set_client = utf8mb4 */;
CREATE TABLE `student` (
  `scode` char(4) NOT NULL,
  `sname` char(10) DEFAULT NULL,
  `sdept` char(12) DEFAULT NULL,
  `sphone` char(12) DEFAULT NULL,
  `saddress` varchar(45) DEFAULT NULL,
  PRIMARY KEY (`scode`)
) ENGINE=InnoDB DEFAULT CHARSET=utf8;
/*!40101 SET character_set_client = @saved_cs_client */;

--
-- Dumping data for table `student`
--

LOCK TABLES `student` WRITE;
/*!40000 ALTER TABLE `student` DISABLE KEYS */;
INSERT INTO `student` VALUES ('3456','','','',NULL),('S001','박소명','컴퓨터공학과','123-4567',NULL),('S003','이승호','국문학과','345-6789',NULL),('S004','정수봉','국문학과','456-7890',NULL),('S005','김상진','사학과','567-8901',NULL),('S006','황정숙','사학과','678-9012',NULL);
/*!40000 ALTER TABLE `student` ENABLE KEYS */;
UNLOCK TABLES;
/*!40103 SET TIME_ZONE=@OLD_TIME_ZONE */;

/*!40101 SET SQL_MODE=@OLD_SQL_MODE */;
/*!40014 SET FOREIGN_KEY_CHECKS=@OLD_FOREIGN_KEY_CHECKS */;
/*!40014 SET UNIQUE_CHECKS=@OLD_UNIQUE_CHECKS */;
/*!40101 SET CHARACTER_SET_CLIENT=@OLD_CHARACTER_SET_CLIENT */;
/*!40101 SET CHARACTER_SET_RESULTS=@OLD_CHARACTER_SET_RESULTS */;
/*!40101 SET COLLATION_CONNECTION=@OLD_COLLATION_CONNECTION */;
/*!40111 SET SQL_NOTES=@OLD_SQL_NOTES */;

-- Dump completed on 2021-01-18  9:35:59
CREATE DATABASE  IF NOT EXISTS `customer` /*!40100 DEFAULT CHARACTER SET utf8 */ /*!80016 DEFAULT ENCRYPTION='N' */;
USE `customer`;
-- MySQL dump 10.13  Distrib 8.0.17, for macos10.14 (x86_64)
--
-- Host: localhost    Database: customer
-- ------------------------------------------------------
-- Server version	8.0.17

/*!40101 SET @OLD_CHARACTER_SET_CLIENT=@@CHARACTER_SET_CLIENT */;
/*!40101 SET @OLD_CHARACTER_SET_RESULTS=@@CHARACTER_SET_RESULTS */;
/*!40101 SET @OLD_COLLATION_CONNECTION=@@COLLATION_CONNECTION */;
/*!50503 SET NAMES utf8 */;
/*!40103 SET @OLD_TIME_ZONE=@@TIME_ZONE */;
/*!40103 SET TIME_ZONE='+00:00' */;
/*!40014 SET @OLD_UNIQUE_CHECKS=@@UNIQUE_CHECKS, UNIQUE_CHECKS=0 */;
/*!40014 SET @OLD_FOREIGN_KEY_CHECKS=@@FOREIGN_KEY_CHECKS, FOREIGN_KEY_CHECKS=0 */;
/*!40101 SET @OLD_SQL_MODE=@@SQL_MODE, SQL_MODE='NO_AUTO_VALUE_ON_ZERO' */;
/*!40111 SET @OLD_SQL_NOTES=@@SQL_NOTES, SQL_NOTES=0 */;

--
-- Table structure for table `purchaserinfo`
--

DROP TABLE IF EXISTS `purchaserinfo`;
/*!40101 SET @saved_cs_client     = @@character_set_client */;
/*!50503 SET character_set_client = utf8mb4 */;
CREATE TABLE `purchaserinfo` (
  `userid` varchar(10) NOT NULL,
  `name` varchar(20) DEFAULT NULL,
  `tel` varchar(15) DEFAULT NULL,
  `address` varchar(50) DEFAULT NULL,
  `insertdate` date DEFAULT NULL,
  PRIMARY KEY (`userid`)
) ENGINE=InnoDB DEFAULT CHARSET=utf8;
/*!40101 SET character_set_client = @saved_cs_client */;

--
-- Dumping data for table `purchaserinfo`
--

LOCK TABLES `purchaserinfo` WRITE;
/*!40000 ALTER TABLE `purchaserinfo` DISABLE KEYS */;
INSERT INTO `purchaserinfo` VALUES ('kim','김','010222222','강릉','2020-11-20'),('Park','박','0102000000','서울','2020-11-20');
/*!40000 ALTER TABLE `purchaserinfo` ENABLE KEYS */;
UNLOCK TABLES;
/*!40103 SET TIME_ZONE=@OLD_TIME_ZONE */;

/*!40101 SET SQL_MODE=@OLD_SQL_MODE */;
/*!40014 SET FOREIGN_KEY_CHECKS=@OLD_FOREIGN_KEY_CHECKS */;
/*!40014 SET UNIQUE_CHECKS=@OLD_UNIQUE_CHECKS */;
/*!40101 SET CHARACTER_SET_CLIENT=@OLD_CHARACTER_SET_CLIENT */;
/*!40101 SET CHARACTER_SET_RESULTS=@OLD_CHARACTER_SET_RESULTS */;
/*!40101 SET COLLATION_CONNECTION=@OLD_COLLATION_CONNECTION */;
/*!40111 SET SQL_NOTES=@OLD_SQL_NOTES */;

-- Dump completed on 2021-01-18  9:35:59
CREATE DATABASE  IF NOT EXISTS `room` /*!40100 DEFAULT CHARACTER SET utf8 */ /*!80016 DEFAULT ENCRYPTION='N' */;
USE `room`;
-- MySQL dump 10.13  Distrib 8.0.17, for macos10.14 (x86_64)
--
-- Host: localhost    Database: room
-- ------------------------------------------------------
-- Server version	8.0.17

/*!40101 SET @OLD_CHARACTER_SET_CLIENT=@@CHARACTER_SET_CLIENT */;
/*!40101 SET @OLD_CHARACTER_SET_RESULTS=@@CHARACTER_SET_RESULTS */;
/*!40101 SET @OLD_COLLATION_CONNECTION=@@COLLATION_CONNECTION */;
/*!50503 SET NAMES utf8 */;
/*!40103 SET @OLD_TIME_ZONE=@@TIME_ZONE */;
/*!40103 SET TIME_ZONE='+00:00' */;
/*!40014 SET @OLD_UNIQUE_CHECKS=@@UNIQUE_CHECKS, UNIQUE_CHECKS=0 */;
/*!40014 SET @OLD_FOREIGN_KEY_CHECKS=@@FOREIGN_KEY_CHECKS, FOREIGN_KEY_CHECKS=0 */;
/*!40101 SET @OLD_SQL_MODE=@@SQL_MODE, SQL_MODE='NO_AUTO_VALUE_ON_ZERO' */;
/*!40111 SET @OLD_SQL_NOTES=@@SQL_NOTES, SQL_NOTES=0 */;

--
-- Table structure for table `board`
--

DROP TABLE IF EXISTS `board`;
/*!40101 SET @saved_cs_client     = @@character_set_client */;
/*!50503 SET character_set_client = utf8mb4 */;
CREATE TABLE `board` (
  `boardid` int(11) NOT NULL AUTO_INCREMENT,
  `boardtitle` varchar(45) DEFAULT NULL,
  `boardcontent` text,
  `boardinsertdate` date DEFAULT NULL,
  `userinfo_userid` varchar(45) NOT NULL,
  PRIMARY KEY (`boardid`,`userinfo_userid`),
  KEY `fk_board_userinfo1_idx` (`userinfo_userid`),
  CONSTRAINT `fk_board_userinfo1` FOREIGN KEY (`userinfo_userid`) REFERENCES `userinfo` (`userid`)
) ENGINE=InnoDB AUTO_INCREMENT=4 DEFAULT CHARSET=utf8;
/*!40101 SET character_set_client = @saved_cs_client */;

--
-- Dumping data for table `board`
--

LOCK TABLES `board` WRITE;
/*!40000 ALTER TABLE `board` DISABLE KEYS */;
INSERT INTO `board` VALUES (2,'dd','a','2020-12-06','admin');
/*!40000 ALTER TABLE `board` ENABLE KEYS */;
UNLOCK TABLES;

--
-- Table structure for table `book`
--

DROP TABLE IF EXISTS `book`;
/*!40101 SET @saved_cs_client     = @@character_set_client */;
/*!50503 SET character_set_client = utf8mb4 */;
CREATE TABLE `book` (
  `bookid` int(11) NOT NULL AUTO_INCREMENT,
  `room_roomid` int(11) NOT NULL,
  `userinfo_userid` varchar(45) NOT NULL,
  `bookcheckindate` date DEFAULT NULL,
  `bookcheckoutdate` date DEFAULT NULL,
  `bookcapa` int(11) DEFAULT NULL,
  `bookpricetotal` int(11) DEFAULT NULL,
  PRIMARY KEY (`bookid`,`room_roomid`,`userinfo_userid`),
  KEY `fk_book_room_idx` (`room_roomid`),
  KEY `fk_book_userinfo1_idx` (`userinfo_userid`),
  CONSTRAINT `fk_book_room` FOREIGN KEY (`room_roomid`) REFERENCES `room` (`roomid`),
  CONSTRAINT `fk_book_userinfo1` FOREIGN KEY (`userinfo_userid`) REFERENCES `userinfo` (`userid`)
) ENGINE=InnoDB AUTO_INCREMENT=47 DEFAULT CHARSET=utf8;
/*!40101 SET character_set_client = @saved_cs_client */;

--
-- Dumping data for table `book`
--

LOCK TABLES `book` WRITE;
/*!40000 ALTER TABLE `book` DISABLE KEYS */;
INSERT INTO `book` VALUES (2,25,'qkr@naver.com','2020-12-09','2020-12-13',2,NULL),(3,25,'qkr@naver.com','2020-12-30','2020-12-31',1,763256),(4,74,'qkr@naver.com',NULL,NULL,2,1255792),(5,25,'1@1.com','2020-12-14','2020-12-15',1,400000),(6,25,'godol811@naver.com','2020-12-18','2020-12-20',1,480000),(7,28,'chl@naver.com',NULL,NULL,1,191400),(8,23,'chl@naver.com',NULL,NULL,1,240000),(9,62,'chl@naver.com',NULL,NULL,1,480000),(10,86,'chl@naver.com',NULL,NULL,1,134414),(11,81,'chl@naver.com',NULL,NULL,1,143814),(12,24,'godol811@naver.com',NULL,NULL,1,3380000),(13,25,'godol811@naver.com',NULL,NULL,2,210000),(14,26,'godol811@naver.com',NULL,NULL,2,3135000),(15,54,'qkr@naver.com',NULL,NULL,1,NULL),(16,55,'qkr@naver.com',NULL,NULL,1,NULL),(17,28,'qkr@naver.com',NULL,NULL,1,NULL),(18,27,'qkr@naver.com',NULL,NULL,1,NULL),(19,72,'qkr@naver.com',NULL,NULL,1,NULL),(20,63,'qkr@naver.com',NULL,NULL,1,NULL),(21,81,'qkr@naver.com',NULL,NULL,1,NULL),(22,73,'godol811@naver.com',NULL,NULL,1,NULL),(23,63,'godol811@naver.com',NULL,NULL,1,NULL),(24,27,'godol811@naver.com',NULL,NULL,1,NULL),(25,58,'godol811@naver.com',NULL,NULL,3,NULL),(26,27,'godol811@naver.com',NULL,NULL,1,NULL),(27,27,'godol811@naver.com',NULL,NULL,1,NULL),(28,29,'dl@naver.com',NULL,NULL,1,NULL),(29,27,'dl@naver.com',NULL,NULL,2,NULL),(30,30,'dl@naver.com',NULL,NULL,1,NULL),(31,30,'dl@naver.com',NULL,NULL,1,NULL),(32,62,'dl@naver.com',NULL,NULL,1,NULL),(33,56,'godol811@naver.com',NULL,NULL,1,NULL),(34,57,'godol811@naver.com',NULL,NULL,1,NULL),(35,62,'rla@naver.com',NULL,NULL,1,NULL),(36,59,'rla@naver.com',NULL,NULL,1,NULL),(37,60,'rla@naver.com',NULL,NULL,1,NULL),(38,61,'rla@naver.com',NULL,NULL,1,NULL),(39,64,'rla@naver.com',NULL,NULL,1,NULL),(40,65,'rla@naver.com',NULL,NULL,1,NULL),(41,66,'rla@naver.com',NULL,NULL,1,NULL),(42,67,'rla@naver.com',NULL,NULL,1,NULL),(43,58,'123@naver.com',NULL,NULL,NULL,NULL),(44,54,'123@naver.com',NULL,NULL,NULL,NULL),(45,54,'qkr@naver.com',NULL,NULL,NULL,NULL),(46,54,'qqq@naver.com','2020-12-08','2020-12-10',2,194574);
/*!40000 ALTER TABLE `book` ENABLE KEYS */;
UNLOCK TABLES;

--
-- Table structure for table `bucket`
--

DROP TABLE IF EXISTS `bucket`;
/*!40101 SET @saved_cs_client     = @@character_set_client */;
/*!50503 SET character_set_client = utf8mb4 */;
CREATE TABLE `bucket` (
  `userinfo_userid` varchar(45) NOT NULL,
  `room_roomid` int(11) NOT NULL,
  `bucketno` int(11) NOT NULL,
  PRIMARY KEY (`userinfo_userid`,`room_roomid`,`bucketno`),
  KEY `fk_bucket_room1_idx` (`room_roomid`),
  CONSTRAINT `fk_bucket_room1` FOREIGN KEY (`room_roomid`) REFERENCES `room` (`roomid`),
  CONSTRAINT `fk_bucket_userinfo1` FOREIGN KEY (`userinfo_userid`) REFERENCES `userinfo` (`userid`)
) ENGINE=InnoDB DEFAULT CHARSET=utf8;
/*!40101 SET character_set_client = @saved_cs_client */;

--
-- Dumping data for table `bucket`
--

LOCK TABLES `bucket` WRITE;
/*!40000 ALTER TABLE `bucket` DISABLE KEYS */;
/*!40000 ALTER TABLE `bucket` ENABLE KEYS */;
UNLOCK TABLES;

--
-- Table structure for table `message`
--

DROP TABLE IF EXISTS `message`;
/*!40101 SET @saved_cs_client     = @@character_set_client */;
/*!50503 SET character_set_client = utf8mb4 */;
CREATE TABLE `message` (
  `messageid` int(11) NOT NULL AUTO_INCREMENT,
  `room_userid` varchar(45) DEFAULT NULL,
  `userinfo_userid` varchar(45) DEFAULT NULL,
  `messageContent` text,
  `messageinsertdate` datetime DEFAULT NULL,
  `book_bookid` int(11) DEFAULT NULL,
  PRIMARY KEY (`messageid`)
) ENGINE=InnoDB AUTO_INCREMENT=4 DEFAULT CHARSET=utf8;
/*!40101 SET character_set_client = @saved_cs_client */;

--
-- Dumping data for table `message`
--

LOCK TABLES `message` WRITE;
/*!40000 ALTER TABLE `message` DISABLE KEYS */;
INSERT INTO `message` VALUES (1,'qkr@naver.com','qkr@naver.com','erfjdkfjkd','2020-12-06 23:12:51',6),(2,'qkr@naver.com','qkr@naver.com','123124','2020-12-06 23:33:02',4),(3,'qkr@naver.com','qkr@naver.com','이밤 그날에 반딧불을\r\n','2020-12-06 23:37:16',3);
/*!40000 ALTER TABLE `message` ENABLE KEYS */;
UNLOCK TABLES;

--
-- Table structure for table `review`
--

DROP TABLE IF EXISTS `review`;
/*!40101 SET @saved_cs_client     = @@character_set_client */;
/*!50503 SET character_set_client = utf8mb4 */;
CREATE TABLE `review` (
  `reviewid` int(11) NOT NULL AUTO_INCREMENT,
  `userinfo_userid` varchar(45) NOT NULL,
  `room_roomid` int(11) NOT NULL,
  `reviewtitle` varchar(45) DEFAULT NULL,
  `reviewcontent` text,
  `reviewrate` double DEFAULT NULL,
  `reviewdate` date DEFAULT NULL,
  `bookid` varchar(45) DEFAULT NULL,
  PRIMARY KEY (`reviewid`,`userinfo_userid`,`room_roomid`),
  UNIQUE KEY `reviewid_UNIQUE` (`reviewid`),
  KEY `fk_review_userinfo1_idx` (`userinfo_userid`),
  KEY `fk_review_room1_idx` (`room_roomid`),
  CONSTRAINT `fk_review_room1` FOREIGN KEY (`room_roomid`) REFERENCES `room` (`roomid`),
  CONSTRAINT `fk_review_userinfo1` FOREIGN KEY (`userinfo_userid`) REFERENCES `userinfo` (`userid`)
) ENGINE=InnoDB AUTO_INCREMENT=37 DEFAULT CHARSET=utf8;
/*!40101 SET character_set_client = @saved_cs_client */;

--
-- Dumping data for table `review`
--

LOCK TABLES `review` WRITE;
/*!40000 ALTER TABLE `review` DISABLE KEYS */;
INSERT INTO `review` VALUES (4,'qkr@naver.com',8,NULL,'11232131',4,'2020-12-07','2'),(5,'godol811@naver.com',8,NULL,'후져요',2.5,'2020-12-07','6'),(6,'chl@naver.com',28,NULL,'조금 더러운듯 해요 \r\n청소좀 자주 해주세요',2.5,'2020-12-08','7'),(7,'chl@naver.com',23,NULL,'조식이 맛있었어요 \r\n\r\n식당이 깔끔해서 좋았습니다.',4,'2020-12-08','8'),(8,'chl@naver.com',86,NULL,'안압지와 첨성대가 바로 보이는 이쁜 곳에 위치해서\r\n아침에 일어날때 아주 이뻤습니다 엄청 맘에 들어요\r\n',5,'2020-12-08','10'),(9,'godol811@naver.com',24,NULL,'신라호텔이름에 맞는 숙소입니다\r\n깔끔해서 맘에 들어요!',4.5,'2020-12-08','12'),(10,'godol811@naver.com',25,NULL,'바다가 잘보이는거 말곤 그닥 메리트가 없어보임\r\n\r\n창문 녹슬고 별로임',2.5,'2020-12-08','13'),(11,'godol811@naver.com',26,NULL,'카라반 호스텔 컨셉치곤 괜찮은듯 한데 \r\n모기장이 뜯어져있어 모기가 겁나 많네요\r\n여름엔 비추 ',3,'2020-12-08','14'),(12,'qkr@naver.com',54,NULL,'개후져요',2.5,'2020-12-08','15'),(13,'qkr@naver.com',55,NULL,'바다가 잘보여요',5,'2020-12-08','16'),(14,'qkr@naver.com',55,NULL,'',3.5,'2020-12-08','16'),(15,'godol811@naver.com',27,NULL,'sdfsdfdsf',3.5,'2020-12-08','27'),(16,'godol811@naver.com',27,NULL,'1111',2,'2020-12-08','27'),(17,'godol811@naver.com',27,NULL,'181818181818',2.5,'2020-12-08','24'),(18,'godol811@naver.com',27,NULL,'23',3,'2020-12-08','27'),(19,'godol811@naver.com',27,NULL,'1111',3,'2020-12-08','27'),(20,'godol811@naver.com',27,NULL,'d',1,'2020-12-08','27'),(21,'godol811@naver.com',27,NULL,'',1,'2020-12-08','27'),(22,'qkr@naver.com',63,NULL,'111',3,'2020-12-08','20'),(23,'godol811@naver.com',57,NULL,'1111',2.5,'2020-12-08','34'),(24,'godol811@naver.com',56,NULL,'배에 탄 느낌 그러나 후짐',3,'2020-12-08','33'),(25,'godol811@naver.com',27,NULL,'높은 마천루에 좋은 경관 잘보았습니다\r\n',3,'2020-12-08','27'),(26,'godol811@naver.com',58,NULL,'어디가 좋은지 모르겠어욧]\r\n',3,'2020-12-08','25'),(27,'godol811@naver.com',26,NULL,'호텔치고 싸네요\r\n',3,'2020-12-08','14'),(28,'rla@naver.com',62,NULL,'깔끔해요',3.5,'2020-12-08','35'),(29,'rla@naver.com',59,NULL,'웅장하니 이쁘네요',4,'2020-12-08','36'),(30,'rla@naver.com',60,NULL,'직원들이 엄청 깔끔하게 해줘서 맘에 들었습니다\r\n경치도 좋네요',5,'2020-12-08','37'),(31,'rla@naver.com',61,NULL,'산 한복판에 있어서 자연과 하나 될 수 있는 그런 기회를 가질 수 있어서 좋았습니다.',4.5,'2020-12-08','38'),(32,'rla@naver.com',64,NULL,'내부 풀이 엄청 이쁩니다 좋아요!',3.5,'2020-12-08','39'),(33,'rla@naver.com',65,NULL,'브루클린의 느낌이 물씬 풍기는 좋은 숙소네요',4,'2020-12-08','40'),(34,'rla@naver.com',66,NULL,'설악산의 정기를 느낄 수 있는 좋은 숙소입니다.',3,'2020-12-08','41'),(35,'rla@naver.com',67,NULL,'위생적이지 못했습니다',2.5,'2020-12-08','42'),(36,'qqq@naver.com',54,NULL,'정말 좋앗어요!',3.5,'2020-12-08','46');
/*!40000 ALTER TABLE `review` ENABLE KEYS */;
UNLOCK TABLES;

--
-- Table structure for table `room`
--

DROP TABLE IF EXISTS `room`;
/*!40101 SET @saved_cs_client     = @@character_set_client */;
/*!50503 SET character_set_client = utf8mb4 */;
CREATE TABLE `room` (
  `roomid` int(11) NOT NULL AUTO_INCREMENT,
  `userid` varchar(45) NOT NULL,
  `roomaddress` varchar(45) DEFAULT NULL,
  `roomaddressdetail` varchar(45) DEFAULT NULL,
  `roomcapa` int(11) DEFAULT NULL,
  `roomcheckin` time DEFAULT NULL,
  `roomcheckout` time DEFAULT NULL,
  `roomprice` int(11) DEFAULT NULL,
  `roomtitle` varchar(50) DEFAULT NULL,
  `roomcontent` text,
  `roomimage` varchar(45) DEFAULT NULL,
  `roomimagereal` varchar(45) DEFAULT NULL,
  `roomdeletedate` date DEFAULT NULL,
  `roomgpsx` double DEFAULT NULL,
  `roomgpsy` double DEFAULT NULL,
  PRIMARY KEY (`roomid`,`userid`),
  UNIQUE KEY `roomid_UNIQUE` (`roomid`)
) ENGINE=InnoDB AUTO_INCREMENT=95 DEFAULT CHARSET=utf8;
/*!40101 SET character_set_client = @saved_cs_client */;

--
-- Dumping data for table `room`
--

LOCK TABLES `room` WRITE;
/*!40000 ALTER TABLE `room` DISABLE KEYS */;
INSERT INTO `room` VALUES (8,'qkr@naver.com','',NULL,3,'13:00:00','10:00:00',20000,'방 제목','방 설명','123','tkwls','2020-12-08',34.287407387534515,-4.6652922794526255),(23,'rh@naver.com','부산광역시 해운대구 송정광어골로 67 (송정동)','',4,'14:00:00','11:00:00',120000,'Nudge567','  조식 가능\r\n\r\n 자세한건 사이트 참조해주세요\r\n\r\n','1.jpeg','',NULL,35.1754461696363,129.196485040538),(24,'rla@naver.com','부산광역시 해운대구 해운대로570번길 46 (우동)','',2,'14:00:00','11:00:00',130000,'신라스테이 해운대호텔','코로나 방역을 항상 실시하고 있습니다','2.jpeg','',NULL,35.1598225444911,129.158751383824),(25,'qkr@naver.com','부산광역시 해운대구 달맞이길62번길 78 (중동)','12',5,'14:00:00','11:00:00',210000,'그랑빌','   호텔 사이트를 참조해주세요 :)좋아요~','3.jpeg','',NULL,35.1564285765789,129.175155538355),(26,'rh@naver.com','부산광역시 해운대구 송정중앙로6번길 180 (송정동)','',2,'14:00:00','11:00:00',95000,'해운대 카라반 호스텔',' 조식 가능\r\n\r\n 자세한건 사이트 참조해주세요\r\n\r\n','20201208152721201.peg','',NULL,35.1766785975804,129.196733641477),(27,'rla@naver.com','부산광역시 해운대구 송정광어골로 29 (송정동, 수정빌딩)','',3,'14:00:00','11:00:00',84000,'25th hostel',' 코로나 방역을 항상 실시하고 있습니다','5.jpeg','',NULL,35.1785867456159,129.197925324605),(28,'qkr@naver.com','부산광역시 해운대구 해운대해변로197번길 14 (우동, 조아텔)','',2,'14:00:00','11:00:00',95700,'캔버스블랙','  호텔 사이트를 참조해주세요 :)','6.jpeg','','2020-12-08',35.1593816135769,129.153004725317),(29,'rh@naver.com','부산광역시 해운대구 송정광어골 로82번길 16(송정동)','',1,'14:00:00','11:00:00',85000,'이너피스','  조식 가능\r\n\r\n 자세한건 사이트 참조해주세요\r\n\r\n','7.jpeg','',NULL,35.1843254567509,129.200962943937),(30,'qkr@naver.com','부산광역시 해운대구 달맞이길62번가길 37, 우주모텔 (중동)','',2,'14:00:00','11:00:00',74300,'휘겔리 스위트','  호텔 사이트를 참조해주세요 :)','8.jpeg','','2020-12-08',35.1584699469446,129.171925092951),(31,'rla@naver.com','대구광역시 중구 경상감영길 193 (동문동)','',4,'14:00:00','11:00:00',230000,'리버틴호텔',' 코로나 방역을 항상 실시하고 있습니다','9.jpeg','',NULL,35.8721609688484,128.598018702989),(32,'rh@naver.com','대구광역시 중구 중앙대로77길 47 (장관동)','',6,'14:00:00','11:00:00',117967,'대구미드타운 호스텔','  조식 가능\r\n\r\n 자세한건 사이트 참조해주세요\r\n\r\n','10.jpeg','',NULL,35.8683747890659,128.590858977718),(33,'dl@naver.com','대구광역시 중구 국채보상로 525 (하서동)',NULL,5,'15:00:00','10:00:00',117027,'영진아미고호텔(주)','','11.jpeg','',NULL,35.870618247601,128.592857829278),(34,'qkr@naver.com','대구광역시 중구 중앙대로81길 13 (동일동)','',3,'14:00:00','11:00:00',116087,'2월호텔 동성로점','  호텔 사이트를 참조해주세요 :)','12.jpeg','',NULL,35.8696087493229,128.592861383412),(35,'rla@naver.com','대구광역시 중구 태평로 117 (태평로2가)','',2,'14:00:00','11:00:00',115147,'유니온관광호텔',' 코로나 방역을 항상 실시하고 있습니다','13.jpeg','',NULL,35.8761537841792,128.590739541564),(36,'rh@naver.com','대구광역시 중구 국채보상로 611 (문화동)','',1,'14:00:00','11:00:00',114207,'노보텔 앰배서더 대구','  조식 가능\r\n\r\n 자세한건 사이트 참조해주세요\r\n\r\n','14.jpeg','',NULL,35.8709617047047,128.598120429496),(37,'qkr@naver.com','대구광역시 중구 동성로1길 15 (동성로3가)','',2,'14:00:00','11:00:00',113267,'토요코인 대구동성로','  호텔 사이트를 참조해주세요 :) \r\n\r\n식당에 쥐가 나와서 식당 폐쇄 했습니다','15.jpeg','',NULL,35.8670220878068,128.59465812643),(38,'rla@naver.com','대구광역시 동구 율암로 156-15, 아마레 호텔 (상매동)','',4,'14:00:00','11:00:00',112327,'아마레호텔',' 코로나 방역을 항상 실시하고 있습니다','16.jpeg','',NULL,35.8886534528523,128.706235287037),(39,'dl@naver.com','대구광역시 동구 동부로 75 (신천동)',NULL,5,'15:00:00','10:00:00',111387,'황실호텔','','17.jpeg','',NULL,35.8757048653997,128.620781125955),(40,'rh@naver.com','대구광역시 동구 팔공산로185길 47 (용수동)','',2,'14:00:00','11:00:00',110447,'(주)뉴힐사이드 호텔','  조식 가능\r\n\r\n 자세한건 사이트 참조해주세요\r\n\r\n','18.jpeg','',NULL,35.9909958142228,128.694026327135),(41,'qkr@naver.com','대구광역시 동구 해동로 119 (입석동)','',3,'14:00:00','11:00:00',109507,'동방호텔','사진은 사진일뿐 속지 마세요','19.jpeg','',NULL,35.8897195329378,128.643209360158),(42,'rla@naver.com','대구광역시 동구 이노밸리로 7 (상매동)','',2,'14:00:00','11:00:00',108567,'앙코르호텔',' 코로나 방역을 항상 실시하고 있습니다','20.jpeg','',NULL,35.8877546607072,128.705806417174),(43,'rh@naver.com','대구광역시 동구 공항로 221 (지저동)','',1,'14:00:00','11:00:00',107627,'호텔에어포트','  조식 가능\r\n\r\n 자세한건 사이트 참조해주세요\r\n\r\n','20201208152830304.peg','',NULL,35.8991232347795,128.639275313885),(44,'dl@naver.com','대구광역시 서구 북비산로 360 (비산동)','',2,'14:00:00','11:00:00',106687,'엠파이어관광호텔','  조식 가능\r\n\r\n 자세한건 사이트 참조해주세요\r\n\r\n','20201208153136640.peg','',NULL,35.8791350746005,128.572554509651),(45,'qkr@naver.com','대구광역시 남구 이천로 13 (봉덕동)','',2,'14:00:00','11:00:00',105747,'(주) 호텔 더 팔래스','사이트 참조','20201208151936430.peg','',NULL,35.8423201902688,128.597606453435),(46,'qkr@naver.com','대구광역시 북구 유통단지로 80 (산격동)','',4,'14:00:00','11:00:00',104807,'(주)호텔 인터불고 엑스코','조식 가능 사이트 참조','20201208152020809.peg','',NULL,35.9070111993429,128.611298373922),(47,'rh@naver.com','대구광역시 수성구 팔현길 212 (만촌동, 호텔인터불고)','',2,'14:00:00','11:00:00',103867,'호텔인터불고','  조식 가능\r\n\r\n 자세한건 사이트 참조해주세요\r\n\r\n','20201208152838688.peg','',NULL,35.8744069928036,128.659674743779),(48,'rla@naver.com','대구광역시 수성구 달구벌대로 2421 (범어동)','',2,'14:00:00','11:00:00',102927,'뉴영남관광호텔',' 어메니티를 구비 했습니다\r\n조식도 물론 준비 되어있습니다.','20201208154918306.peg','',NULL,35.8594453929031,128.627651933021),(49,'qkr@naver.com','대구광역시 수성구 동대구로 27 (두산동)','',7,'14:00:00','11:00:00',101987,'호텔아리아나',' 조식 가능 사이트 참조','20201208152034472.peg','',NULL,35.8327007795546,128.622903190968),(50,'qkr@naver.com','대구광역시 달서구 달구벌대로 1910 (두류동)','',2,'14:00:00','11:00:00',101047,'(주)크리스탈관광호텔',' 조식 가능 사이트 참조','20201208152044601.peg','',NULL,35.8621305787509,128.573716612878),(51,'rh@naver.com','대구광역시 달서구 월배로 446 (송현동)','',3,'14:00:00','11:00:00',100107,'뉴-삼일관광호텔','  조식 가능\r\n\r\n 자세한건 사이트 참조해주세요\r\n\r\n','20201208152850577.peg','',NULL,35.8331811908744,128.554248890573),(52,'rla@naver.com','대구광역시 달서구 성서로 413 (이곡동)','',2,'14:00:00','11:00:00',99167,'(주)에이더블유 호텔','  어메니티를 구비 했습니다\r\n조식도 물론 준비 되어있습니다.','20201208154928425.peg','',NULL,35.8544550858295,128.506711894104),(53,'qkr@naver.com','대구광역시 달성군 논공읍 약산덧재길 81','',5,'14:00:00','11:00:00',98227,'(주)파라다이스 온천호텔',' 조식 가능 사이트 참조','20201208152148537.peg','',NULL,35.7428354687475,128.427251242461),(54,'qkr@naver.com','강원도 강릉시 교동광장로100번길 8 (교동)','',2,'14:00:00','11:00:00',97287,'THE HONG C HOTEL Gangneung',' 조식 가능 사이트 참조','2020120815224312.peg','',NULL,37.7654189448501,128.876333302778),(55,'rla@naver.com','강원도 강릉시 해안로406번길 13-6 (강문동)','',3,'14:00:00','11:00:00',96347,'경포비치호텔','   어메니티를 구비 했습니다조식도 물론 준비 되어있습니다.','20201208163424640.peg','',NULL,37.7992417608008,128.913296221816),(56,'rh@naver.com','강원도 강릉시 강동면 헌화로 950-39','',2,'14:00:00','11:00:00',95407,'썬크루즈 호텔','  조식 가능\r\n\r\n 자세한건 사이트 참조해주세요\r\n\r\n','20201208152931.peg','',NULL,37.6840792898342,129.041889085912),(57,'qkr@naver.com','강원도 강릉시 주문진읍 해안로 2070','',2,'14:00:00','11:00:00',94467,'주문진리조트',' 조식 가능 사이트 참조','20201208152214504.peg','',NULL,37.9088247623291,128.819932038186),(58,'rla@naver.com','강원도 강릉시 옥계면 헌화로 455-34','',3,'14:00:00','11:00:00',93527,'Hotel Tops10','  어메니티를 구비 했습니다\r\n조식도 물론 준비 되어있습니다.','20201208154947224.peg','',NULL,37.6546801839167,129.052901746545),(59,'qkr@naver.com','강원도 강릉시 금성로 62 (성내동, 빈폴타워)','',2,'14:00:00','11:00:00',92587,'강릉관광호텔',' 조식 가능 사이트 참조','20201208152223489.peg','',NULL,37.7518023174169,128.894612978069),(60,'rh@naver.com','강원도 강릉시 해안로406번길 2 (강문동)','',3,'14:00:00','11:00:00',91647,'씨마크호텔','  조식 가능\r\n\r\n 자세한건 사이트 참조해주세요\r\n\r\n','20201208152911336.peg','',NULL,37.7972098502599,128.915053907848),(61,'qkr@naver.com','강원도 강릉시 강동면 율곡로 1441','',2,'14:00:00','11:00:00',90707,'하슬라아트월드',' 조식 가능 사이트 참조','20201208152234609.peg','',NULL,37.7054682673374,129.007826158443),(62,'qkr@naver.com','강원도 강릉시 율곡로 2899-1(교동)','',2,'14:00:00','11:00:00',89767,'게스트하우스 안도',' 조식 가능 사이트 참조','20201208152245313.peg','',NULL,37.7617782400611,128.893212298607),(63,'rla@naver.com','강원도 속초시 동해대로 3964 (조양동)','',4,'14:00:00','11:00:00',88827,'(주)현대스카이리조트','  어메니티를 구비 했습니다\r\n조식도 물론 준비 되어있습니다.','20201208154958255.peg','',NULL,38.1887976593727,128.600698832885),(64,'rh@naver.com','강원도 속초시 해오름로 151 (조양동)','',2,'14:00:00','11:00:00',87887,'더 티(the T)','  조식 가능\r\n\r\n 자세한건 사이트 참조해주세요\r\n\r\n','20201208152922912.peg','',NULL,38.1878418285485,128.60436673576),(65,'dl@naver.com','강원도 속초시 청초호반로 107 (조양동)','',5,'14:00:00','11:00:00',86947,'브루클린호텔','  조식 가능\r\n\r\n 자세한건 사이트 참조해주세요\r\n\r\n','20201208153144576.peg','',NULL,38.1901685487094,128.582536219493),(66,'qkr@naver.com','강원도 속초시 관광로408번길 14 (노학동)','',2,'14:00:00','11:00:00',86007,'설악파인리조트 휴양콘도미니엄',' 조식 가능 사이트 참조','20201208152256777.peg','',NULL,38.1955206947459,128.53907019371),(67,'qkr@naver.com','강원도 속초시 설악산로 1042 (설악동)','',6,'14:00:00','11:00:00',85067,'(주)설악산관광호텔',' 조식 가능 사이트 참조','2020120815231480.peg','',NULL,38.1739732736591,128.488772997534),(68,'rh@naver.com','강원도 속초시 중앙로 104 (청학동)','',2,'14:00:00','11:00:00',84127,'에스관광호텔','  조식 가능\r\n\r\n 자세한건 사이트 참조해주세요\r\n\r\n','20201208152933504.peg','',NULL,38.2014332553377,128.587444152952),(69,'rla@naver.com','강원도 속초시 교동로1길 8 (교동)','',2,'14:00:00','11:00:00',83187,'든마루','  어메니티를 구비 했습니다\r\n조식도 물론 준비 되어있습니다.','20201208155012640.peg','',NULL,38.2001423349425,128.580708985322),(70,'dl@naver.com','강원도 속초시 설악산로 852-15 (설악동)','',3,'14:00:00','11:00:00',82247,'(주)호텔 설악파크','    조식 가능 자세한건 사이트 참조해주세요 조식 가능 자세한건 사이트 참조해주세요','20201208153217793.peg','',NULL,38.1703258096343,128.51375385227),(71,'qkr@naver.com','강원도 속초시 대포항길 186, 롯데리조트속초 (대포동)','',2,'14:00:00','11:00:00',81307,'롯데리조트 속초',' 조식 가능 사이트 참조','20201208152323920.peg','',NULL,38.1806265728925,128.612765091496),(72,'rh@naver.com','강원도 속초시 해오름로 129 (대포동)','',2,'14:00:00','11:00:00',80367,'속초비치호스텔','  조식 가능\r\n\r\n 자세한건 사이트 참조해주세요\r\n\r\n','20201208152942904.peg','',NULL,38.1858994138096,128.605400874546),(73,'rla@naver.com','강원도 양양군 강현면 낙산사로 73','',2,'14:00:00','11:00:00',79427,'낙산비치호텔','  어메니티를 구비 했습니다\r\n조식도 물론 준비 되어있습니다.','20201208155022776.peg','',NULL,38.1234368408101,128.630695015703),(74,'dl@naver.com','강원도 양양군 현남면 인구중앙길 99','',3,'14:00:00','11:00:00',78487,'핀스하우스호스텔','  조식 가능\r\n\r\n 자세한건 사이트 참조해주세요\r\n\r\n','20201208153226424.peg','',NULL,37.9735565664428,128.758904195417),(75,'qkr@naver.com','강원도 양양군 현남면 동해대로 694, 메종드메르 1동 4층','',2,'14:00:00','11:00:00',77547,'메종드메르',' 조식 가능 사이트 참조','20201208152333529.peg','',NULL,37.9659141882783,128.761989402589),(76,'qkr@naver.com','강원도 양양군 현남면 인구중앙길 79, 2층','',3,'14:00:00','11:00:00',76607,'서프더맨션',' 조식 가능 사이트 참조','20201208152342145.peg','',NULL,37.9715348691155,128.75944108599),(77,'rh@naver.com','강원도 양양군 현남면 북분안길 29','',2,'14:00:00','11:00:00',75667,'파크애비뉴','  조식 가능\r\n\r\n 자세한건 사이트 참조해주세요\r\n\r\n','2020120815295524.peg','',NULL,37.9883932534808,128.745236439024),(78,'qkr@naver.com','강원도 양양군 손양면 선사유적로 678','',2,'14:00:00','11:00:00',74727,'쏠비치 리조트 양양',' 조식 가능 사이트 참조','20201208152352968.peg','',NULL,38.0882557295881,128.666210973169),(79,'dl@naver.com','강원도 양양군 강현면 동해대로 3393','',2,'14:00:00','11:00:00',73787,'베니키아 호텔 산과바다 양양','  조식 가능\r\n\r\n 자세한건 사이트 참조해주세요\r\n\r\n','20201208153240224.peg','',NULL,38.140429356234,128.613672244812),(80,'qkr@naver.com','강원도 양양군 손양면 선사유적로 678','',2,'14:00:00','11:00:00',72847,'쏠비치 호텔 양양',' 조식 가능 사이트 참조','2020120815245465.peg','',NULL,38.0882557295881,128.666210973169),(81,'rh@naver.com','경상북도 경주시 영불로 223 (진현동)','',2,'14:00:00','11:00:00',71907,'사조리조트 경주휴양콘도미니엄','   조식 가능 자세한건 사이트 참조해주세요','20201208153018745.peg','',NULL,35.7831925001495,129.325724241533),(82,'qkr@naver.com','경상북도 경주시 보문로 404 (신평동)','',2,'14:00:00','11:00:00',70967,'콩코드호텔',' 조식 가능 사이트 참조','2020120815241517.peg','',NULL,35.8455232931369,129.283479083685),(83,'dl@naver.com','경상북도 경주시 보문로 371 (신평동)','',2,'14:00:00','11:00:00',70027,'주식회사 더스타일하우스','  조식 가능\r\n\r\n 자세한건 사이트 참조해주세요\r\n\r\n','20201208153252560.peg','',NULL,35.8482434138883,129.281950987814),(84,'rla@naver.com','경상북도 경주시 불국로 61 (구정동)','',2,'14:00:00','11:00:00',69087,'그랜드 호텔 경주','  어메니티를 구비 했습니다\r\n조식도 물론 준비 되어있습니다.','20201208155034144.peg','',NULL,35.782878812504,129.301639660768),(85,'rh@naver.com','경상북도 경주시 보문로 353 (신평동)','',2,'14:00:00','11:00:00',68147,'(주)이랜드파크 한국콘도 경주보문','  조식 가능\r\n\r\n 자세한건 사이트 참조해주세요\r\n\r\n','2020120815304544.peg','',NULL,35.849159350583,129.279729580188),(86,'qkr@naver.com','경상북도 경주시 태종로699번길 3, 경주지지관광호텔 (노서동)','',2,'14:00:00','11:00:00',67207,'경주지지관광호텔',' 조식 가능 사이트 참조','20201208152425361.peg','',NULL,35.839059296279,129.204432988558),(87,'rla@naver.com','경상북도 경주시 보문로 182-29 (북군동)','',2,'14:00:00','11:00:00',66267,'(주)이랜드파크 켄싱턴리조트 경주','  어메니티를 구비 했습니다\r\n조식도 물론 준비 되어있습니다.','20201208155046351.peg','',NULL,35.8607162384785,129.268434012728),(88,'qkr@naver.com','경상북도 경주시 보문로 338 (신평동)','',2,'14:00:00','11:00:00',65327,'주식회사 라한호텔(경주)',' 조식 가능 사이트 참조','20201208152434185.peg','',NULL,35.850339865401,129.277202399087),(89,'rh@naver.com','경상북도 경주시 양남면 동남로 1021','',2,'14:00:00','11:00:00',64387,'마우나오션 콘도미니엄','  조식 가능\r\n\r\n 자세한건 사이트 참조해주세요\r\n\r\n','20201208153031136.peg','',NULL,35.6865388557973,129.370025161784),(90,'qkr@naver.com','경상북도 경주시 엑스포로 45 (신평동)','',2,'14:00:00','11:00:00',63447,'The-K경주호텔',' 조식 가능 사이트 참조','20201208152445888.peg','',NULL,35.8381778238509,129.290223226233),(91,'dl@naver.com','경상북도 경주시 영불로 248 (진현동)','',2,'14:00:00','11:00:00',62507,'불국사가족호텔','  조식 가능\r\n\r\n 자세한건 사이트 참조해주세요\r\n\r\n','2020120815331408.peg','',NULL,35.7838215054134,129.328345063016),(92,'qkr@naver.com','경상북도 경주시 감포읍 감포로 344','',2,'14:00:00','11:00:00',61567,'더-영 호스텔',' 조식 가능 사이트 참조','20201208152456673.peg','',NULL,35.8179600183328,129.51085276157),(93,'rh@naver.com','경상북도 경주시 천북면 천강로 295-60','',2,'14:00:00','11:00:00',60627,'케이호텔','  조식 가능\r\n\r\n 자세한건 사이트 참조해주세요\r\n\r\n','20201208153041393.peg','',NULL,35.9157755317417,129.280225635279),(94,'qkr@naver.com','서울특별시 서초구 강남대로12길 23-4','144',6,'15:00:00','11:00:00',1200000,'하이하이텔',' 좋은 숙소입니다~','20201208172033147.peg','20201208172033147.detail.peg',NULL,NULL,NULL);
/*!40000 ALTER TABLE `room` ENABLE KEYS */;
UNLOCK TABLES;

--
-- Table structure for table `userinfo`
--

DROP TABLE IF EXISTS `userinfo`;
/*!40101 SET @saved_cs_client     = @@character_set_client */;
/*!50503 SET character_set_client = utf8mb4 */;
CREATE TABLE `userinfo` (
  `userid` varchar(45) NOT NULL,
  `userpw` varchar(45) DEFAULT NULL,
  `username` varchar(45) DEFAULT NULL,
  `useraddress` varchar(45) DEFAULT NULL,
  `usertel` varchar(45) DEFAULT NULL,
  `userinsertdate` date DEFAULT NULL,
  `userstate` varchar(45) DEFAULT NULL,
  `userdeletedate` date DEFAULT NULL,
  PRIMARY KEY (`userid`),
  UNIQUE KEY `userid_UNIQUE` (`userid`)
) ENGINE=InnoDB DEFAULT CHARSET=utf8;
/*!40101 SET character_set_client = @saved_cs_client */;

--
-- Dumping data for table `userinfo`
--

LOCK TABLES `userinfo` WRITE;
/*!40000 ALTER TABLE `userinfo` DISABLE KEYS */;
INSERT INTO `userinfo` VALUES ('123@naver.com','Killer-081','고종찬','서울특별시 서초구 강남대로101길 23','010-5445-1111','2020-12-08','회원',NULL),('1@1.com','1','고종찬','서울특별시 서초구 동광로33길 15','010-0909-1111','2020-12-05','회원',NULL),('admin','admin',NULL,NULL,NULL,NULL,'탈퇴','2020-12-08'),('admin@admin.com','admin',NULL,NULL,NULL,NULL,'관리자',NULL),('chl@naver.com','Killer-081','고종찬','서울특별시 서초구 강남대로8길 39-56','010-9441-9891','2020-12-08','회원',NULL),('dl@naver.com','1234','강후','모름',NULL,NULL,'호스트',NULL),('godol811@naver.com','killer-081','고종찬','서울특별시 강남구 개포로 202','010-5445-1035','2020-12-07','회원',NULL),('parkkyungmi@naver.com','1234','경미','인천','010-1234-5678','2020-11-21','회원',NULL),('qkr@naver.com','111','나야','서울','010','2020-11-02','호스트',NULL),('qqq@naver.com','111111','박경미','서울특별시 서초구 강남대로12길 23-4','010-2223-7545','2020-12-08','회원',NULL),('rh@naver.com','1234','종찬','제주','010-5445-1035','2020-08-11','호스트',NULL),('rla@naver.com','1234','보람','하남','010-4512-5656',NULL,'호스트',NULL);
/*!40000 ALTER TABLE `userinfo` ENABLE KEYS */;
UNLOCK TABLES;
/*!40103 SET TIME_ZONE=@OLD_TIME_ZONE */;

/*!40101 SET SQL_MODE=@OLD_SQL_MODE */;
/*!40014 SET FOREIGN_KEY_CHECKS=@OLD_FOREIGN_KEY_CHECKS */;
/*!40014 SET UNIQUE_CHECKS=@OLD_UNIQUE_CHECKS */;
/*!40101 SET CHARACTER_SET_CLIENT=@OLD_CHARACTER_SET_CLIENT */;
/*!40101 SET CHARACTER_SET_RESULTS=@OLD_CHARACTER_SET_RESULTS */;
/*!40101 SET COLLATION_CONNECTION=@OLD_COLLATION_CONNECTION */;
/*!40111 SET SQL_NOTES=@OLD_SQL_NOTES */;

-- Dump completed on 2021-01-18  9:35:59
CREATE DATABASE  IF NOT EXISTS `makekit` /*!40100 DEFAULT CHARACTER SET utf8 */ /*!80016 DEFAULT ENCRYPTION='N' */;
USE `makekit`;
-- MySQL dump 10.13  Distrib 8.0.17, for macos10.14 (x86_64)
--
-- Host: localhost    Database: makekit
-- ------------------------------------------------------
-- Server version	8.0.17

/*!40101 SET @OLD_CHARACTER_SET_CLIENT=@@CHARACTER_SET_CLIENT */;
/*!40101 SET @OLD_CHARACTER_SET_RESULTS=@@CHARACTER_SET_RESULTS */;
/*!40101 SET @OLD_COLLATION_CONNECTION=@@COLLATION_CONNECTION */;
/*!50503 SET NAMES utf8 */;
/*!40103 SET @OLD_TIME_ZONE=@@TIME_ZONE */;
/*!40103 SET TIME_ZONE='+00:00' */;
/*!40014 SET @OLD_UNIQUE_CHECKS=@@UNIQUE_CHECKS, UNIQUE_CHECKS=0 */;
/*!40014 SET @OLD_FOREIGN_KEY_CHECKS=@@FOREIGN_KEY_CHECKS, FOREIGN_KEY_CHECKS=0 */;
/*!40101 SET @OLD_SQL_MODE=@@SQL_MODE, SQL_MODE='NO_AUTO_VALUE_ON_ZERO' */;
/*!40111 SET @OLD_SQL_NOTES=@@SQL_NOTES, SQL_NOTES=0 */;

--
-- Table structure for table `cartdetail`
--

DROP TABLE IF EXISTS `cartdetail`;
/*!40101 SET @saved_cs_client     = @@character_set_client */;
/*!50503 SET character_set_client = utf8mb4 */;
CREATE TABLE `cartdetail` (
  `DcartNo` int(11) NOT NULL AUTO_INCREMENT,
  `product_productNo` int(11) NOT NULL,
  `userinfo_userEmail` varchar(15) NOT NULL,
  `cartinfo_cartNo` int(11) NOT NULL,
  `cartQuantity` int(11) DEFAULT NULL,
  PRIMARY KEY (`DcartNo`),
  KEY `goods_prdNo` (`product_productNo`),
  KEY `user_userId` (`userinfo_userEmail`),
  KEY `fk_orderdetail_copy1_cartinfo1_idx` (`cartinfo_cartNo`),
  CONSTRAINT `fk_orderdetail_copy1_cartinfo1` FOREIGN KEY (`cartinfo_cartNo`) REFERENCES `cartinfo` (`cartNo`),
  CONSTRAINT `orderdetail_ibfk_20` FOREIGN KEY (`product_productNo`) REFERENCES `product` (`productNo`),
  CONSTRAINT `orderdetail_ibfk_30` FOREIGN KEY (`userinfo_userEmail`) REFERENCES `userinfo` (`userEmail`)
) ENGINE=InnoDB AUTO_INCREMENT=298 DEFAULT CHARSET=utf8;
/*!40101 SET character_set_client = @saved_cs_client */;

--
-- Dumping data for table `cartdetail`
--

LOCK TABLES `cartdetail` WRITE;
/*!40000 ALTER TABLE `cartdetail` DISABLE KEYS */;
/*!40000 ALTER TABLE `cartdetail` ENABLE KEYS */;
UNLOCK TABLES;

--
-- Table structure for table `cartinfo`
--

DROP TABLE IF EXISTS `cartinfo`;
/*!40101 SET @saved_cs_client     = @@character_set_client */;
/*!50503 SET character_set_client = utf8mb4 */;
CREATE TABLE `cartinfo` (
  `cartNo` int(11) NOT NULL AUTO_INCREMENT,
  `userinfo_userEmail` varchar(30) NOT NULL,
  PRIMARY KEY (`cartNo`,`userinfo_userEmail`),
  KEY `fk_orderinfo_user2_idx` (`userinfo_userEmail`),
  CONSTRAINT `fk_orderinfo_user20` FOREIGN KEY (`userinfo_userEmail`) REFERENCES `userinfo` (`userEmail`)
) ENGINE=InnoDB AUTO_INCREMENT=78 DEFAULT CHARSET=utf8;
/*!40101 SET character_set_client = @saved_cs_client */;

--
-- Dumping data for table `cartinfo`
--

LOCK TABLES `cartinfo` WRITE;
/*!40000 ALTER TABLE `cartinfo` DISABLE KEYS */;
INSERT INTO `cartinfo` VALUES (72,'bong@naver.com'),(73,'dong@naver.com'),(74,'gong@naver.com'),(69,'qkr@naver.com'),(75,'qkr@naver.com'),(76,'rong@naver.com'),(71,'song@naver.com'),(77,'song@naver.com');
/*!40000 ALTER TABLE `cartinfo` ENABLE KEYS */;
UNLOCK TABLES;

--
-- Table structure for table `chatting`
--

DROP TABLE IF EXISTS `chatting`;
/*!40101 SET @saved_cs_client     = @@character_set_client */;
/*!50503 SET character_set_client = utf8mb4 */;
CREATE TABLE `chatting` (
  `userinfo_userEmail_sender` varchar(15) NOT NULL,
  `userinfo_userEmail_receiver` varchar(15) NOT NULL,
  `chattingContents` text,
  `chattingInsertDate` datetime DEFAULT NULL,
  `chattingNumber` int(11) DEFAULT NULL,
  KEY `fk_chatting_userinfo1_idx` (`userinfo_userEmail_sender`),
  KEY `fk_chatting_userinfo2_idx` (`userinfo_userEmail_receiver`),
  CONSTRAINT `fk_chatting_userinfo1` FOREIGN KEY (`userinfo_userEmail_sender`) REFERENCES `userinfo` (`userEmail`),
  CONSTRAINT `fk_chatting_userinfo2` FOREIGN KEY (`userinfo_userEmail_receiver`) REFERENCES `userinfo` (`userEmail`)
) ENGINE=InnoDB DEFAULT CHARSET=utf8;
/*!40101 SET character_set_client = @saved_cs_client */;

--
-- Dumping data for table `chatting`
--

LOCK TABLES `chatting` WRITE;
/*!40000 ALTER TABLE `chatting` DISABLE KEYS */;
INSERT INTO `chatting` VALUES ('qkr@naver.com','song@naver.com','qwer','2021-01-15 01:29:55',1);
/*!40000 ALTER TABLE `chatting` ENABLE KEYS */;
UNLOCK TABLES;

--
-- Table structure for table `likeuser`
--

DROP TABLE IF EXISTS `likeuser`;
/*!40101 SET @saved_cs_client     = @@character_set_client */;
/*!50503 SET character_set_client = utf8mb4 */;
CREATE TABLE `likeuser` (
  `userinfo_userEmail` varchar(15) NOT NULL,
  `userinfo_like_userEmail` varchar(15) NOT NULL,
  KEY `fk_likeuser_userinfo1_idx` (`userinfo_userEmail`),
  KEY `fk_likeuser_userinfo2_idx` (`userinfo_like_userEmail`),
  CONSTRAINT `fk_likeuser_userinfo1` FOREIGN KEY (`userinfo_userEmail`) REFERENCES `userinfo` (`userEmail`),
  CONSTRAINT `fk_likeuser_userinfo2` FOREIGN KEY (`userinfo_like_userEmail`) REFERENCES `userinfo` (`userEmail`)
) ENGINE=InnoDB DEFAULT CHARSET=utf8;
/*!40101 SET character_set_client = @saved_cs_client */;

--
-- Dumping data for table `likeuser`
--

LOCK TABLES `likeuser` WRITE;
/*!40000 ALTER TABLE `likeuser` DISABLE KEYS */;
INSERT INTO `likeuser` VALUES ('qkr@naver.com','gong@naver.com');
/*!40000 ALTER TABLE `likeuser` ENABLE KEYS */;
UNLOCK TABLES;

--
-- Table structure for table `notice`
--

DROP TABLE IF EXISTS `notice`;
/*!40101 SET @saved_cs_client     = @@character_set_client */;
/*!50503 SET character_set_client = utf8mb4 */;
CREATE TABLE `notice` (
  `nSeqno` int(11) NOT NULL AUTO_INCREMENT,
  `nTitle` varchar(45) NOT NULL,
  `nContent` text NOT NULL,
  `nDate` date DEFAULT NULL,
  PRIMARY KEY (`nSeqno`),
  UNIQUE KEY `seqno_UNIQUE` (`nSeqno`)
) ENGINE=InnoDB AUTO_INCREMENT=37 DEFAULT CHARSET=utf8;
/*!40101 SET character_set_client = @saved_cs_client */;

--
-- Dumping data for table `notice`
--

LOCK TABLES `notice` WRITE;
/*!40000 ALTER TABLE `notice` DISABLE KEYS */;
/*!40000 ALTER TABLE `notice` ENABLE KEYS */;
UNLOCK TABLES;

--
-- Table structure for table `orderdetail`
--

DROP TABLE IF EXISTS `orderdetail`;
/*!40101 SET @saved_cs_client     = @@character_set_client */;
/*!50503 SET character_set_client = utf8mb4 */;
CREATE TABLE `orderdetail` (
  `orderDetailNo` int(11) NOT NULL AUTO_INCREMENT,
  `userinfo_userEmail` varchar(15) NOT NULL,
  `orderinfo_orderNo` int(11) NOT NULL,
  `goods_productNo` int(11) NOT NULL,
  `orderQuantity` int(11) DEFAULT NULL,
  `orderConfirm` int(11) DEFAULT NULL,
  `orderRefund` datetime DEFAULT NULL,
  `orderStar` varchar(3) DEFAULT NULL,
  `orderReview` text,
  `orderReviewImg` varchar(45) DEFAULT NULL,
  `orderReviewInsertDate` date DEFAULT NULL,
  PRIMARY KEY (`orderDetailNo`),
  KEY `goods_prdNo` (`goods_productNo`),
  KEY `user_userId` (`userinfo_userEmail`),
  KEY `orderdetail_ibfk_4` (`orderinfo_orderNo`),
  CONSTRAINT `orderdetail_ibfk_2` FOREIGN KEY (`goods_productNo`) REFERENCES `product` (`productNo`),
  CONSTRAINT `orderdetail_ibfk_3` FOREIGN KEY (`userinfo_userEmail`) REFERENCES `userinfo` (`userEmail`),
  CONSTRAINT `orderdetail_ibfk_4` FOREIGN KEY (`orderinfo_orderNo`) REFERENCES `orderinfo` (`orderNo`)
) ENGINE=InnoDB AUTO_INCREMENT=10 DEFAULT CHARSET=utf8;
/*!40101 SET character_set_client = @saved_cs_client */;

--
-- Dumping data for table `orderdetail`
--

LOCK TABLES `orderdetail` WRITE;
/*!40000 ALTER TABLE `orderdetail` DISABLE KEYS */;
INSERT INTO `orderdetail` VALUES (6,'qkr@naver.com',6,56,2,1,NULL,'5','정말 맛있었어요!','beef3.jpg','2021-01-12'),(8,'qkr@naver.com',9,56,2,1,NULL,'3','처음과 맛이 조금 달라진거 같은데요?',NULL,'2021-01-15'),(9,'qkr@naver.com',10,48,1,NULL,NULL,NULL,NULL,NULL,NULL);
/*!40000 ALTER TABLE `orderdetail` ENABLE KEYS */;
UNLOCK TABLES;

--
-- Table structure for table `orderinfo`
--

DROP TABLE IF EXISTS `orderinfo`;
/*!40101 SET @saved_cs_client     = @@character_set_client */;
/*!50503 SET character_set_client = utf8mb4 */;
CREATE TABLE `orderinfo` (
  `orderNo` int(11) NOT NULL AUTO_INCREMENT,
  `userinfo_userEmail` varchar(15) NOT NULL,
  `orderDate` datetime DEFAULT NULL,
  `orderReceiver` varchar(15) DEFAULT NULL,
  `orderRcvAddress` varchar(45) DEFAULT NULL,
  `orderRcvAddressDetail` varchar(45) DEFAULT NULL,
  `orderRcvPhone` varchar(15) DEFAULT NULL,
  `orderTotalPrice` int(11) DEFAULT NULL,
  `orderBank` varchar(6) DEFAULT NULL,
  `orderCardNo` varchar(20) DEFAULT NULL,
  `orderCardPw` varchar(10) DEFAULT NULL,
  `orderDelivery` varchar(15) DEFAULT '상품 준비중',
  `orderDeliveryDate` datetime DEFAULT NULL,
  PRIMARY KEY (`orderNo`,`userinfo_userEmail`),
  KEY `fk_orderinfo_user2_idx` (`userinfo_userEmail`),
  CONSTRAINT `fk_orderinfo_user2` FOREIGN KEY (`userinfo_userEmail`) REFERENCES `userinfo` (`userEmail`)
) ENGINE=InnoDB AUTO_INCREMENT=11 DEFAULT CHARSET=utf8;
/*!40101 SET character_set_client = @saved_cs_client */;

--
-- Dumping data for table `orderinfo`
--

LOCK TABLES `orderinfo` WRITE;
/*!40000 ALTER TABLE `orderinfo` DISABLE KEYS */;
INSERT INTO `orderinfo` VALUES (6,'qkr@naver.com','2021-01-15 16:14:09','박길동','서울시 중구','55','010-4567-4567',62500,'NH채움','1233-4565-7878','1245','상품 준비중',NULL),(8,'song@naver.com','2021-01-15 16:16:34','tkdtp','부산','상세','010-2222-2222',30000,'신한','2222','2222','상품 준비중',NULL),(9,'qkr@naver.com','2021-01-15 16:44:11','박길동','서울시 중구','55','010-4567-4567',62500,'롯데','1111-1111-1111','5774','상품 준비중',NULL),(10,'qkr@naver.com','2021-01-15 17:26:35','박길동','서울시 중구','55','010-4567-4567',26500,'우리','1234-4444-4444','2342','상품 준비중',NULL);
/*!40000 ALTER TABLE `orderinfo` ENABLE KEYS */;
UNLOCK TABLES;

--
-- Table structure for table `product`
--

DROP TABLE IF EXISTS `product`;
/*!40101 SET @saved_cs_client     = @@character_set_client */;
/*!50503 SET character_set_client = utf8mb4 */;
CREATE TABLE `product` (
  `productNo` int(11) NOT NULL AUTO_INCREMENT,
  `productName` varchar(45) DEFAULT NULL,
  `productSubTitle` varchar(45) DEFAULT NULL,
  `productType` varchar(25) DEFAULT NULL,
  `productPrice` varchar(10) DEFAULT NULL,
  `productStock` varchar(5) DEFAULT NULL,
  `productContent` text,
  `productFilename` varchar(45) DEFAULT NULL,
  `productDFilename` varchar(45) DEFAULT NULL,
  `productAFilename` varchar(45) DEFAULT NULL,
  `productInsertDate` datetime DEFAULT NULL,
  `productDeleteDate` datetime DEFAULT NULL,
  PRIMARY KEY (`productNo`),
  UNIQUE KEY `prdNo_UNIQUE` (`productNo`)
) ENGINE=InnoDB AUTO_INCREMENT=65 DEFAULT CHARSET=utf8;
/*!40101 SET character_set_client = @saved_cs_client */;

--
-- Dumping data for table `product`
--

LOCK TABLES `product` WRITE;
/*!40000 ALTER TABLE `product` DISABLE KEYS */;
INSERT INTO `product` VALUES (47,'비빔밥','전주식 비빔밥','korea','12000','10','전주식 비빔밥','img_product_bibimmakguksu1.png','img_product_bibimmakguksu2.png','img_product_bibimmakguksu3.png','2021-01-15 10:39:54',NULL),(48,'불고기','언양 불고기st','korea','24000','10','맛있는 불고기 입니다.','img_product_bulgogi1.png','img_product_bulgogi2.jpg','img_product_bulgogi3.jpg',NULL,NULL),(54,'황태국','숙취에 좋아요','korea','8000','10','숙취에 좋은 황태국입니다.','img_product_hwangtae1.png','img_product_hwangtae2.jpg','img_product_hwangtae3.jpg',NULL,NULL),(55,'잡채','잔치때 먹던 그맛','korea','15000','10','잔치에 먹던 그맛 !','img_product_japchae1.png','img_product_japchae2.png','img_product_japchae3.png',NULL,NULL),(56,'몽골리안비프','이국적인 색다른','etc','30000','10','이국적인 색다른 음식을 맛보세요','beef1.jpg','beef2.jpg','beef3.jpg',NULL,NULL),(57,'평양식 어복쟁반','전통 평양식','etc','27000','10','전통 평양음식','pyeongyang1.jpg','pyeongyang2.jpg','pyeongyang3.jpg',NULL,NULL),(58,'수비드 스테이크','단백질 풍부 닭가슴살','american','26800','10','수비드로 부드럽게','chisteak1.jpg','chisteak2.jpg','chisteak3.jpg',NULL,NULL),(59,'단호박 파스타','달콤한 단호박','american','27000','10','달콤한 단호박과 부드러운 크림','pasta1.jpg','pasta2.jpg','pasta3.jpg',NULL,NULL),(61,'해물 짬뽕 전골','신선한 해물이 가득','korea','17500','10','신선한 해물이 가득','jjambbong1.jpg','jjambbong2.jpg','jjambbong3.jpg',NULL,NULL),(62,'매운 불족발','술안주로 제격','korea','21000','10','매운 불족발 !','bul1.jpg','bul2.jpg','bul3.jpg',NULL,NULL),(63,'유니짜장','조선호텔 유니짜장','chinese','9000','10','조선호텔을 담은 짜장','jjajang1.png','jjajang2.png','jjajang3.png',NULL,NULL),(64,'목살세트','목살 스테이크 세트!','set','24900','10','영양 가득 한상','set1.jpg','set2.jpg','set3.jpg',NULL,NULL);
/*!40000 ALTER TABLE `product` ENABLE KEYS */;
UNLOCK TABLES;

--
-- Table structure for table `register`
--

DROP TABLE IF EXISTS `register`;
/*!40101 SET @saved_cs_client     = @@character_set_client */;
/*!50503 SET character_set_client = utf8mb4 */;
CREATE TABLE `register` (
  `userinfo_userEmail` varchar(15) NOT NULL,
  `product_productNo` int(11) NOT NULL,
  `selleraddress` varchar(45) DEFAULT NULL,
  `selleraddressdetail` varchar(45) DEFAULT NULL,
  KEY `fk_register_userinfo1_idx` (`userinfo_userEmail`),
  KEY `fk_register_product1_idx` (`product_productNo`),
  CONSTRAINT `fk_register_product1` FOREIGN KEY (`product_productNo`) REFERENCES `product` (`productNo`),
  CONSTRAINT `fk_register_userinfo1` FOREIGN KEY (`userinfo_userEmail`) REFERENCES `userinfo` (`userEmail`)
) ENGINE=InnoDB DEFAULT CHARSET=utf8;
/*!40101 SET character_set_client = @saved_cs_client */;

--
-- Dumping data for table `register`
--

LOCK TABLES `register` WRITE;
/*!40000 ALTER TABLE `register` DISABLE KEYS */;
INSERT INTO `register` VALUES ('gong@naver.com',47,'서울특별시 강남대로 402',NULL),('gong@naver.com',48,'서울특별시 강남대로 358',NULL),('qkr@naver.com',59,'서울특별시 강남대로 413',NULL),('qkr@naver.com',58,'서울특별시 강남대로 409',NULL),('qkr@naver.com',63,'서울특별시 강남대로 385',NULL),('rong@naver.com',54,'서울특별시 강남대로 418',NULL),('rong@naver.com',55,'서울특별시 강남대로 426',NULL),('rong@naver.com',56,'서울특별시 강남대로 48',NULL),('bong@naver.com',57,'서울특별시 강남대로 324',NULL),('bong@naver.com',61,'서울특별시 강남대로 314',NULL),('bong@naver.com',62,'서울특별시 강남대로 245',NULL),('bong@naver.com',64,'서울특별시 강남대로 359',NULL);
/*!40000 ALTER TABLE `register` ENABLE KEYS */;
UNLOCK TABLES;

--
-- Table structure for table `userinfo`
--

DROP TABLE IF EXISTS `userinfo`;
/*!40101 SET @saved_cs_client     = @@character_set_client */;
/*!50503 SET character_set_client = utf8mb4 */;
CREATE TABLE `userinfo` (
  `userEmail` varchar(30) NOT NULL,
  `userPw` varchar(25) NOT NULL,
  `userName` varchar(10) DEFAULT NULL,
  `userAddress` varchar(45) DEFAULT NULL,
  `userAddressDetail` varchar(45) DEFAULT NULL,
  `userTel` varchar(15) DEFAULT NULL,
  `userBirth` varchar(13) DEFAULT NULL,
  `userInsertDate` date DEFAULT NULL,
  `userDeleteDate` date DEFAULT NULL,
  `userImage` varchar(45) DEFAULT NULL,
  PRIMARY KEY (`userEmail`)
) ENGINE=InnoDB DEFAULT CHARSET=utf8;
/*!40101 SET character_set_client = @saved_cs_client */;

--
-- Dumping data for table `userinfo`
--

LOCK TABLES `userinfo` WRITE;
/*!40000 ALTER TABLE `userinfo` DISABLE KEYS */;
INSERT INTO `userinfo` VALUES ('bong@naver.com','abcd','임꺽정','서울시 구로구 개봉동','2','010-1234-1234',NULL,'2021-01-15',NULL,NULL),('dong@naver.com','456789','조르디','서울시 용산구 용산동','427','010-1234-1234',NULL,'2021-01-15',NULL,NULL),('gong@naver.com','qwer1234','홍길동','서울시 서초구 서초동','12-1','010-1234-1234',NULL,'2021-01-15',NULL,NULL),('qkr@naver.com','123','박길동','서울시 중구','55','010-4567-4567',NULL,'2021-01-15',NULL,'2020123116618250.jpg'),('rong@naver.com','1234567','라이언','서울시 강남구 대치동','123-1','010-1234-1234',NULL,'2021-01-15',NULL,'2020123116618250.jpg'),('song@naver.com','123','유비','서울시 영등포구','7','010-1222-4577',NULL,'2021-01-15',NULL,NULL);
/*!40000 ALTER TABLE `userinfo` ENABLE KEYS */;
UNLOCK TABLES;

--
-- Table structure for table `wishlist`
--

DROP TABLE IF EXISTS `wishlist`;
/*!40101 SET @saved_cs_client     = @@character_set_client */;
/*!50503 SET character_set_client = utf8mb4 */;
CREATE TABLE `wishlist` (
  `userinfo_userEmail` varchar(15) NOT NULL,
  `product_productNo` int(11) NOT NULL,
  `wishlistInsertDate` datetime DEFAULT NULL,
  KEY `fk_wishlist_userinfo1_idx` (`userinfo_userEmail`),
  KEY `fk_wishlist_product1_idx` (`product_productNo`),
  CONSTRAINT `fk_wishlist_product1` FOREIGN KEY (`product_productNo`) REFERENCES `product` (`productNo`),
  CONSTRAINT `fk_wishlist_userinfo1` FOREIGN KEY (`userinfo_userEmail`) REFERENCES `userinfo` (`userEmail`)
) ENGINE=InnoDB DEFAULT CHARSET=utf8;
/*!40101 SET character_set_client = @saved_cs_client */;

--
-- Dumping data for table `wishlist`
--

LOCK TABLES `wishlist` WRITE;
/*!40000 ALTER TABLE `wishlist` DISABLE KEYS */;
INSERT INTO `wishlist` VALUES ('qkr@naver.com',56,'2021-01-15 18:46:17');
/*!40000 ALTER TABLE `wishlist` ENABLE KEYS */;
UNLOCK TABLES;
/*!40103 SET TIME_ZONE=@OLD_TIME_ZONE */;

/*!40101 SET SQL_MODE=@OLD_SQL_MODE */;
/*!40014 SET FOREIGN_KEY_CHECKS=@OLD_FOREIGN_KEY_CHECKS */;
/*!40014 SET UNIQUE_CHECKS=@OLD_UNIQUE_CHECKS */;
/*!40101 SET CHARACTER_SET_CLIENT=@OLD_CHARACTER_SET_CLIENT */;
/*!40101 SET CHARACTER_SET_RESULTS=@OLD_CHARACTER_SET_RESULTS */;
/*!40101 SET COLLATION_CONNECTION=@OLD_COLLATION_CONNECTION */;
/*!40111 SET SQL_NOTES=@OLD_SQL_NOTES */;

-- Dump completed on 2021-01-18  9:36:00
CREATE DATABASE  IF NOT EXISTS `mvc` /*!40100 DEFAULT CHARACTER SET utf8 */ /*!80016 DEFAULT ENCRYPTION='N' */;
USE `mvc`;
-- MySQL dump 10.13  Distrib 8.0.17, for macos10.14 (x86_64)
--
-- Host: localhost    Database: mvc
-- ------------------------------------------------------
-- Server version	8.0.17

/*!40101 SET @OLD_CHARACTER_SET_CLIENT=@@CHARACTER_SET_CLIENT */;
/*!40101 SET @OLD_CHARACTER_SET_RESULTS=@@CHARACTER_SET_RESULTS */;
/*!40101 SET @OLD_COLLATION_CONNECTION=@@COLLATION_CONNECTION */;
/*!50503 SET NAMES utf8 */;
/*!40103 SET @OLD_TIME_ZONE=@@TIME_ZONE */;
/*!40103 SET TIME_ZONE='+00:00' */;
/*!40014 SET @OLD_UNIQUE_CHECKS=@@UNIQUE_CHECKS, UNIQUE_CHECKS=0 */;
/*!40014 SET @OLD_FOREIGN_KEY_CHECKS=@@FOREIGN_KEY_CHECKS, FOREIGN_KEY_CHECKS=0 */;
/*!40101 SET @OLD_SQL_MODE=@@SQL_MODE, SQL_MODE='NO_AUTO_VALUE_ON_ZERO' */;
/*!40111 SET @OLD_SQL_NOTES=@@SQL_NOTES, SQL_NOTES=0 */;

--
-- Table structure for table `likeTable`
--

DROP TABLE IF EXISTS `likeTable`;
/*!40101 SET @saved_cs_client     = @@character_set_client */;
/*!50503 SET character_set_client = utf8mb4 */;
CREATE TABLE `likeTable` (
  `bSeq` int(11) NOT NULL AUTO_INCREMENT,
  `bLike` int(11) DEFAULT NULL,
  `bName` varchar(45) DEFAULT NULL,
  `saveTitle` varchar(45) DEFAULT NULL,
  `bId` varchar(45) DEFAULT NULL,
  PRIMARY KEY (`bSeq`)
) ENGINE=InnoDB AUTO_INCREMENT=13 DEFAULT CHARSET=utf8;
/*!40101 SET character_set_client = @saved_cs_client */;

--
-- Dumping data for table `likeTable`
--

LOCK TABLES `likeTable` WRITE;
/*!40000 ALTER TABLE `likeTable` DISABLE KEYS */;
INSERT INTO `likeTable` VALUES (4,1,'3','2',NULL),(5,1,'장비','추천','1'),(6,1,'장비','숙소 가보기','1'),(7,1,'장비','ㅅ ㄱㅅ','1'),(8,1,'장비','숙소','1'),(9,1,'장비','저장','1'),(10,1,'장비','Dd','1'),(11,1,'장비','Qq','1'),(12,1,'장비',' r','1');
/*!40000 ALTER TABLE `likeTable` ENABLE KEYS */;
UNLOCK TABLES;

--
-- Table structure for table `mvc_board`
--

DROP TABLE IF EXISTS `mvc_board`;
/*!40101 SET @saved_cs_client     = @@character_set_client */;
/*!50503 SET character_set_client = utf8mb4 */;
CREATE TABLE `mvc_board` (
  `bId` int(11) NOT NULL AUTO_INCREMENT,
  `bName` varchar(12) DEFAULT NULL,
  `bTitle` varchar(100) DEFAULT NULL,
  `bContent` text,
  `bDate` date DEFAULT NULL,
  PRIMARY KEY (`bId`),
  UNIQUE KEY `bId_UNIQUE` (`bId`)
) ENGINE=InnoDB AUTO_INCREMENT=10 DEFAULT CHARSET=utf8;
/*!40101 SET character_set_client = @saved_cs_client */;

--
-- Dumping data for table `mvc_board`
--

LOCK TABLES `mvc_board` WRITE;
/*!40000 ALTER TABLE `mvc_board` DISABLE KEYS */;
INSERT INTO `mvc_board` VALUES (1,'유비123','유비-타이틀123','유비-내용 123','2020-11-24'),(2,'관우','관우-타이틀','관우-내용','2020-11-24'),(3,'장비','장비-타이틀','장비-내용','2020-11-24'),(4,'여포','여포-타이틀','여포-내용','2020-11-24'),(5,'조조','조조-타이틀','조조-내용','2020-11-24'),(7,'werwe','Werw','Wrier','2020-11-24'),(8,'werwe','Werw','Wrier','2020-11-24'),(9,'1234','1234','1234','2020-11-24');
/*!40000 ALTER TABLE `mvc_board` ENABLE KEYS */;
UNLOCK TABLES;
/*!40103 SET TIME_ZONE=@OLD_TIME_ZONE */;

/*!40101 SET SQL_MODE=@OLD_SQL_MODE */;
/*!40014 SET FOREIGN_KEY_CHECKS=@OLD_FOREIGN_KEY_CHECKS */;
/*!40014 SET UNIQUE_CHECKS=@OLD_UNIQUE_CHECKS */;
/*!40101 SET CHARACTER_SET_CLIENT=@OLD_CHARACTER_SET_CLIENT */;
/*!40101 SET CHARACTER_SET_RESULTS=@OLD_CHARACTER_SET_RESULTS */;
/*!40101 SET COLLATION_CONNECTION=@OLD_COLLATION_CONNECTION */;
/*!40111 SET SQL_NOTES=@OLD_SQL_NOTES */;

-- Dump completed on 2021-01-18  9:36:00
CREATE DATABASE  IF NOT EXISTS `madang` /*!40100 DEFAULT CHARACTER SET utf8 */ /*!80016 DEFAULT ENCRYPTION='N' */;
USE `madang`;
-- MySQL dump 10.13  Distrib 8.0.17, for macos10.14 (x86_64)
--
-- Host: localhost    Database: madang
-- ------------------------------------------------------
-- Server version	8.0.17

/*!40101 SET @OLD_CHARACTER_SET_CLIENT=@@CHARACTER_SET_CLIENT */;
/*!40101 SET @OLD_CHARACTER_SET_RESULTS=@@CHARACTER_SET_RESULTS */;
/*!40101 SET @OLD_COLLATION_CONNECTION=@@COLLATION_CONNECTION */;
/*!50503 SET NAMES utf8 */;
/*!40103 SET @OLD_TIME_ZONE=@@TIME_ZONE */;
/*!40103 SET TIME_ZONE='+00:00' */;
/*!40014 SET @OLD_UNIQUE_CHECKS=@@UNIQUE_CHECKS, UNIQUE_CHECKS=0 */;
/*!40014 SET @OLD_FOREIGN_KEY_CHECKS=@@FOREIGN_KEY_CHECKS, FOREIGN_KEY_CHECKS=0 */;
/*!40101 SET @OLD_SQL_MODE=@@SQL_MODE, SQL_MODE='NO_AUTO_VALUE_ON_ZERO' */;
/*!40111 SET @OLD_SQL_NOTES=@@SQL_NOTES, SQL_NOTES=0 */;

--
-- Table structure for table `book`
--

DROP TABLE IF EXISTS `book`;
/*!40101 SET @saved_cs_client     = @@character_set_client */;
/*!50503 SET character_set_client = utf8mb4 */;
CREATE TABLE `book` (
  `bookid` int(11) NOT NULL,
  `bookname` varchar(45) DEFAULT NULL,
  `publisher` varchar(45) DEFAULT NULL,
  `price` int(6) DEFAULT NULL,
  PRIMARY KEY (`bookid`),
  UNIQUE KEY `bookid_UNIQUE` (`bookid`)
) ENGINE=InnoDB DEFAULT CHARSET=utf8 COMMENT='Book테이블';
/*!40101 SET character_set_client = @saved_cs_client */;

--
-- Dumping data for table `book`
--

LOCK TABLES `book` WRITE;
/*!40000 ALTER TABLE `book` DISABLE KEYS */;
INSERT INTO `book` VALUES (1,'축구의역사','굿스포츠',7000),(2,'축구아는 여자','나무수',13000),(3,'축구의 이해','대한미디어',22000),(4,'골프 바이블','대한미디어',35000),(5,'피겨 교본','굿스포츠',6000),(6,'역도 단계별 기술','굿스포츠',6000),(7,'야구의 추억','이상미디어',20000),(8,'야구를 부탁해','이상미디어',13000),(9,'올림픽 이야기','삼성당',7500),(10,'올림픽 챔피언','피어슨',13000);
/*!40000 ALTER TABLE `book` ENABLE KEYS */;
UNLOCK TABLES;

--
-- Table structure for table `customer`
--

DROP TABLE IF EXISTS `customer`;
/*!40101 SET @saved_cs_client     = @@character_set_client */;
/*!50503 SET character_set_client = utf8mb4 */;
CREATE TABLE `customer` (
  `custid` int(11) NOT NULL,
  `name` varchar(10) DEFAULT NULL,
  `address` varchar(45) DEFAULT NULL,
  `phone` varchar(20) DEFAULT NULL,
  PRIMARY KEY (`custid`),
  UNIQUE KEY `custid_UNIQUE` (`custid`)
) ENGINE=InnoDB DEFAULT CHARSET=utf8 COMMENT='고객 테이블';
/*!40101 SET character_set_client = @saved_cs_client */;

--
-- Dumping data for table `customer`
--

LOCK TABLES `customer` WRITE;
/*!40000 ALTER TABLE `customer` DISABLE KEYS */;
INSERT INTO `customer` VALUES (1,'박지성','영국 맨체스타','000-5000-0001'),(2,'김연아','대한민국 서울','000-6000-0001'),(3,'장미란','대한민국 강원도','000-7000-0001'),(4,'추신수','미국 클리블랜드','000-8000-0001'),(5,'박세리','대한민국 대전',NULL);
/*!40000 ALTER TABLE `customer` ENABLE KEYS */;
UNLOCK TABLES;

--
-- Table structure for table `orders`
--

DROP TABLE IF EXISTS `orders`;
/*!40101 SET @saved_cs_client     = @@character_set_client */;
/*!50503 SET character_set_client = utf8mb4 */;
CREATE TABLE `orders` (
  `orderid` int(11) NOT NULL,
  `custid` int(11) DEFAULT NULL,
  `bookid` int(11) DEFAULT NULL,
  `saleprice` int(6) DEFAULT NULL,
  `orderdate` date DEFAULT NULL,
  PRIMARY KEY (`orderid`),
  UNIQUE KEY `orderid_UNIQUE` (`orderid`)
) ENGINE=InnoDB DEFAULT CHARSET=utf8 COMMENT='Order내용';
/*!40101 SET character_set_client = @saved_cs_client */;

--
-- Dumping data for table `orders`
--

LOCK TABLES `orders` WRITE;
/*!40000 ALTER TABLE `orders` DISABLE KEYS */;
INSERT INTO `orders` VALUES (1,1,1,6000,'2014-07-01'),(2,1,3,21000,'2014-07-03'),(3,2,5,8000,'2014-07-03'),(4,3,6,6000,'2014-07-04'),(5,4,7,20000,'2014-07-05'),(6,1,2,12000,'2014-07-07'),(7,4,8,13000,'2014-07-07'),(8,3,10,12000,'2014-07-08'),(9,2,10,7000,'2014-07-09'),(10,3,8,13000,'2014-07-10');
/*!40000 ALTER TABLE `orders` ENABLE KEYS */;
UNLOCK TABLES;
/*!40103 SET TIME_ZONE=@OLD_TIME_ZONE */;

/*!40101 SET SQL_MODE=@OLD_SQL_MODE */;
/*!40014 SET FOREIGN_KEY_CHECKS=@OLD_FOREIGN_KEY_CHECKS */;
/*!40014 SET UNIQUE_CHECKS=@OLD_UNIQUE_CHECKS */;
/*!40101 SET CHARACTER_SET_CLIENT=@OLD_CHARACTER_SET_CLIENT */;
/*!40101 SET CHARACTER_SET_RESULTS=@OLD_CHARACTER_SET_RESULTS */;
/*!40101 SET COLLATION_CONNECTION=@OLD_COLLATION_CONNECTION */;
/*!40111 SET SQL_NOTES=@OLD_SQL_NOTES */;

-- Dump completed on 2021-01-18  9:36:00
CREATE DATABASE  IF NOT EXISTS `test` /*!40100 DEFAULT CHARACTER SET utf8 */ /*!80016 DEFAULT ENCRYPTION='N' */;
USE `test`;
-- MySQL dump 10.13  Distrib 8.0.17, for macos10.14 (x86_64)
--
-- Host: localhost    Database: test
-- ------------------------------------------------------
-- Server version	8.0.17

/*!40101 SET @OLD_CHARACTER_SET_CLIENT=@@CHARACTER_SET_CLIENT */;
/*!40101 SET @OLD_CHARACTER_SET_RESULTS=@@CHARACTER_SET_RESULTS */;
/*!40101 SET @OLD_COLLATION_CONNECTION=@@COLLATION_CONNECTION */;
/*!50503 SET NAMES utf8 */;
/*!40103 SET @OLD_TIME_ZONE=@@TIME_ZONE */;
/*!40103 SET TIME_ZONE='+00:00' */;
/*!40014 SET @OLD_UNIQUE_CHECKS=@@UNIQUE_CHECKS, UNIQUE_CHECKS=0 */;
/*!40014 SET @OLD_FOREIGN_KEY_CHECKS=@@FOREIGN_KEY_CHECKS, FOREIGN_KEY_CHECKS=0 */;
/*!40101 SET @OLD_SQL_MODE=@@SQL_MODE, SQL_MODE='NO_AUTO_VALUE_ON_ZERO' */;
/*!40111 SET @OLD_SQL_NOTES=@@SQL_NOTES, SQL_NOTES=0 */;

--
-- Table structure for table `customer`
--

DROP TABLE IF EXISTS `customer`;
/*!40101 SET @saved_cs_client     = @@character_set_client */;
/*!50503 SET character_set_client = utf8mb4 */;
CREATE TABLE `customer` (
  `id` int(10) unsigned NOT NULL AUTO_INCREMENT,
  `last_name` varchar(20) DEFAULT NULL,
  `first_name` varchar(20) DEFAULT NULL,
  `address` varchar(45) DEFAULT NULL,
  PRIMARY KEY (`id`)
) ENGINE=InnoDB AUTO_INCREMENT=4 DEFAULT CHARSET=utf8;
/*!40101 SET character_set_client = @saved_cs_client */;

--
-- Dumping data for table `customer`
--

LOCK TABLES `customer` WRITE;
/*!40000 ALTER TABLE `customer` DISABLE KEYS */;
INSERT INTO `customer` VALUES (1,'Peterson','Grace','16055 Seminole Ave.'),(2,'Smith','Bernice','916 Maple Dr.'),(3,'Brown','Walter','8602 1st St.');
/*!40000 ALTER TABLE `customer` ENABLE KEYS */;
UNLOCK TABLES;

--
-- Table structure for table `employee_tbl`
--

DROP TABLE IF EXISTS `employee_tbl`;
/*!40101 SET @saved_cs_client     = @@character_set_client */;
/*!50503 SET character_set_client = utf8mb4 */;
CREATE TABLE `employee_tbl` (
  `id` int(10) unsigned NOT NULL AUTO_INCREMENT,
  `name` varchar(20) DEFAULT NULL,
  `workdate` date DEFAULT NULL,
  `daily_typing_pages` int(10) unsigned DEFAULT NULL,
  PRIMARY KEY (`id`)
) ENGINE=InnoDB AUTO_INCREMENT=8 DEFAULT CHARSET=utf8;
/*!40101 SET character_set_client = @saved_cs_client */;

--
-- Dumping data for table `employee_tbl`
--

LOCK TABLES `employee_tbl` WRITE;
/*!40000 ALTER TABLE `employee_tbl` DISABLE KEYS */;
INSERT INTO `employee_tbl` VALUES (1,'John','2007-01-24',250),(2,'Ram','2007-05-27',220),(3,'Jack','2007-05-06',170),(4,'Jack','2007-04-06',100),(5,'Jill','2007-04-06',220),(6,'Zara','2007-06-06',300),(7,'Zara','2007-02-06',350);
/*!40000 ALTER TABLE `employee_tbl` ENABLE KEYS */;
UNLOCK TABLES;

--
-- Table structure for table `prospect`
--

DROP TABLE IF EXISTS `prospect`;
/*!40101 SET @saved_cs_client     = @@character_set_client */;
/*!50503 SET character_set_client = utf8mb4 */;
CREATE TABLE `prospect` (
  `id` int(10) unsigned NOT NULL AUTO_INCREMENT,
  `fname` varchar(20) DEFAULT NULL,
  `lname` varchar(20) DEFAULT NULL,
  `addr` varchar(45) DEFAULT NULL,
  PRIMARY KEY (`id`)
) ENGINE=InnoDB AUTO_INCREMENT=3 DEFAULT CHARSET=utf8;
/*!40101 SET character_set_client = @saved_cs_client */;

--
-- Dumping data for table `prospect`
--

LOCK TABLES `prospect` WRITE;
/*!40000 ALTER TABLE `prospect` DISABLE KEYS */;
INSERT INTO `prospect` VALUES (1,'Peter','Jones','482 Rush St., Apt. 402'),(2,'Bernice','Smith','916 Maple Dr. ');
/*!40000 ALTER TABLE `prospect` ENABLE KEYS */;
UNLOCK TABLES;

--
-- Table structure for table `vendor`
--

DROP TABLE IF EXISTS `vendor`;
/*!40101 SET @saved_cs_client     = @@character_set_client */;
/*!50503 SET character_set_client = utf8mb4 */;
CREATE TABLE `vendor` (
  `id` int(10) unsigned NOT NULL AUTO_INCREMENT,
  `company` varchar(30) DEFAULT NULL,
  `street` varchar(45) DEFAULT NULL,
  PRIMARY KEY (`id`)
) ENGINE=InnoDB AUTO_INCREMENT=3 DEFAULT CHARSET=utf8;
/*!40101 SET character_set_client = @saved_cs_client */;

--
-- Dumping data for table `vendor`
--

LOCK TABLES `vendor` WRITE;
/*!40000 ALTER TABLE `vendor` DISABLE KEYS */;
INSERT INTO `vendor` VALUES (1,'ReddyParts, Inc.','38 Industrial Blvd.'),(2,'Parts-to-go, Ltd.','213B Commerce Park.');
/*!40000 ALTER TABLE `vendor` ENABLE KEYS */;
UNLOCK TABLES;
/*!40103 SET TIME_ZONE=@OLD_TIME_ZONE */;

/*!40101 SET SQL_MODE=@OLD_SQL_MODE */;
/*!40014 SET FOREIGN_KEY_CHECKS=@OLD_FOREIGN_KEY_CHECKS */;
/*!40014 SET UNIQUE_CHECKS=@OLD_UNIQUE_CHECKS */;
/*!40101 SET CHARACTER_SET_CLIENT=@OLD_CHARACTER_SET_CLIENT */;
/*!40101 SET CHARACTER_SET_RESULTS=@OLD_CHARACTER_SET_RESULTS */;
/*!40101 SET COLLATION_CONNECTION=@OLD_COLLATION_CONNECTION */;
/*!40111 SET SQL_NOTES=@OLD_SQL_NOTES */;

-- Dump completed on 2021-01-18  9:36:01
CREATE DATABASE  IF NOT EXISTS `mydb` /*!40100 DEFAULT CHARACTER SET utf8 */ /*!80016 DEFAULT ENCRYPTION='N' */;
USE `mydb`;
-- MySQL dump 10.13  Distrib 8.0.17, for macos10.14 (x86_64)
--
-- Host: localhost    Database: mydb
-- ------------------------------------------------------
-- Server version	8.0.17

/*!40101 SET @OLD_CHARACTER_SET_CLIENT=@@CHARACTER_SET_CLIENT */;
/*!40101 SET @OLD_CHARACTER_SET_RESULTS=@@CHARACTER_SET_RESULTS */;
/*!40101 SET @OLD_COLLATION_CONNECTION=@@COLLATION_CONNECTION */;
/*!50503 SET NAMES utf8 */;
/*!40103 SET @OLD_TIME_ZONE=@@TIME_ZONE */;
/*!40103 SET TIME_ZONE='+00:00' */;
/*!40014 SET @OLD_UNIQUE_CHECKS=@@UNIQUE_CHECKS, UNIQUE_CHECKS=0 */;
/*!40014 SET @OLD_FOREIGN_KEY_CHECKS=@@FOREIGN_KEY_CHECKS, FOREIGN_KEY_CHECKS=0 */;
/*!40101 SET @OLD_SQL_MODE=@@SQL_MODE, SQL_MODE='NO_AUTO_VALUE_ON_ZERO' */;
/*!40111 SET @OLD_SQL_NOTES=@@SQL_NOTES, SQL_NOTES=0 */;

--
-- Table structure for table `chatting`
--

DROP TABLE IF EXISTS `chatting`;
/*!40101 SET @saved_cs_client     = @@character_set_client */;
/*!50503 SET character_set_client = utf8mb4 */;
CREATE TABLE `chatting` (
  `user_userId_from` varchar(15) NOT NULL,
  `user_userId_to` varchar(15) NOT NULL,
  `chattingContent` text,
  `chattingDate` datetime DEFAULT NULL,
  PRIMARY KEY (`user_userId_from`,`user_userId_to`),
  KEY `fk_chatting_user1_idx` (`user_userId_from`),
  KEY `fk_chatting_user2_idx` (`user_userId_to`),
  CONSTRAINT `fk_chatting_user1` FOREIGN KEY (`user_userId_from`) REFERENCES `team_five`.`user` (`userId`),
  CONSTRAINT `fk_chatting_user2` FOREIGN KEY (`user_userId_to`) REFERENCES `team_five`.`user` (`userId`)
) ENGINE=InnoDB DEFAULT CHARSET=utf8;
/*!40101 SET character_set_client = @saved_cs_client */;

--
-- Dumping data for table `chatting`
--

LOCK TABLES `chatting` WRITE;
/*!40000 ALTER TABLE `chatting` DISABLE KEYS */;
/*!40000 ALTER TABLE `chatting` ENABLE KEYS */;
UNLOCK TABLES;

--
-- Table structure for table `Diary`
--

DROP TABLE IF EXISTS `Diary`;
/*!40101 SET @saved_cs_client     = @@character_set_client */;
/*!50503 SET character_set_client = utf8mb4 */;
CREATE TABLE `Diary` (
  `seqno` int(11) NOT NULL AUTO_INCREMENT,
  `user_id` varchar(45) DEFAULT NULL,
  `title` varchar(45) DEFAULT NULL,
  `content` longtext,
  `insertdate` date DEFAULT NULL,
  PRIMARY KEY (`seqno`),
  UNIQUE KEY `seqno_UNIQUE` (`seqno`),
  KEY `fk_Diary_user_idx` (`user_id`),
  CONSTRAINT `fk_Diary_user` FOREIGN KEY (`user_id`) REFERENCES `user` (`id`)
) ENGINE=InnoDB AUTO_INCREMENT=38 DEFAULT CHARSET=utf8;
/*!40101 SET character_set_client = @saved_cs_client */;

--
-- Dumping data for table `Diary`
--

LOCK TABLES `Diary` WRITE;
/*!40000 ALTER TABLE `Diary` DISABLE KEYS */;
INSERT INTO `Diary` VALUES (24,'boram','보람이','나는 보람이다..ㅎㅎ','2020-11-05'),(25,'boram','보람이는 종한이와 노래를 한다.','왜들 그리 다운 돼있어??','2020-11-05'),(26,'ckwhdgks','종한이','나는 종한이당..ㅎ','2020-11-05'),(27,NULL,'수업','수업을 듣는다.','2020-11-05'),(28,NULL,'ㅁㅁ','ㅁㅁㅁ','2020-11-05'),(29,'boram','qw','qw','2020-11-05'),(30,'qkrwldms','qkrwldms','박지은','2020-11-05'),(34,'sdf','asdfa','asdf','2020-11-05'),(35,NULL,'sd','sd','2020-11-06'),(36,NULL,'sd','sd','2020-11-06'),(37,NULL,'cvb','cvb','2020-11-06');
/*!40000 ALTER TABLE `Diary` ENABLE KEYS */;
UNLOCK TABLES;

--
-- Table structure for table `orderinfo`
--

DROP TABLE IF EXISTS `orderinfo`;
/*!40101 SET @saved_cs_client     = @@character_set_client */;
/*!50503 SET character_set_client = utf8mb4 */;
CREATE TABLE `orderinfo` (
  `idorderinfo` int(11) NOT NULL,
  PRIMARY KEY (`idorderinfo`)
) ENGINE=InnoDB DEFAULT CHARSET=utf8;
/*!40101 SET character_set_client = @saved_cs_client */;

--
-- Dumping data for table `orderinfo`
--

LOCK TABLES `orderinfo` WRITE;
/*!40000 ALTER TABLE `orderinfo` DISABLE KEYS */;
/*!40000 ALTER TABLE `orderinfo` ENABLE KEYS */;
UNLOCK TABLES;

--
-- Table structure for table `register`
--

DROP TABLE IF EXISTS `register`;
/*!40101 SET @saved_cs_client     = @@character_set_client */;
/*!50503 SET character_set_client = utf8mb4 */;
CREATE TABLE `register` (
  `user_userId` varchar(15) NOT NULL,
  `product_prdNo` int(11) NOT NULL,
  PRIMARY KEY (`user_userId`,`product_prdNo`),
  KEY `fk_register_user_idx` (`user_userId`),
  KEY `fk_register_product1_idx` (`product_prdNo`),
  CONSTRAINT `fk_register_product1` FOREIGN KEY (`product_prdNo`) REFERENCES `team_five`.`product` (`prdNo`),
  CONSTRAINT `fk_register_user` FOREIGN KEY (`user_userId`) REFERENCES `team_five`.`user` (`userId`)
) ENGINE=InnoDB DEFAULT CHARSET=utf8;
/*!40101 SET character_set_client = @saved_cs_client */;

--
-- Dumping data for table `register`
--

LOCK TABLES `register` WRITE;
/*!40000 ALTER TABLE `register` DISABLE KEYS */;
/*!40000 ALTER TABLE `register` ENABLE KEYS */;
UNLOCK TABLES;

--
-- Table structure for table `user`
--

DROP TABLE IF EXISTS `user`;
/*!40101 SET @saved_cs_client     = @@character_set_client */;
/*!50503 SET character_set_client = utf8mb4 */;
CREATE TABLE `user` (
  `id` varchar(45) NOT NULL,
  `pw` varchar(45) DEFAULT NULL,
  `name` varchar(45) DEFAULT NULL,
  PRIMARY KEY (`id`),
  UNIQUE KEY `id_UNIQUE` (`id`)
) ENGINE=InnoDB DEFAULT CHARSET=utf8;
/*!40101 SET character_set_client = @saved_cs_client */;

--
-- Dumping data for table `user`
--

LOCK TABLES `user` WRITE;
/*!40000 ALTER TABLE `user` DISABLE KEYS */;
INSERT INTO `user` VALUES ('','',''),('5555','555','55'),('boram','0805','보람'),('ckwhdgks','920912','차종한'),('fds','qwe','aa'),('ffff','111','1'),('gh','gh',NULL),('ol','oo',NULL),('qkrwldms','123','qwe'),('qrqr','qrqr',NULL),('rhwhdcks','900811','고종찬'),('rlaqhfka','980611','김보람'),('sdf','123','f'),('yu','yu',NULL);
/*!40000 ALTER TABLE `user` ENABLE KEYS */;
UNLOCK TABLES;

--
-- Table structure for table `userinfo`
--

DROP TABLE IF EXISTS `userinfo`;
/*!40101 SET @saved_cs_client     = @@character_set_client */;
/*!50503 SET character_set_client = utf8mb4 */;
CREATE TABLE `userinfo` (
  `useremail` varchar(45) NOT NULL,
  `username` varchar(10) DEFAULT NULL,
  `userpw` varchar(45) DEFAULT NULL,
  `usertel` varchar(45) DEFAULT NULL,
  `useraddress` varchar(45) DEFAULT NULL,
  `useraddressdetail` varchar(45) DEFAULT NULL,
  `userinsertdate` date DEFAULT NULL,
  `userdeletedate` date DEFAULT NULL,
  PRIMARY KEY (`useremail`)
) ENGINE=InnoDB DEFAULT CHARSET=utf8;
/*!40101 SET character_set_client = @saved_cs_client */;

--
-- Dumping data for table `userinfo`
--

LOCK TABLES `userinfo` WRITE;
/*!40000 ALTER TABLE `userinfo` DISABLE KEYS */;
/*!40000 ALTER TABLE `userinfo` ENABLE KEYS */;
UNLOCK TABLES;
/*!40103 SET TIME_ZONE=@OLD_TIME_ZONE */;

/*!40101 SET SQL_MODE=@OLD_SQL_MODE */;
/*!40014 SET FOREIGN_KEY_CHECKS=@OLD_FOREIGN_KEY_CHECKS */;
/*!40014 SET UNIQUE_CHECKS=@OLD_UNIQUE_CHECKS */;
/*!40101 SET CHARACTER_SET_CLIENT=@OLD_CHARACTER_SET_CLIENT */;
/*!40101 SET CHARACTER_SET_RESULTS=@OLD_CHARACTER_SET_RESULTS */;
/*!40101 SET COLLATION_CONNECTION=@OLD_COLLATION_CONNECTION */;
/*!40111 SET SQL_NOTES=@OLD_SQL_NOTES */;

-- Dump completed on 2021-01-18  9:36:01
